dag_id,task_id,task_type,dag_submit_ms,task_ready_ms,scheduled_ms,start_ms,finish_ms,tier,datacenter_id,vm_id,duration_ms,length_mi,proj_edge_sec,proj_cloud_sec,input_bytes,output_bytes,gpu_mem_mb,gpu_util,queue_wait_ms,net_propagation_ms,net_tx_ms,net_total_ms
dag_1b8611f4a71b4f21,vae_encode_72830bc5,vae_encode,216800,216800.00,216800.00,216801.45,220586.10,1,13,14,377.35,3773,3.773,0.377,723071324,72307132,1379.15,0.48,0.00,-1,-1,0.00
dag_1b8611f4a71b4f21,unet_denoise_71de2519,unet_denoise,216800,220586.10,220586.10,220587.53,228576.15,1,10,8,797.79,7977,7.977,0.798,2876786777,287678677,5487.04,0.50,0.00,-1,-1,0.00
dag_1b8611f4a71b4f21,sampler_e9fe71a9,sampler,216800,228576.15,228576.15,228577.58,229176.22,1,13,14,58.78,587,0.587,0.059,525081922,52508192,1001.51,0.90,0.00,-1,-1,0.00
dag_1b8611f4a71b4f21,unet_denoise_d2175cb3,unet_denoise,216800,229176.22,229176.22,229177.65,239464.27,1,10,8,1028.57,10285,10.285,1.029,4298350575,429835057,8198.45,0.68,0.00,-1,-1,0.00
dag_1b8611f4a71b4f21,sampler_49b69012,sampler,216800,239464.27,239464.27,239465.70,239874.32,1,13,14,39.78,397,0.397,0.040,347823740,34782374,663.42,0.57,0.00,-1,-1,0.00
dag_1b8611f4a71b4f21,unet_denoise_dde08d28,unet_denoise,216800,239874.32,239874.32,239875.76,247355.39,1,8,4,746.90,7468,7.468,0.747,3465645147,346564514,6610.19,0.82,0.00,-1,-1,0.00
dag_475c47767ca54a4b,lora_load_c6dd2533,lora_load,239931,239931.00,247355.39,247356.84,316393.48,1,10,8,6902.57,69025,69.025,6.903,1029617078,102961707,1963.84,0.67,0.00,-1,-1,0.00
dag_1b8611f4a71b4f21,sampler_2fcae6b9,sampler,216800,247355.39,316393.48,316514.10,316697.76,2,1000,16,60.25,602,0.602,0.060,432518111,43251811,824.96,0.94,0.00,-1,-1,0.00
dag_b239d297ae404d86,vae_encode_a0bedb07,vae_encode,257964,257964.00,316697.76,316699.19,321486.80,1,8,4,477.68,4776,4.776,0.478,880158038,88015803,1678.77,0.95,0.00,-1,-1,0.00
dag_1f23f3a4c41b4836,vae_encode_2b042424,vae_encode,290674,290674.00,321486.80,321488.24,326344.87,1,6,0,485.59,4855,4.855,0.486,1148362557,114836255,2190.33,0.46,0.00,-1,-1,0.00
dag_4e1a04d2655541f2,vae_encode_67da2d7b,vae_encode,309538,309538.00,326344.87,326346.31,331229.93,1,11,10,487.22,4872,4.872,0.487,1264057418,126405741,2411.00,0.84,0.00,-1,-1,0.00
dag_ad36e74386b9411c,vae_encode_6c26937b,vae_encode,311979,311979.00,331229.93,331231.37,335517.99,1,10,8,427.53,4275,4.275,0.428,1051247395,105124739,2005.10,0.87,0.00,-1,-1,0.00
dag_475c47767ca54a4b,vae_encode_24f43c7e,vae_encode,239931,316393.48,335517.99,335519.43,340126.05,1,8,4,459.59,4595,4.595,0.460,1584259936,158425993,3021.74,0.80,0.00,-1,-1,0.00
dag_1b8611f4a71b4f21,unet_denoise_80d5d709,unet_denoise,216800,316697.76,340126.05,340127.49,349862.12,1,13,14,972.38,9723,9.723,0.972,4720396556,472039655,9003.44,0.51,0.00,-1,-1,0.00
dag_b239d297ae404d86,unet_denoise_e6b14dc3,unet_denoise,257964,321486.80,349862.12,349863.54,360261.15,1,10,8,1038.66,10386,10.386,1.039,3984654611,398465461,7600.13,0.60,0.00,-1,-1,0.00
dag_1f23f3a4c41b4836,unet_denoise_aeed2a77,unet_denoise,290674,326344.87,360261.15,360262.58,364857.21,1,10,8,458.35,4583,4.583,0.458,2747964327,274796432,5241.33,0.79,0.00,-1,-1,0.00
dag_4e1a04d2655541f2,unet_denoise_5f635b4b,unet_denoise,309538,331229.93,364857.21,364858.64,371379.27,1,10,8,650.94,6509,6.509,0.651,2483533445,248353344,4736.96,0.86,0.00,-1,-1,0.00
dag_ad36e74386b9411c,unet_denoise_1fb6ae03,unet_denoise,311979,335517.99,371379.27,371499.96,371802.01,2,1000,16,178.59,1785,1.785,0.179,3578734888,357873488,6825.90,0.77,0.00,-1,-1,0.00
dag_475c47767ca54a4b,unet_denoise_3ccf840c,unet_denoise,239931,340126.05,371802.01,371803.44,390784.07,1,8,4,1897.91,18979,18.979,1.898,2568382019,256838201,4898.80,0.69,0.00,-1,-1,0.00
dag_1b8611f4a71b4f21,sampler_9e58992c,sampler,216800,349862.12,390784.07,390785.51,391335.14,1,8,4,53.85,538,0.538,0.054,475460051,47546005,906.87,0.85,0.00,-1,-1,0.00
dag_b239d297ae404d86,sampler_1a33c924,sampler,257964,360261.15,391335.14,391455.83,391635.88,2,1000,16,56.55,565,0.565,0.057,168155349,16815534,320.73,0.80,0.00,-1,-1,0.00
dag_1f52bd4c90834fa8,vae_encode_a7e2c27b,vae_encode,360567,360567.00,391635.88,391637.31,394970.95,1,8,4,332.23,3322,3.322,0.332,879935420,87993542,1678.34,0.57,0.00,-1,-1,0.00
dag_38ec206859024673,vae_encode_09009e53,vae_encode,364301,364301.00,394970.95,394972.37,401172.99,1,11,10,618.95,6189,6.189,0.619,976119765,97611976,1861.80,0.47,0.00,-1,-1,0.00
dag_1f23f3a4c41b4836,sampler_d3e132f3,sampler,290674,364857.21,401172.99,401293.68,401444.43,2,1000,16,27.23,272,0.272,0.027,268348598,26834859,511.83,0.68,0.00,-1,-1,0.00
dag_4e1a04d2655541f2,sampler_993ac14b,sampler,309538,371379.27,401444.43,401445.86,401908.50,1,6,0,46.16,461,0.461,0.046,510492959,51049295,973.69,0.86,0.00,-1,-1,0.00
dag_ad36e74386b9411c,sampler_e6fae7c4,sampler,311979,371802.01,401908.50,402029.19,402166.33,2,1000,16,13.67,136,0.136,0.014,793002845,79300284,1512.53,0.93,0.00,-1,-1,0.00
dag_475c47767ca54a4b,sampler_b9642b60,sampler,239931,390784.07,402166.33,402167.77,403525.39,1,8,4,134.68,1346,1.346,0.135,525542908,52554290,1002.39,0.62,0.00,-1,-1,0.00
dag_1b8611f4a71b4f21,unet_denoise_d7a83f41,unet_denoise,216800,391335.14,403525.39,403526.82,412220.43,1,10,8,868.22,8682,8.682,0.868,3418958073,341895807,6521.15,0.86,0.00,-1,-1,0.00
dag_b239d297ae404d86,unet_denoise_f98a6a57,unet_denoise,257964,391635.88,412220.43,412221.85,420697.47,1,7,2,846.43,8464,8.464,0.846,3176481358,317648135,6058.66,0.87,0.00,-1,-1,0.00
dag_1f52bd4c90834fa8,unet_denoise_640660b7,unet_denoise,360567,394970.95,420697.47,420698.90,424089.54,1,7,2,337.92,3379,3.379,0.338,2651589542,265158954,5057.51,0.57,0.00,-1,-1,0.00
dag_38ec206859024673,unet_denoise_c6d7a596,unet_denoise,364301,401172.99,424089.54,424090.97,435039.59,1,8,4,1094.74,10947,10.947,1.095,2839536263,283953626,5415.99,0.68,0.00,-1,-1,0.00
dag_1f23f3a4c41b4836,unet_denoise_faec55b9,unet_denoise,290674,401444.43,435039.59,435041.02,439288.64,1,6,0,423.62,4236,4.236,0.424,4222256335,422225633,8053.31,0.93,0.00,-1,-1,0.00
dag_ad36e74386b9411c,unet_denoise_bd9f92d5,unet_denoise,311979,402166.33,447179.06,447180.50,449113.14,1,9,6,192.15,1921,1.921,0.192,3294587144,329458714,6283.93,0.80,0.00,-1,-1,0.00
dag_475c47767ca54a4b,unet_denoise_3524c191,unet_denoise,239931,403525.39,449113.14,449114.58,466069.22,1,13,14,1694.36,16943,16.943,1.694,2081748508,208174850,3970.62,0.70,0.00,-1,-1,0.00
dag_c4506bff0691461e,vae_encode_6d675724,vae_encode,411601,411601.00,466069.22,466070.64,469728.26,1,10,8,364.62,3646,3.646,0.365,1185256253,118525625,2260.70,0.50,0.00,-1,-1,0.00
dag_1b8611f4a71b4f21,sampler_7a7721b5,sampler,216800,412220.43,469728.26,469729.70,470323.34,1,9,6,58.26,582,0.582,0.058,404395605,40439560,771.32,0.63,0.00,-1,-1,0.00
dag_b239d297ae404d86,sampler_2c1f007b,sampler,257964,420697.47,470323.34,470324.78,470890.42,1,8,4,56.46,564,0.564,0.056,691380094,69138009,1318.70,0.64,0.00,-1,-1,0.00
dag_26efd09e7e754609,vae_encode_51aaa863,vae_encode,421232,421232.00,470890.42,470891.85,476199.49,1,7,2,529.62,5296,5.296,0.530,1146217998,114621799,2186.24,0.85,0.00,-1,-1,0.00
dag_1f52bd4c90834fa8,sampler_d0470286,sampler,360567,424089.54,476199.49,476200.91,476472.53,1,7,2,26.01,260,0.260,0.026,485596023,48559602,926.20,0.54,0.00,-1,-1,0.00
dag_38ec206859024673,sampler_4bb0c7a8,sampler,364301,435039.59,476472.53,476473.97,477331.62,1,11,10,84.61,846,0.846,0.085,522700943,52270094,996.97,0.76,0.00,-1,-1,0.00
dag_1f23f3a4c41b4836,sampler_8da512d6,sampler,290674,439288.64,477331.62,477333.06,477590.71,1,9,6,24.60,246,0.246,0.025,429795180,42979518,819.77,0.83,0.00,-1,-1,0.00
dag_5d27d0b9ef574f30,vae_encode_1fd92ae8,vae_encode,445937,445937.00,477590.71,477592.15,483340.80,1,11,10,574.72,5747,5.747,0.575,929368965,92936896,1772.63,0.58,0.00,-1,-1,0.00
dag_ad36e74386b9411c,sampler_4332cde0,sampler,311979,449113.14,483340.80,483461.26,483597.31,2,1000,16,12.87,128,0.128,0.013,395672810,39567281,754.69,0.66,0.00,-1,-1,0.00
dag_475c47767ca54a4b,sampler_7254dd51,sampler,239931,466069.22,483597.31,483598.72,484935.33,1,8,4,132.59,1325,1.325,0.133,417659999,41765999,796.62,0.70,0.00,-1,-1,0.00
dag_c4506bff0691461e,unet_denoise_4f04227d,unet_denoise,411601,469728.26,484935.33,485055.70,485470.22,2,1000,16,291.40,2914,2.914,0.291,3138419207,313841920,5986.06,0.66,0.00,-1,-1,0.00
dag_1b8611f4a71b4f21,unet_denoise_e8dc29db,unet_denoise,216800,470323.34,485470.22,485471.66,492723.29,1,10,8,724.00,7240,7.240,0.724,2831819624,283181962,5401.27,0.68,0.00,-1,-1,0.00
dag_b239d297ae404d86,unet_denoise_3a8a125c,unet_denoise,257964,470890.42,492723.29,492724.73,502215.37,1,7,2,947.94,9479,9.479,0.948,2123581642,212358164,4050.41,0.43,0.00,-1,-1,0.00
dag_26efd09e7e754609,unet_denoise_df36da27,unet_denoise,421232,476199.49,502215.37,502216.81,509061.44,1,12,12,683.38,6833,6.833,0.683,3170835788,317083578,6047.89,0.56,0.00,-1,-1,0.00
dag_1f52bd4c90834fa8,unet_denoise_5d6f3213,unet_denoise,360567,476472.53,509061.44,509062.89,512871.54,1,11,10,379.79,3797,3.797,0.380,1804239849,180423984,3441.31,0.60,0.00,-1,-1,0.00
dag_38ec206859024673,unet_denoise_e28a9082,unet_denoise,364301,477331.62,512871.54,512872.97,524806.61,1,8,4,1192.28,11922,11.922,1.192,3425347152,342534715,6533.33,0.59,0.00,-1,-1,0.00
dag_1f23f3a4c41b4836,unet_denoise_eae9314a,unet_denoise,290674,477590.71,524806.61,524927.33,525489.92,2,1000,16,439.05,4390,4.390,0.439,3878560491,387856049,7397.77,0.66,0.00,-1,-1,0.00
dag_5d27d0b9ef574f30,unet_denoise_1510e3e3,unet_denoise,445937,483340.80,525489.92,525610.41,526503.20,2,1000,16,769.59,7695,7.695,0.770,4422430161,442243016,8435.12,0.83,0.00,-1,-1,0.00
dag_ad36e74386b9411c,unet_denoise_beeb27d4,unet_denoise,311979,483597.31,526503.20,526504.65,528343.30,1,12,12,182.79,1827,1.827,0.183,3384074669,338407466,6454.61,0.49,0.00,-1,-1,0.00
dag_475c47767ca54a4b,unet_denoise_c9740c45,unet_denoise,239931,484935.33,528343.30,528344.74,544656.37,1,10,8,1631.05,16310,16.310,1.631,2815095005,281509500,5369.37,0.81,0.00,-1,-1,0.00
dag_c4506bff0691461e,sampler_279aa1fa,sampler,411601,485470.22,544656.37,544657.80,544863.42,1,10,8,19.43,194,0.194,0.019,582918213,58291821,1111.83,0.68,0.00,-1,-1,0.00
dag_1b8611f4a71b4f21,sampler_110adc5b,sampler,216800,492723.29,544863.42,544864.85,545481.48,1,11,10,60.58,605,0.605,0.061,388690639,38869063,741.37,0.50,0.00,-1,-1,0.00
dag_b239d297ae404d86,sampler_612bef26,sampler,257964,502215.37,545481.48,545482.93,546089.58,1,13,14,59.52,595,0.595,0.060,647815488,64781548,1235.61,0.57,0.00,-1,-1,0.00
dag_26efd09e7e754609,sampler_8f40bfac,sampler,421232,509061.44,546089.58,546091.02,546572.65,1,11,10,47.04,470,0.470,0.047,320791589,32079158,611.86,0.52,0.00,-1,-1,0.00
dag_1f52bd4c90834fa8,sampler_59372427,sampler,360567,512871.54,546572.65,546574.09,546864.73,1,8,4,27.98,279,0.279,0.028,449246168,44924616,856.87,0.48,0.00,-1,-1,0.00
dag_38ec206859024673,sampler_de0e3835,sampler,364301,524806.61,546864.73,546866.17,547584.81,1,8,4,70.76,707,0.707,0.071,381712983,38171298,728.06,0.76,0.00,-1,-1,0.00
dag_1f23f3a4c41b4836,sampler_b9bb9d0a,sampler,290674,525489.92,547584.81,547586.25,547928.89,1,12,12,33.11,331,0.331,0.033,431332598,43133259,822.70,0.81,0.00,-1,-1,0.00
dag_5d27d0b9ef574f30,sampler_116d139a,sampler,445937,526503.20,547928.89,548049.64,548228.88,2,1000,16,55.60,556,0.556,0.056,481771595,48177159,918.91,0.50,0.00,-1,-1,0.00
dag_ad36e74386b9411c,sampler_8625ecf9,sampler,311979,528343.30,548228.88,548230.30,548380.91,1,12,12,13.98,139,0.139,0.014,487229980,48722998,929.32,0.77,0.00,-1,-1,0.00
dag_2ef9fa6af23a4570,vae_encode_2a4f788b,vae_encode,531091,531091.00,548380.91,548382.35,554469.99,1,8,4,607.66,6076,6.076,0.608,1105957123,110595712,2109.45,0.65,0.00,-1,-1,0.00
dag_475c47767ca54a4b,sampler_1792afd7,sampler,239931,544656.37,554469.99,554471.42,555659.06,1,6,0,117.66,1176,1.176,0.118,382285763,38228576,729.15,0.82,0.00,-1,-1,0.00
dag_c4506bff0691461e,unet_denoise_a2378a33,unet_denoise,411601,544863.42,555659.06,555660.51,558555.16,1,7,2,289.36,2893,2.893,0.289,2811112428,281111242,5361.77,0.57,0.00,-1,-1,0.00
dag_1b8611f4a71b4f21,unet_denoise_941b1edf,unet_denoise,216800,545481.48,558555.16,558556.59,566836.23,1,7,2,826.87,8268,8.268,0.827,2073709093,207370909,3955.29,0.69,0.00,-1,-1,0.00
dag_b239d297ae404d86,unet_denoise_71b676c9,unet_denoise,257964,546089.58,566836.23,566837.68,575029.33,1,12,12,818.03,8180,8.180,0.818,1850550527,185055052,3529.65,0.58,0.00,-1,-1,0.00
dag_26efd09e7e754609,unet_denoise_30426bc3,unet_denoise,421232,546572.65,575029.33,575030.76,582058.39,1,10,8,701.63,7016,7.016,0.702,2366019113,236601911,4512.82,0.49,0.00,-1,-1,0.00
dag_1f52bd4c90834fa8,unet_denoise_fd2fcfab,unet_denoise,360567,546864.73,582058.39,582059.82,585469.46,1,13,14,339.82,3398,3.398,0.340,2426759358,242675935,4628.68,0.93,0.00,-1,-1,0.00
dag_38ec206859024673,unet_denoise_e143300a,unet_denoise,364301,547584.81,585469.46,585470.89,597708.53,1,12,12,1222.69,12226,12.226,1.223,4770337907,477033790,9098.70,0.62,0.00,-1,-1,0.00
dag_1f23f3a4c41b4836,unet_denoise_39669159,unet_denoise,290674,547928.89,597708.53,597709.95,601812.57,1,12,12,409.16,4091,4.091,0.409,2835751433,283575143,5408.77,0.66,0.00,-1,-1,0.00
dag_5d27d0b9ef574f30,unet_denoise_f959f80d,unet_denoise,445937,548228.88,601812.57,601814.01,609183.65,1,13,14,735.90,7358,7.358,0.736,3147329776,314732977,6003.06,0.63,0.00,-1,-1,0.00
dag_ad36e74386b9411c,unet_denoise_f103ebd1,unet_denoise,311979,548380.91,609183.65,609185.09,611243.74,1,6,0,204.76,2047,2.047,0.205,3129847027,312984702,5969.71,0.82,0.00,-1,-1,0.00
dag_2ef9fa6af23a4570,unet_denoise_7d664687,unet_denoise,531091,554469.99,611243.74,611245.17,618856.80,1,11,10,760.00,7600,7.600,0.760,3609836083,360983608,6885.22,0.89,0.00,-1,-1,0.00
dag_475c47767ca54a4b,unet_denoise_2b2ec45c,unet_denoise,239931,555659.06,618856.80,618858.25,637122.89,1,7,2,1826.31,18263,18.263,1.826,4269973826,426997382,8144.33,0.74,0.00,-1,-1,0.00
dag_c4506bff0691461e,sampler_b33fee36,sampler,411601,558555.16,637122.89,637124.33,637346.97,1,13,14,21.14,211,0.211,0.021,375595369,37559536,716.39,0.87,0.00,-1,-1,0.00
dag_1b8611f4a71b4f21,sampler_41fdec34,sampler,216800,566836.23,637346.97,637348.39,637975.01,1,8,4,61.53,615,0.615,0.062,578503741,57850374,1103.41,0.70,0.00,-1,-1,0.00
dag_b239d297ae404d86,sampler_f9c55236,sampler,257964,575029.33,637975.01,637976.43,638464.04,1,7,2,47.68,476,0.476,0.048,487712165,48771216,930.24,0.90,0.00,-1,-1,0.00
dag_26efd09e7e754609,sampler_d2d1ecd8,sampler,421232,582058.39,638464.04,638465.47,638893.09,1,8,4,42.68,426,0.426,0.043,694819750,69481975,1325.26,0.48,0.00,-1,-1,0.00
dag_1f52bd4c90834fa8,sampler_9bc00bb9,sampler,360567,585469.46,638893.09,638894.52,639196.15,1,7,2,29.04,290,0.290,0.029,580969389,58096938,1108.11,0.82,0.00,-1,-1,0.00
dag_38ec206859024673,sampler_254235bb,sampler,364301,597708.53,639196.15,639197.58,639905.20,1,12,12,69.67,696,0.696,0.070,769043007,76904300,1466.83,0.60,0.00,-1,-1,0.00
dag_1f23f3a4c41b4836,sampler_eca7786f,sampler,290674,601812.57,639905.20,639906.64,640201.29,1,12,12,28.31,283,0.283,0.028,599862476,59986247,1144.15,0.53,0.00,-1,-1,0.00
dag_5d27d0b9ef574f30,sampler_05bfd80a,sampler,445937,609183.65,640201.29,640202.72,640613.35,1,6,0,39.92,399,0.399,0.040,601886080,60188608,1148.01,0.46,0.00,-1,-1,0.00
dag_ad36e74386b9411c,sampler_e377a0c2,sampler,311979,611243.74,640613.35,640614.80,640757.44,1,10,8,13.18,131,0.131,0.013,604207813,60420781,1152.43,0.41,0.00,-1,-1,0.00
dag_2ef9fa6af23a4570,sampler_09b88a6d,sampler,531091,618856.80,640757.44,640758.88,641280.52,1,13,14,51.04,510,0.510,0.051,507137171,50713717,967.29,0.62,0.00,-1,-1,0.00
dag_475c47767ca54a4b,sampler_d0573398,sampler,239931,637122.89,641280.52,641281.95,642304.58,1,7,2,101.12,1011,1.011,0.101,444863681,44486368,848.51,0.68,0.00,-1,-1,0.00
dag_c4506bff0691461e,unet_denoise_042201e7,unet_denoise,411601,637346.97,642304.58,642306.03,645579.67,1,11,10,326.21,3262,3.262,0.326,2486833384,248683338,4743.26,0.46,0.00,-1,-1,0.00
dag_1b8611f4a71b4f21,unet_denoise_e53eb9bb,unet_denoise,216800,637975.01,645579.67,645581.11,653581.75,1,6,0,799.92,7999,7.999,0.800,2372165553,237216555,4524.55,0.83,0.00,-1,-1,0.00
dag_b239d297ae404d86,unet_denoise_9bb7451d,unet_denoise,257964,638464.04,653581.75,653583.20,662386.85,1,7,2,880.21,8802,8.802,0.880,2825238228,282523822,5388.71,0.59,0.00,-1,-1,0.00
dag_0605d9f01775453c,lora_load_70403357,lora_load,638666,638666.00,662386.85,662507.77,667850.22,2,1000,16,5218.60,52186,52.186,5.219,1275173849,127517384,2432.20,0.57,0.00,-1,-1,0.00
dag_26efd09e7e754609,unet_denoise_dc6e7012,unet_denoise,421232,638893.09,667850.22,667971.15,668851.60,2,1000,16,756.63,7566,7.566,0.757,5052532695,505253269,9636.94,0.66,0.00,-1,-1,0.00
dag_1f52bd4c90834fa8,unet_denoise_fb130fd9,unet_denoise,360567,639196.15,668851.60,668972.12,669473.26,2,1000,16,377.89,3778,3.778,0.378,3582410117,358241011,6832.91,0.93,0.00,-1,-1,0.00
dag_38ec206859024673,unet_denoise_45178e44,unet_denoise,364301,639905.20,669473.26,669474.70,681187.34,1,12,12,1170.18,11701,11.701,1.170,3784938211,378493821,7219.20,0.68,0.00,-1,-1,0.00
dag_1f23f3a4c41b4836,unet_denoise_ea800dc1,unet_denoise,290674,640201.29,681187.34,681188.78,685947.42,1,6,0,474.76,4747,4.747,0.475,2200595726,220059572,4197.30,0.92,0.00,-1,-1,0.00
dag_5d27d0b9ef574f30,unet_denoise_5924bb2e,unet_denoise,445937,640613.35,685947.42,685948.86,693824.50,1,8,4,786.44,7864,7.864,0.786,2863123153,286312315,5460.97,0.94,0.00,-1,-1,0.00
dag_ad36e74386b9411c,unet_denoise_19a78137,unet_denoise,311979,640757.44,693824.50,693825.95,695751.60,1,6,0,191.41,1914,1.914,0.191,4830775109,483077510,9213.97,0.87,0.00,-1,-1,0.00
dag_2ef9fa6af23a4570,unet_denoise_ff0f2c52,unet_denoise,531091,641280.52,695751.60,695753.02,705975.64,1,11,10,1021.19,10211,10.211,1.021,3770381884,377038188,7191.43,0.60,0.00,-1,-1,0.00
dag_475c47767ca54a4b,unet_denoise_a5b60fb1,unet_denoise,239931,642304.58,705975.64,705977.07,723124.70,1,7,2,1713.67,17136,17.136,1.714,2123750258,212375025,4050.73,0.80,0.00,-1,-1,0.00
dag_c4506bff0691461e,sampler_19b534f8,sampler,411601,645579.67,723124.70,723126.14,723345.78,1,12,12,20.86,208,0.208,0.021,677203433,67720343,1291.66,0.50,0.00,-1,-1,0.00
dag_1b8611f4a71b4f21,sampler_41329002,sampler,216800,653581.75,723345.78,723347.22,723925.86,1,8,4,56.76,567,0.567,0.057,728027710,72802771,1388.60,0.94,0.00,-1,-1,0.00
dag_b239d297ae404d86,sampler_e8f9e337,sampler,257964,662386.85,723925.86,723927.28,724500.90,1,12,12,57.24,572,0.572,0.057,415078018,41507801,791.70,0.66,0.00,-1,-1,0.00
dag_7aa23edc3f9b4d7f,vae_encode_6e31138c,vae_encode,663547,663547.00,724500.90,724502.35,729581.00,1,6,0,506.80,5067,5.067,0.507,1062688052,106268805,2026.92,0.44,0.00,-1,-1,0.00
dag_3d98a7542f9e4c06,base_model_load_a29755ae,base_model_load,665144,665144.00,729581.00,729582.44,881771.09,1,9,6,15217.70,152177,152.177,15.218,3318938975,331893897,6330.37,0.65,0.00,-1,-1,0.00
dag_0605d9f01775453c,vae_encode_d3ca5fc7,vae_encode,638666,667850.22,881771.09,881772.54,886166.18,1,9,6,438.26,4382,4.382,0.438,1014940954,101494095,1935.85,0.68,0.00,-1,-1,0.00
dag_26efd09e7e754609,sampler_bf3ed888,sampler,421232,668851.60,886166.18,886167.63,886664.28,1,13,14,48.55,485,0.485,0.049,677715665,67771566,1292.64,0.46,0.00,-1,-1,0.00
dag_1f52bd4c90834fa8,sampler_fedcc682,sampler,360567,669473.26,886664.28,886665.72,886958.37,1,13,14,28.17,281,0.281,0.028,715733753,71573375,1365.15,0.74,0.00,-1,-1,0.00
dag_4afcd44eea2e4627,vae_encode_6d18102c,vae_encode,677740,677740.00,886958.37,886959.82,891412.46,1,13,14,444.11,4441,4.441,0.444,940495172,94049517,1793.85,0.54,0.00,-1,-1,0.00
dag_38ec206859024673,sampler_bdf7d8bb,sampler,364301,681187.34,891412.46,891413.91,892166.55,1,13,14,74.17,741,0.741,0.074,314473556,31447355,599.81,0.71,0.00,-1,-1,0.00
dag_1f23f3a4c41b4836,sampler_02b88a26,sampler,290674,685947.42,892166.55,892167.99,892508.62,1,13,14,32.97,329,0.329,0.033,586304455,58630445,1118.29,0.60,0.00,-1,-1,0.00
dag_5d27d0b9ef574f30,sampler_99f28bca,sampler,445937,693824.50,892508.62,892510.07,893084.71,1,6,0,56.38,563,0.563,0.056,399949859,39994985,762.84,0.40,0.00,-1,-1,0.00
dag_1ce8e12b1d2d4aba,vae_encode_5db213d7,vae_encode,693862,693862.00,893084.71,893086.16,896235.80,1,9,6,313.83,3138,3.138,0.314,1262054146,126205414,2407.18,0.93,0.00,-1,-1,0.00
dag_ad36e74386b9411c,sampler_92a94661,sampler,311979,695751.60,896235.80,896237.23,896359.86,1,11,10,11.18,111,0.111,0.011,304690391,30469039,581.15,0.77,0.00,-1,-1,0.00
dag_2ef9fa6af23a4570,sampler_c5608eff,sampler,531091,705975.64,896359.86,896361.28,896884.90,1,13,14,51.24,512,0.512,0.051,779666251,77966625,1487.10,0.62,0.00,-1,-1,0.00
dag_475c47767ca54a4b,sampler_97f7e53f,sampler,239931,723124.70,896884.90,897005.76,897244.13,2,1000,16,114.68,1146,1.146,0.115,445173256,44517325,849.10,0.46,0.00,-1,-1,0.00
dag_c4506bff0691461e,unet_denoise_7c637476,unet_denoise,411601,723345.78,897244.13,897245.57,900598.21,1,7,2,334.12,3341,3.341,0.334,4241257105,424125710,8089.56,0.65,0.00,-1,-1,0.00
dag_1b8611f4a71b4f21,unet_denoise_c3120915,unet_denoise,216800,723925.86,900598.21,900599.65,908218.29,1,6,0,761.78,7617,7.617,0.762,3108160831,310816083,5928.35,0.57,0.00,-1,-1,0.00
dag_7aa23edc3f9b4d7f,unet_denoise_4f171e81,unet_denoise,663547,729581.00,917197.72,917318.38,917986.38,2,1000,16,544.51,5445,5.445,0.545,1895096295,189509629,3614.61,0.42,0.00,-1,-1,0.00
dag_72c99ec3b9a54445,lora_load_5e3ef997,lora_load,788640,788640.00,917986.38,917987.81,957517.45,1,6,0,3951.87,39518,39.518,3.952,1049185644,104918564,2001.16,0.74,0.00,-1,-1,0.00
dag_f24b247ca10d45e2,lora_load_981a70df,lora_load,816931,816931.00,982681.88,982683.33,993683.98,1,10,8,1098.94,10989,10.989,1.099,871945857,87194585,1663.10,0.86,0.00,-1,-1,0.00
dag_c4fc9dded3924f0a,lora_load_836685b3,lora_load,832179,832179.00,993683.98,993685.41,1028515.03,1,13,14,3481.84,34818,34.818,3.482,1056098163,105609816,2014.35,0.94,0.00,-1,-1,0.00
dag_acef7e389a114bcc,lora_load_aa5a56f6,lora_load,833139,833139.00,1028515.03,1028516.46,1069879.10,1,10,8,4135.15,41351,41.351,4.135,1215519088,121551908,2318.42,0.75,0.00,-1,-1,0.00
dag_7eeaa25eb2024286,vae_encode_d5eb58da,vae_encode,846479,846479.00,1069879.10,1069880.53,1073998.17,1,8,4,410.64,4106,4.106,0.411,986156032,98615603,1880.94,0.62,0.00,-1,-1,0.00
dag_c939c36c249f4616,vae_encode_29fbf418,vae_encode,852984,852984.00,1073998.17,1073999.61,1078496.24,1,9,6,448.54,4485,4.485,0.449,702262086,70226208,1339.46,0.83,0.00,-1,-1,0.00
dag_475955bb70184b83,vae_encode_901edc3d,vae_encode,877914,877914.00,1078496.24,1078497.67,1084243.30,1,13,14,573.42,5734,5.734,0.573,1436359068,143635906,2739.64,0.83,0.00,-1,-1,0.00
dag_3d98a7542f9e4c06,vae_encode_91a29224,vae_encode,665144,881771.09,1084243.30,1084363.99,1085140.13,2,1000,16,652.64,6526,6.526,0.653,1438812543,143881254,2744.32,0.81,0.00,-1,-1,0.00
dag_0605d9f01775453c,unet_denoise_ae2adbd6,unet_denoise,638666,886166.18,1085140.13,1085141.57,1093406.20,1,13,14,825.36,8253,8.253,0.825,2305659097,230565909,4397.70,0.56,0.00,-1,-1,0.00
dag_26efd09e7e754609,unet_denoise_33aae4f6,unet_denoise,421232,886664.28,1093406.20,1093407.64,1100130.29,1,6,0,671.11,6711,6.711,0.671,4200388453,420038845,8011.61,0.47,0.00,-1,-1,0.00
dag_1f52bd4c90834fa8,unet_denoise_b4c112ed,unet_denoise,360567,886958.37,1100130.29,1100131.72,1103884.36,1,8,4,374.19,3741,3.741,0.374,3426733576,342673357,6535.98,0.92,0.00,-1,-1,0.00
dag_4afcd44eea2e4627,unet_denoise_de308ee4,unet_denoise,677740,891412.46,1103884.36,1104004.95,1104696.87,2,1000,16,568.52,5685,5.685,0.569,3601971601,360197160,6870.22,0.61,0.00,-1,-1,0.00
dag_38ec206859024673,unet_denoise_484e430f,unet_denoise,364301,892166.55,1104696.87,1104698.31,1116755.95,1,12,12,1204.67,12046,12.046,1.205,2383035647,238303564,4545.28,0.45,0.00,-1,-1,0.00
dag_1f23f3a4c41b4836,unet_denoise_b0270f61,unet_denoise,290674,892508.62,1116755.95,1116757.38,1121541.00,1,9,6,477.29,4772,4.772,0.477,2990009486,299000948,5702.99,0.87,0.00,-1,-1,0.00
dag_5d27d0b9ef574f30,unet_denoise_9fbd9933,unet_denoise,445937,893084.71,1121541.00,1121542.44,1129176.07,1,11,10,763.22,7632,7.632,0.763,3521704864,352170486,6717.12,0.60,0.00,-1,-1,0.00
dag_1ce8e12b1d2d4aba,unet_denoise_aaabcda8,unet_denoise,693862,896235.80,1129176.07,1129177.50,1147931.13,1,11,10,1874.22,18742,18.742,1.874,2813290685,281329068,5365.93,0.58,0.00,-1,-1,0.00
dag_ad36e74386b9411c,unet_denoise_9df8c647,unet_denoise,311979,896359.86,1147931.13,1147932.58,1149509.22,1,7,2,157.54,1575,1.575,0.158,2645135652,264513565,5045.20,0.77,0.00,-1,-1,0.00
dag_2ef9fa6af23a4570,unet_denoise_6fa223c6,unet_denoise,531091,896884.90,1149509.22,1149510.65,1157799.28,1,8,4,827.77,8277,8.277,0.828,4230932675,423093267,8069.86,0.70,0.00,-1,-1,0.00
dag_475c47767ca54a4b,unet_denoise_01bfa711,unet_denoise,239931,897244.13,1157799.28,1157800.72,1172476.37,1,9,6,1466.48,14664,14.664,1.466,2288922189,228892218,4365.77,0.51,0.00,-1,-1,0.00
dag_c4506bff0691461e,sampler_17705807,sampler,411601,900598.21,1172476.37,1172477.80,1172711.44,1,7,2,22.26,222,0.222,0.022,385222701,38522270,734.75,0.55,0.00,-1,-1,0.00
dag_1b8611f4a71b4f21,sampler_34fcdfea,sampler,216800,908218.29,1172711.44,1172712.87,1173226.50,1,8,4,51.29,512,0.512,0.051,802855300,80285530,1531.32,0.91,0.00,-1,-1,0.00
dag_7aa23edc3f9b4d7f,sampler_bfaf9d4a,sampler,663547,917986.38,1173226.50,1173227.94,1173577.57,1,11,10,34.83,348,0.348,0.035,467550719,46755071,891.78,0.53,0.00,-1,-1,0.00
dag_df9fc3aa30db4ac6,vae_encode_6d7a0694,vae_encode,955731,955731.00,1173577.57,1173579.01,1179098.64,1,9,6,551.83,5518,5.518,0.552,952617217,95261721,1816.97,0.93,0.00,-1,-1,0.00
dag_72c99ec3b9a54445,vae_encode_bf953bc4,vae_encode,788640,957517.45,1179098.64,1179100.07,1184256.69,1,13,14,514.56,5145,5.145,0.515,484124089,48412408,923.39,0.43,0.00,-1,-1,0.00
dag_f24b247ca10d45e2,vae_encode_4e4ee515,vae_encode,816931,993683.98,1184256.69,1184258.13,1190044.76,1,9,6,578.56,5785,5.785,0.579,750394785,75039478,1431.26,0.82,0.00,-1,-1,0.00
dag_79b32ae1f64043d1,lora_load_0e258ac2,lora_load,1020281,1020281.00,1190044.76,1190046.19,1226036.82,1,7,2,3597.91,35979,35.979,3.598,813596649,81359664,1551.81,0.84,0.00,-1,-1,0.00
dag_9c3a4b173dc84179,vae_encode_1cedd890,vae_encode,1024634,1024634.00,1226036.82,1226157.67,1226783.64,2,1000,16,502.28,5022,5.022,0.502,901577797,90157779,1719.62,0.82,0.00,-1,-1,0.00
dag_c4fc9dded3924f0a,vae_encode_ea2e5d66,vae_encode,832179,1028515.03,1226783.64,1226785.08,1233485.73,1,7,2,669.99,6699,6.699,0.670,1239675588,123967558,2364.49,0.63,0.00,-1,-1,0.00
dag_58e29ceb412c47dc,vae_encode_2ee50510,vae_encode,1045271,1045271.00,1237702.68,1237704.11,1242833.73,1,6,0,511.83,5118,5.118,0.512,1207741779,120774177,2303.58,0.49,0.00,-1,-1,0.00
dag_73f06810d4f94121,vae_encode_aa6666fe,vae_encode,1048269,1048269.00,1242833.73,1242835.17,1248164.82,1,13,14,531.83,5318,5.318,0.532,897847988,89784798,1712.51,0.49,0.00,-1,-1,0.00
dag_acef7e389a114bcc,vae_encode_7d275cfa,vae_encode,833139,1069879.10,1248164.82,1248166.27,1253072.93,1,11,10,489.53,4895,4.895,0.490,778227315,77822731,1484.35,0.93,0.00,-1,-1,0.00
dag_7eeaa25eb2024286,unet_denoise_2ad2f3a1,unet_denoise,846479,1073998.17,1253072.93,1253074.36,1258038.98,1,12,12,495.39,4953,4.953,0.495,3021827266,302182726,5763.68,0.77,0.00,-1,-1,0.00
dag_a7af186451ff4870,vae_encode_188325ab,vae_encode,1076091,1076091.00,1258038.98,1258040.43,1263089.07,1,11,10,503.74,5037,5.037,0.504,1343794014,134379401,2563.08,0.67,0.00,-1,-1,0.00
dag_c939c36c249f4616,unet_denoise_62f1b9fa,unet_denoise,852984,1078496.24,1263089.07,1263209.56,1263822.66,2,1000,16,489.87,4898,4.898,0.490,2882162300,288216230,5497.29,0.80,0.00,-1,-1,0.00
dag_475955bb70184b83,unet_denoise_31b67ada,unet_denoise,877914,1084243.30,1263822.66,1263824.08,1271503.70,1,13,14,766.89,7668,7.668,0.767,4020982990,402098299,7669.42,0.51,0.00,-1,-1,0.00
dag_3d98a7542f9e4c06,unet_denoise_6199284c,unet_denoise,665144,1085140.13,1271503.70,1271505.13,1279118.75,1,7,2,760.22,7602,7.602,0.760,1917181206,191718120,3656.73,0.69,0.00,-1,-1,0.00
dag_0605d9f01775453c,sampler_283d43f9,sampler,638666,1093406.20,1279118.75,1279120.18,1279894.81,1,11,10,77.35,773,0.773,0.077,421293230,42129323,803.55,0.51,0.00,-1,-1,0.00
dag_26efd09e7e754609,sampler_7225f257,sampler,421232,1100130.29,1279894.81,1279896.25,1280339.90,1,11,10,43.22,432,0.432,0.043,484274358,48427435,923.68,0.63,0.00,-1,-1,0.00
dag_1f52bd4c90834fa8,sampler_fd89c06e,sampler,360567,1103884.36,1280339.90,1280341.33,1280593.96,1,13,14,24.16,241,0.241,0.024,920743653,92074365,1756.18,0.85,0.00,-1,-1,0.00
dag_4afcd44eea2e4627,sampler_196e4b62,sampler,677740,1104696.87,1280593.96,1280595.41,1280977.07,1,13,14,37.03,370,0.370,0.037,639152176,63915217,1219.09,0.85,0.00,-1,-1,0.00
dag_38ec206859024673,sampler_2a91aebb,sampler,364301,1116755.95,1280977.07,1280978.51,1281889.16,1,6,0,89.92,899,0.899,0.090,261786943,26178694,499.32,0.52,0.00,-1,-1,0.00
dag_1f23f3a4c41b4836,sampler_6428bd4a,sampler,290674,1121541.00,1281889.16,1281890.60,1282219.25,1,13,14,31.71,317,0.317,0.032,462722670,46272267,882.57,0.53,0.00,-1,-1,0.00
dag_5d27d0b9ef574f30,sampler_e3f880c9,sampler,445937,1129176.07,1282219.25,1282220.68,1282766.31,1,7,2,53.49,534,0.534,0.053,343642200,34364220,655.45,0.86,0.00,-1,-1,0.00
dag_1ce8e12b1d2d4aba,sampler_1cc0f978,sampler,693862,1147931.13,1282766.31,1282767.76,1284080.42,1,9,6,130.19,1301,1.301,0.130,465438185,46543818,887.75,0.50,0.00,-1,-1,0.00
dag_ad36e74386b9411c,sampler_1aaf44e0,sampler,311979,1149509.22,1284080.42,1284081.85,1284202.48,1,11,10,11.92,119,0.119,0.012,542025243,54202524,1033.83,0.57,0.00,-1,-1,0.00
dag_2ef9fa6af23a4570,sampler_382a7cf1,sampler,531091,1157799.28,1284202.48,1284203.92,1284792.57,1,6,0,57.78,577,0.577,0.058,622922800,62292280,1188.13,0.46,0.00,-1,-1,0.00
dag_475c47767ca54a4b,sampler_1465755c,sampler,239931,1172476.37,1284792.57,1284794.03,1285887.68,1,12,12,108.21,1082,1.082,0.108,513044290,51304429,978.55,0.94,0.00,-1,-1,0.00
dag_c4506bff0691461e,unet_denoise_90bbd5a8,unet_denoise,411601,1172711.44,1285887.68,1285889.11,1289122.72,1,7,2,322.24,3222,3.222,0.322,3138682768,313868276,5986.56,0.81,0.00,-1,-1,0.00
dag_1b8611f4a71b4f21,unet_denoise_88f94bdf,unet_denoise,216800,1173226.50,1289122.72,1289124.16,1297300.78,1,6,0,816.60,8165,8.165,0.817,2952083389,295208338,5630.65,0.71,0.00,-1,-1,0.00
dag_7aa23edc3f9b4d7f,unet_denoise_1bf1d376,unet_denoise,663547,1173577.57,1297300.78,1297302.21,1304398.84,1,12,12,708.54,7085,7.085,0.709,2400806790,240080679,4579.18,0.84,0.00,-1,-1,0.00
dag_df9fc3aa30db4ac6,unet_denoise_2a035071,unet_denoise,955731,1179098.64,1304398.84,1304400.29,1313194.94,1,6,0,879.39,8793,8.793,0.879,1388247301,138824730,2647.87,0.51,0.00,-1,-1,0.00
dag_72c99ec3b9a54445,unet_denoise_f12ba6c4,unet_denoise,788640,1184256.69,1313194.94,1313196.36,1326334.98,1,12,12,1313.79,13137,13.137,1.314,2902510298,290251029,5536.10,0.93,0.00,-1,-1,0.00
dag_f24b247ca10d45e2,unet_denoise_98ce73b4,unet_denoise,816931,1190044.76,1326334.98,1326336.43,1337936.08,1,8,4,1158.82,11588,11.588,1.159,2998610312,299861031,5719.40,0.47,0.00,-1,-1,0.00
dag_79b32ae1f64043d1,vae_encode_74bc4feb,vae_encode,1020281,1226036.82,1337936.08,1337937.50,1342433.12,1,9,6,448.41,4484,4.484,0.448,977459822,97745982,1864.36,0.71,0.00,-1,-1,0.00
dag_9c3a4b173dc84179,unet_denoise_e492f0c1,unet_denoise,1024634,1226783.64,1342433.12,1342434.58,1350129.23,1,11,10,768.40,7683,7.683,0.768,2995973611,299597361,5714.37,0.77,0.00,-1,-1,0.00
dag_c4fc9dded3924f0a,unet_denoise_b151a739,unet_denoise,832179,1233485.73,1350129.23,1350130.65,1354922.26,1,13,14,479.09,4790,4.790,0.479,3271904788,327190478,6240.66,0.87,0.00,-1,-1,0.00
dag_44a26dab89444865,vae_encode_7017944b,vae_encode,1234450,1234450.00,1354922.26,1354923.69,1358020.32,1,6,0,308.55,3085,3.085,0.309,771185113,77118511,1470.92,0.45,0.00,-1,-1,0.00
dag_58e29ceb412c47dc,unet_denoise_f6d5c11d,unet_denoise,1045271,1242833.73,1358020.32,1358021.77,1362367.42,1,11,10,433.45,4334,4.334,0.433,2920017811,292001781,5569.49,0.83,0.00,-1,-1,0.00
dag_3ae1fe8af2dd4c57,vae_encode_3d666e98,vae_encode,1245010,1245010.00,1362367.42,1362368.86,1368282.49,1,7,2,590.20,5902,5.902,0.590,809664913,80966491,1544.31,0.45,0.00,-1,-1,0.00
dag_08f8fcebfe4549cd,vae_encode_99c04041,vae_encode,1245700,1245700.00,1368282.49,1368283.93,1373837.58,1,10,8,554.28,5542,5.542,0.554,519342150,51934215,990.57,0.50,0.00,-1,-1,0.00
dag_73f06810d4f94121,unet_denoise_5b5f1601,unet_denoise,1048269,1248164.82,1373837.58,1373839.01,1381438.64,1,7,2,758.88,7588,7.588,0.759,2944863956,294486395,5616.88,0.45,0.00,-1,-1,0.00
dag_acef7e389a114bcc,unet_denoise_ea0e93d6,unet_denoise,833139,1253072.93,1381438.64,1381440.07,1387115.70,1,8,4,567.49,5674,5.674,0.567,4989033237,498903323,9515.83,0.46,0.00,-1,-1,0.00
dag_06313785c32c493a,vae_encode_7462eba3,vae_encode,1253795,1253795.00,1387115.70,1387236.59,1387917.40,2,1000,16,557.04,5570,5.570,0.557,999735590,99973559,1906.84,0.58,0.00,-1,-1,0.00
dag_7eeaa25eb2024286,sampler_e32865f6,sampler,846479,1258038.98,1387917.40,1387918.83,1388283.46,1,10,8,35.32,353,0.353,0.035,446990405,44699040,852.57,0.90,0.00,-1,-1,0.00
dag_a7af186451ff4870,unet_denoise_cc64b9d7,unet_denoise,1076091,1263089.07,1388283.46,1388404.24,1389662.82,2,1000,16,1134.98,11349,11.349,1.135,2917997312,291799731,5565.64,0.88,0.00,-1,-1,0.00
dag_c939c36c249f4616,sampler_0eb96c26,sampler,852984,1263822.66,1389662.82,1389664.26,1390009.89,1,13,14,33.41,334,0.334,0.033,391450387,39145038,746.63,0.52,0.00,-1,-1,0.00
dag_475955bb70184b83,sampler_b11fada9,sampler,877914,1271503.70,1390009.89,1390011.32,1390519.95,1,10,8,49.79,497,0.497,0.050,366714989,36671498,699.45,0.82,0.00,-1,-1,0.00
dag_8cfdd12e5e9d49dd,vae_encode_55f639a1,vae_encode,1274319,1274319.00,1390519.95,1390640.91,1391136.41,2,1000,16,371.61,3716,3.716,0.372,1323808881,132380888,2524.97,0.42,0.00,-1,-1,0.00
dag_3d98a7542f9e4c06,sampler_eb3a039c,sampler,665144,1279118.75,1391136.41,1391137.85,1391601.49,1,11,10,45.28,452,0.452,0.045,681905738,68190573,1300.63,0.82,0.00,-1,-1,0.00
dag_0605d9f01775453c,unet_denoise_2091b20f,unet_denoise,638666,1279894.81,1391601.49,1391602.94,1400665.59,1,6,0,906.20,9061,9.061,0.906,2959216825,295921682,5644.26,0.78,0.00,-1,-1,0.00
dag_26efd09e7e754609,unet_denoise_3b6b5301,unet_denoise,421232,1280339.90,1400665.59,1400667.03,1408558.68,1,10,8,788.03,7880,7.880,0.788,3694974259,369497425,7047.60,0.75,0.00,-1,-1,0.00
dag_1f52bd4c90834fa8,unet_denoise_5cd85495,unet_denoise,360567,1280593.96,1408558.68,1408560.12,1412726.75,1,11,10,415.56,4155,4.155,0.416,3841913372,384191337,7327.87,0.85,0.00,-1,-1,0.00
dag_4afcd44eea2e4627,unet_denoise_577e3126,unet_denoise,677740,1280977.07,1412726.75,1412728.19,1418120.83,1,9,6,539.14,5391,5.391,0.539,3998456193,399845619,7626.45,0.53,0.00,-1,-1,0.00
dag_38ec206859024673,unet_denoise_0a98753e,unet_denoise,364301,1281889.16,1418120.83,1418122.26,1429942.89,1,11,10,1180.93,11809,11.809,1.181,2714324317,271432431,5177.16,0.47,0.00,-1,-1,0.00
dag_1f23f3a4c41b4836,unet_denoise_1b5ce7fa,unet_denoise,290674,1282219.25,1429942.89,1429944.34,1434607.99,1,7,2,466.29,4662,4.662,0.466,2635088722,263508872,5026.03,0.94,0.00,-1,-1,0.00
dag_5d27d0b9ef574f30,unet_denoise_af938fbd,unet_denoise,445937,1282766.31,1434607.99,1434609.43,1441101.07,1,9,6,649.08,6490,6.490,0.649,3628251476,362825147,6920.34,0.54,0.00,-1,-1,0.00
dag_1ce8e12b1d2d4aba,unet_denoise_b9b6113b,unet_denoise,693862,1284080.42,1441101.07,1441222.00,1443326.45,2,1000,16,1980.62,19806,19.806,1.981,3615553150,361555315,6896.12,0.83,0.00,-1,-1,0.00
dag_ad36e74386b9411c,unet_denoise_fd7de1d4,unet_denoise,311979,1284202.48,1443326.45,1443327.88,1445205.51,1,8,4,187.65,1876,1.876,0.188,2427011281,242701128,4629.16,0.54,0.00,-1,-1,0.00
dag_2ef9fa6af23a4570,unet_denoise_7576068a,unet_denoise,531091,1284792.57,1445205.51,1445326.07,1446170.55,2,1000,16,721.18,7211,7.211,0.721,3194227999,319422799,6092.51,0.80,0.00,-1,-1,0.00
dag_475c47767ca54a4b,unet_denoise_4c316490,unet_denoise,239931,1285887.68,1446170.55,1446171.98,1462249.61,1,10,8,1606.67,16066,16.066,1.607,2752223149,275222314,5249.45,0.45,0.00,-1,-1,0.00
dag_c4506bff0691461e,sampler_1ebc0b78,sampler,411601,1289122.72,1462249.61,1462251.06,1462460.70,1,6,0,19.85,198,0.198,0.020,378445299,37844529,721.83,0.58,0.00,-1,-1,0.00
dag_1b8611f4a71b4f21,sampler_c5423815,sampler,216800,1297300.78,1462460.70,1462462.15,1463015.81,1,7,2,54.27,542,0.542,0.054,543096282,54309628,1035.87,0.43,0.00,-1,-1,0.00
dag_7aa23edc3f9b4d7f,sampler_9695bf53,sampler,663547,1304398.84,1463015.81,1463017.25,1463475.90,1,7,2,45.75,457,0.457,0.046,508393092,50839309,969.68,0.62,0.00,-1,-1,0.00
dag_df9fc3aa30db4ac6,sampler_dc8e76b2,sampler,955731,1313194.94,1463475.90,1463477.31,1464130.93,1,9,6,64.29,642,0.642,0.064,482015907,48201590,919.37,0.86,0.00,-1,-1,0.00
dag_afc950e6813c4577,vae_encode_dfd88203,vae_encode,1318234,1318234.00,1464130.93,1464132.36,1468829.99,1,7,2,468.65,4686,4.686,0.469,738106047,73810604,1407.83,0.41,0.00,-1,-1,0.00
dag_72c99ec3b9a54445,sampler_a984d69c,sampler,788640,1326334.98,1468829.99,1468950.88,1469157.99,2,1000,16,83.38,833,0.833,0.083,526314303,52631430,1003.86,0.90,0.00,-1,-1,0.00
dag_f24b247ca10d45e2,sampler_ca3189c9,sampler,816931,1337936.08,1469157.99,1469159.42,1470027.04,1,10,8,86.68,866,0.866,0.087,427183129,42718312,814.79,0.70,0.00,-1,-1,0.00
dag_79b32ae1f64043d1,unet_denoise_544286a3,unet_denoise,1020281,1342433.12,1470027.04,1470028.47,1493173.10,1,6,0,2313.38,23133,23.133,2.313,3514381970,351438197,6703.15,0.95,0.00,-1,-1,0.00
dag_9c3a4b173dc84179,sampler_1f8f6016,sampler,1024634,1350129.23,1493173.10,1493293.69,1493460.60,2,1000,16,43.55,435,0.435,0.044,652394786,65239478,1244.34,0.69,0.00,-1,-1,0.00
dag_c4fc9dded3924f0a,sampler_9843c4a8,sampler,832179,1354922.26,1493460.60,1493462.05,1493752.69,1,8,4,27.95,279,0.279,0.028,546204989,54620498,1041.80,0.91,0.00,-1,-1,0.00
dag_44a26dab89444865,unet_denoise_1626e1c7,unet_denoise,1234450,1358020.32,1493752.69,1493754.11,1500045.73,1,9,6,628.09,6280,6.280,0.628,3733731924,373373192,7121.53,0.68,0.00,-1,-1,0.00
dag_58e29ceb412c47dc,sampler_5d1aea21,sampler,1045271,1362367.42,1500045.73,1500166.69,1500318.88,2,1000,16,28.32,283,0.283,0.028,433857623,43385762,827.52,0.55,0.00,-1,-1,0.00
dag_41e89bfae0694fb9,vae_encode_a2df3751,vae_encode,1367192,1367192.00,1500318.88,1500320.31,1506238.93,1,6,0,590.79,5907,5.907,0.591,1155856031,115585603,2204.62,0.78,0.00,-1,-1,0.00
dag_3ae1fe8af2dd4c57,unet_denoise_1cdc077a,unet_denoise,1245010,1368282.49,1506238.93,1506240.37,1516229.01,1,8,4,997.73,9977,9.977,0.998,3762326698,376232669,7176.07,0.56,0.00,-1,-1,0.00
dag_08f8fcebfe4549cd,unet_denoise_18e7e46b,unet_denoise,1245700,1373837.58,1516229.01,1516230.46,1522905.10,1,10,8,666.36,6663,6.663,0.666,2193919670,219391967,4184.57,0.50,0.00,-1,-1,0.00
dag_73f06810d4f94121,sampler_d4402bfe,sampler,1048269,1381438.64,1522905.10,1523026.03,1523194.18,2,1000,16,44.35,443,0.443,0.044,455709559,45570955,869.20,0.73,0.00,-1,-1,0.00
dag_acef7e389a114bcc,sampler_4bd57c11,sampler,833139,1387115.70,1523194.18,1523195.60,1523566.22,1,7,2,35.90,359,0.359,0.036,538677462,53867746,1027.45,0.90,0.00,-1,-1,0.00
dag_06313785c32c493a,unet_denoise_3d1c5eca,unet_denoise,1253795,1387917.40,1523566.22,1523567.67,1528187.32,1,6,0,460.89,4608,4.608,0.461,3869483725,386948372,7380.45,0.91,0.00,-1,-1,0.00
dag_7eeaa25eb2024286,unet_denoise_39b5930b,unet_denoise,846479,1388283.46,1528187.32,1528188.74,1532576.36,1,9,6,437.69,4376,4.376,0.438,2928228583,292822858,5585.15,0.94,0.00,-1,-1,0.00
dag_a7af186451ff4870,sampler_a3eced11,sampler,1076091,1389662.82,1532576.36,1532577.79,1533234.42,1,10,8,64.51,645,0.645,0.065,811435933,81143593,1547.69,0.54,0.00,-1,-1,0.00
dag_c939c36c249f4616,unet_denoise_74538d4a,unet_denoise,852984,1390009.89,1533234.42,1533235.86,1538147.51,1,8,4,490.05,4900,4.900,0.490,5436500257,543650025,10369.30,0.81,0.00,-1,-1,0.00
dag_475955bb70184b83,unet_denoise_83f01d54,unet_denoise,877914,1390519.95,1538147.51,1538148.94,1545368.55,1,11,10,720.81,7208,7.208,0.721,2096126679,209612667,3998.04,0.59,0.00,-1,-1,0.00
dag_8cfdd12e5e9d49dd,unet_denoise_c86c6c80,unet_denoise,1274319,1391136.41,1545368.55,1545370.00,1550332.65,1,8,4,495.18,4951,4.951,0.495,3313677760,331367776,6320.34,0.53,0.00,-1,-1,0.00
dag_3d98a7542f9e4c06,unet_denoise_1f4c65d4,unet_denoise,665144,1391601.49,1550332.65,1550334.10,1556442.76,1,13,14,609.75,6097,6.097,0.610,3804450050,380445005,7256.41,0.66,0.00,-1,-1,0.00
dag_12e6b55766fb4483,vae_encode_c09accb9,vae_encode,1397302,1397302.00,1556442.76,1556444.21,1561996.86,1,7,2,555.20,5551,5.551,0.555,848436333,84843633,1618.26,0.77,0.00,-1,-1,0.00
dag_0605d9f01775453c,sampler_7ff84352,sampler,638666,1400665.59,1561996.86,1561998.29,1562647.92,1,9,6,63.81,638,0.638,0.064,552396112,55239611,1053.61,0.82,0.00,-1,-1,0.00
dag_26efd09e7e754609,sampler_652e4013,sampler,421232,1408558.68,1562647.92,1562649.34,1563204.96,1,11,10,54.48,544,0.544,0.054,590325593,59032559,1125.96,0.89,0.00,-1,-1,0.00
dag_1f52bd4c90834fa8,sampler_a7f173e5,sampler,360567,1412726.75,1563204.96,1563206.40,1563493.03,1,12,12,27.53,275,0.275,0.028,767016723,76701672,1462.97,0.69,0.00,-1,-1,0.00
dag_3977d777d6e44106,vae_encode_29d3d891,vae_encode,1413843,1413843.00,1563493.03,1563494.48,1567411.13,1,9,6,390.57,3905,3.905,0.391,1235956494,123595649,2357.40,0.67,0.00,-1,-1,0.00
dag_4afcd44eea2e4627,sampler_11684167,sampler,677740,1418120.83,1567411.13,1567412.56,1567742.18,1,8,4,31.87,318,0.318,0.032,432177399,43217739,824.31,0.57,0.00,-1,-1,0.00
dag_38ec206859024673,sampler_742d1783,sampler,364301,1429942.89,1567742.18,1567743.63,1568560.29,1,8,4,80.56,805,0.805,0.081,402542131,40254213,767.79,0.90,0.00,-1,-1,0.00
dag_1f23f3a4c41b4836,sampler_3fd06320,sampler,290674,1434607.99,1568560.29,1568561.73,1568917.36,1,10,8,34.41,344,0.344,0.034,557991875,55799187,1064.29,0.69,0.00,-1,-1,0.00
dag_5d27d0b9ef574f30,sampler_51bf8d09,sampler,445937,1441101.07,1568917.36,1568918.81,1569460.45,1,7,2,53.09,530,0.530,0.053,383068018,38306801,730.64,0.54,0.00,-1,-1,0.00
dag_1ce8e12b1d2d4aba,sampler_26d283dc,sampler,693862,1443326.45,1569460.45,1569461.91,1570619.56,1,13,14,114.64,1146,1.146,0.115,555846306,55584630,1060.19,0.82,0.00,-1,-1,0.00
dag_ad36e74386b9411c,sampler_bbbe0c8a,sampler,311979,1445205.51,1570619.56,1570621.01,1570776.65,1,13,14,14.43,144,0.144,0.014,498029373,49802937,949.92,0.72,0.00,-1,-1,0.00
dag_2ef9fa6af23a4570,sampler_afcf60a0,sampler,531091,1446170.55,1570776.65,1570778.10,1571344.74,1,9,6,55.59,555,0.555,0.056,656419788,65641978,1252.02,0.59,0.00,-1,-1,0.00
dag_dcd171853a6846bf,vae_encode_0d96327c,vae_encode,1453489,1453489.00,1571344.74,1571346.17,1577556.79,1,7,2,619.92,6199,6.199,0.620,1128608880,112860888,2152.65,0.74,0.00,-1,-1,0.00
dag_475c47767ca54a4b,sampler_96c372e1,sampler,239931,1462249.61,1577556.79,1577677.37,1577949.49,2,1000,16,148.79,1487,1.487,0.149,328830725,32883072,627.19,0.65,0.00,-1,-1,0.00
dag_c4506bff0691461e,unet_denoise_266014f1,unet_denoise,411601,1462460.70,1577949.49,1577950.94,1580822.60,1,12,12,286.09,2860,2.860,0.286,3496801379,349680137,6669.62,0.50,0.00,-1,-1,0.00
dag_1b8611f4a71b4f21,unet_denoise_9b952f30,unet_denoise,216800,1463015.81,1580822.60,1580824.04,1588329.67,1,7,2,749.45,7494,7.494,0.749,2370347280,237034728,4521.08,0.58,0.00,-1,-1,0.00
dag_7aa23edc3f9b4d7f,unet_denoise_42c61e38,unet_denoise,663547,1463475.90,1588329.67,1588331.10,1594039.71,1,9,6,569.77,5697,5.697,0.570,3183521178,318352117,6072.08,0.62,0.00,-1,-1,0.00
dag_df9fc3aa30db4ac6,unet_denoise_cf9812bd,unet_denoise,955731,1464130.93,1594039.71,1594041.13,1602788.75,1,10,8,873.68,8736,8.736,0.874,4631855212,463185521,8834.56,0.55,0.00,-1,-1,0.00
dag_afc950e6813c4577,unet_denoise_2e7921f9,unet_denoise,1318234,1468829.99,1602788.75,1602790.18,1612314.82,1,13,14,951.34,9513,9.513,0.951,3251453075,325145307,6201.65,0.69,0.00,-1,-1,0.00
dag_72c99ec3b9a54445,unet_denoise_928d742d,unet_denoise,788640,1469157.99,1612314.82,1612316.24,1625245.87,1,12,12,1292.87,12928,12.928,1.293,2940711096,294071109,5608.96,0.76,0.00,-1,-1,0.00
dag_288726b3084342ae,vae_encode_7ef049c2,vae_encode,1475104,1475104.00,1636391.29,1636392.72,1639791.35,1,8,4,338.73,3387,3.387,0.339,1031027527,103102752,1966.53,0.80,0.00,-1,-1,0.00
dag_79b32ae1f64043d1,sampler_6ce2cfee,sampler,1020281,1493173.10,1639791.35,1639792.77,1641128.39,1,6,0,132.42,1324,1.324,0.132,802644491,80264449,1530.92,0.61,0.00,-1,-1,0.00
dag_9c3a4b173dc84179,unet_denoise_5f7f8e12,unet_denoise,1024634,1493460.60,1641128.39,1641129.84,1647970.49,1,6,0,682.92,6829,6.829,0.683,2216353738,221635373,4227.36,0.86,0.00,-1,-1,0.00
dag_c4fc9dded3924f0a,unet_denoise_14042c8c,unet_denoise,832179,1493752.69,1647970.49,1647971.91,1653242.53,1,8,4,526.00,5259,5.259,0.526,3517867770,351786777,6709.80,0.55,0.00,-1,-1,0.00
dag_44a26dab89444865,sampler_4ab814c5,sampler,1234450,1500045.73,1653242.53,1653243.97,1653638.62,1,12,12,38.34,383,0.383,0.038,991600408,99160040,1891.33,0.70,0.00,-1,-1,0.00
dag_58e29ceb412c47dc,unet_denoise_d651df11,unet_denoise,1045271,1500318.88,1653638.62,1653759.08,1654223.43,2,1000,16,341.20,3411,3.411,0.341,2820052661,282005266,5378.82,0.56,0.00,-1,-1,0.00
dag_41e89bfae0694fb9,unet_denoise_764c098d,unet_denoise,1367192,1506238.93,1654223.43,1654224.87,1661991.52,1,7,2,775.56,7755,7.755,0.776,4094468948,409446894,7809.58,0.65,0.00,-1,-1,0.00
dag_3ae1fe8af2dd4c57,sampler_90ad488d,sampler,1245010,1516229.01,1661991.52,1661992.95,1662704.58,1,10,8,70.07,700,0.700,0.070,425943244,42594324,812.42,0.44,0.00,-1,-1,0.00
dag_41ec2176cd454bc4,vae_encode_b47690ca,vae_encode,1518045,1518045.00,1662704.58,1662706.01,1668729.65,1,9,6,601.27,6012,6.012,0.601,687330756,68733075,1310.98,0.86,0.00,-1,-1,0.00
dag_e0bf0b0c3c93417d,vae_encode_670fa71a,vae_encode,1521599,1521599.00,1668729.65,1668731.07,1674031.68,1,8,4,528.98,5289,5.289,0.529,693683343,69368334,1323.10,0.45,0.00,-1,-1,0.00
dag_08f8fcebfe4549cd,sampler_89a74e8e,sampler,1245700,1522905.10,1674031.68,1674033.12,1674522.75,1,13,14,47.86,478,0.478,0.048,409377402,40937740,780.83,0.49,0.00,-1,-1,0.00
dag_73f06810d4f94121,unet_denoise_fcbc8921,unet_denoise,1048269,1523194.18,1674522.75,1674524.19,1683054.84,1,12,12,851.94,8519,8.519,0.852,3320444707,332044470,6333.25,0.66,0.00,-1,-1,0.00
dag_acef7e389a114bcc,unet_denoise_e6066914,unet_denoise,833139,1523566.22,1683054.84,1683056.28,1689097.90,1,13,14,603.04,6030,6.030,0.603,3300673124,330067312,6295.53,0.68,0.00,-1,-1,0.00
dag_06313785c32c493a,sampler_34bdd2bc,sampler,1253795,1528187.32,1689097.90,1689099.35,1689406.00,1,13,14,29.55,295,0.295,0.030,382727171,38272717,729.99,0.80,0.00,-1,-1,0.00
dag_4223921a13d94f85,vae_encode_33d22886,vae_encode,1528507,1528507.00,1689406.00,1689407.43,1695772.05,1,11,10,635.37,6353,6.353,0.635,1262594798,126259479,2408.21,0.45,0.00,-1,-1,0.00
dag_eb11baf7ee404c2f,vae_encode_de4be9c6,vae_encode,1530044,1530044.00,1695772.05,1695773.48,1700165.09,1,12,12,438.07,4380,4.380,0.438,702258373,70225837,1339.45,0.45,0.00,-1,-1,0.00
dag_7eeaa25eb2024286,sampler_0ee0af87,sampler,846479,1532576.36,1700165.09,1700166.52,1700543.15,1,13,14,36.51,365,0.365,0.037,368268498,36826849,702.42,0.48,0.00,-1,-1,0.00
dag_a7af186451ff4870,unet_denoise_8a73b9f4,unet_denoise,1076091,1533234.42,1700543.15,1700544.58,1709430.21,1,9,6,888.45,8884,8.884,0.888,3558655960,355865596,6787.60,0.82,0.00,-1,-1,0.00
dag_c939c36c249f4616,sampler_1c1d36c7,sampler,852984,1538147.51,1709430.21,1709431.64,1709794.27,1,13,14,35.17,351,0.351,0.035,594954389,59495438,1134.79,0.43,0.00,-1,-1,0.00
dag_475955bb70184b83,sampler_faf64524,sampler,877914,1545368.55,1709794.27,1709795.70,1710331.33,1,10,8,52.45,524,0.524,0.052,512782173,51278217,978.05,0.79,0.00,-1,-1,0.00
dag_8cfdd12e5e9d49dd,sampler_d201f94d,sampler,1274319,1550332.65,1710331.33,1710332.76,1710657.39,1,11,10,32.39,323,0.323,0.032,740991649,74099164,1413.33,0.80,0.00,-1,-1,0.00
dag_3d98a7542f9e4c06,sampler_4da753cd,sampler,665144,1556442.76,1710657.39,1710658.84,1711209.49,1,7,2,53.98,539,0.539,0.054,827101022,82710102,1577.57,0.40,0.00,-1,-1,0.00
dag_12e6b55766fb4483,unet_denoise_e0bf588b,unet_denoise,1397302,1561996.86,1711209.49,1711210.94,1718968.59,1,8,4,774.66,7746,7.746,0.775,2462113652,246211365,4696.11,0.53,0.00,-1,-1,0.00
dag_0605d9f01775453c,unet_denoise_04ec579b,unet_denoise,638666,1562647.92,1718968.59,1718970.03,1728779.68,1,10,8,979.88,9798,9.798,0.980,3544122023,354412202,6759.88,0.44,0.00,-1,-1,0.00
dag_26efd09e7e754609,unet_denoise_5b365fb9,unet_denoise,421232,1563204.96,1728779.68,1728781.11,1736245.73,1,8,4,745.33,7453,7.453,0.745,3944588866,394458886,7523.71,0.45,0.00,-1,-1,0.00
dag_1f52bd4c90834fa8,unet_denoise_54ad94c6,unet_denoise,360567,1563493.03,1736245.73,1736247.18,1739922.83,1,8,4,366.43,3664,3.664,0.366,2825900292,282590029,5389.98,0.42,0.00,-1,-1,0.00
dag_3977d777d6e44106,unet_denoise_3f488ec5,unet_denoise,1413843,1567411.13,1739922.83,1739924.26,1745465.89,1,8,4,553.01,5530,5.530,0.553,3784996271,378499627,7219.31,0.93,0.00,-1,-1,0.00
dag_4afcd44eea2e4627,unet_denoise_e610ec6c,unet_denoise,677740,1567742.18,1745465.89,1745467.34,1751572.99,1,8,4,609.49,6094,6.094,0.609,3912802434,391280243,7463.08,0.70,0.00,-1,-1,0.00
dag_38ec206859024673,unet_denoise_8a62b4c2,unet_denoise,364301,1568560.29,1751572.99,1751574.43,1762111.06,1,13,14,1052.54,10525,10.525,1.053,2145166321,214516632,4091.58,0.62,0.00,-1,-1,0.00
dag_1f23f3a4c41b4836,unet_denoise_8c1f630a,unet_denoise,290674,1568917.36,1762111.06,1762112.49,1765600.12,1,6,0,347.66,3476,3.476,0.348,3658285392,365828539,6977.63,0.72,0.00,-1,-1,0.00
dag_5d27d0b9ef574f30,unet_denoise_9b9e621f,unet_denoise,445937,1569460.45,1765600.12,1765601.56,1772852.18,1,11,10,723.96,7239,7.239,0.724,3194309885,319430988,6092.66,0.74,0.00,-1,-1,0.00
dag_ad36e74386b9411c,unet_denoise_87920ccb,unet_denoise,311979,1570776.65,1792464.63,1792466.06,1794760.68,1,11,10,228.39,2283,2.283,0.228,2557195342,255719534,4877.46,0.59,0.00,-1,-1,0.00
dag_2ef9fa6af23a4570,unet_denoise_bfc0eccf,unet_denoise,531091,1571344.74,1794760.68,1794762.13,1802987.78,1,11,10,821.43,8214,8.214,0.821,3735356517,373535651,7124.63,0.94,0.00,-1,-1,0.00
dag_dcd171853a6846bf,unet_denoise_df26be40,unet_denoise,1453489,1577556.79,1802987.78,1802989.22,1813111.87,1,8,4,1011.17,10111,10.111,1.011,3190200350,319020035,6084.82,0.78,0.00,-1,-1,0.00
dag_475c47767ca54a4b,unet_denoise_ec268e36,unet_denoise,239931,1577949.49,1813111.87,1813113.31,1831650.94,1,12,12,1852.60,18526,18.526,1.853,3077299264,307729926,5869.48,0.42,0.00,-1,-1,0.00
dag_c4506bff0691461e,sampler_e5f85a85,sampler,411601,1580822.60,1831650.94,1831771.63,1831915.28,2,1000,16,20.18,201,0.201,0.020,480694421,48069442,916.85,0.52,0.00,-1,-1,0.00
dag_1b8611f4a71b4f21,sampler_db730dfb,sampler,216800,1588329.67,1831915.28,1831916.71,1832538.35,1,11,10,61.08,610,0.610,0.061,335562496,33556249,640.03,0.50,0.00,-1,-1,0.00
dag_7aa23edc3f9b4d7f,sampler_68e6672a,sampler,663547,1594039.71,1832538.35,1832539.77,1832945.38,1,11,10,39.43,394,0.394,0.039,617797661,61779766,1178.36,0.76,0.00,-1,-1,0.00
dag_2604b14cf4864967,lora_load_2c723d0b,lora_load,1597098,1597098.00,1832945.38,1832946.81,1875751.45,1,13,14,4279.32,42793,42.793,4.279,729702981,72970298,1391.80,0.82,0.00,-1,-1,0.00
dag_b1b7f34a46354e06,vae_encode_925c748c,vae_encode,1601341,1601341.00,1875751.45,1875752.87,1881597.49,1,6,0,583.39,5833,5.833,0.583,978803708,97880370,1866.92,0.80,0.00,-1,-1,0.00
dag_df9fc3aa30db4ac6,sampler_2848f791,sampler,955731,1602788.75,1881597.49,1881598.94,1882242.60,1,8,4,63.29,632,0.632,0.063,400296592,40029659,763.51,0.78,0.00,-1,-1,0.00
dag_afc950e6813c4577,sampler_c4fcf8de,sampler,1318234,1612314.82,1882242.60,1882244.01,1882967.62,1,6,0,71.29,712,0.712,0.071,471592649,47159264,899.49,0.73,0.00,-1,-1,0.00
dag_72c99ec3b9a54445,sampler_291839f2,sampler,788640,1625245.87,1882967.62,1882969.06,1883850.69,1,11,10,87.08,870,0.870,0.087,498236852,49823685,950.31,0.45,0.00,-1,-1,0.00
dag_c662227e80b24669,vae_encode_fd319d4f,vae_encode,1635280,1635280.00,1883850.69,1883971.38,1884651.33,2,1000,16,556.43,5564,5.564,0.556,947754906,94775490,1807.70,0.73,0.00,-1,-1,0.00
dag_8a885e2c63a444bc,base_model_load_a09c599f,base_model_load,1639359,1639359.00,1884651.33,1884652.75,2205975.37,1,10,8,32131.15,321311,321.311,32.131,3782092564,378209256,7213.77,0.56,0.00,-1,-1,0.00
dag_288726b3084342ae,unet_denoise_f32ea9b0,unet_denoise,1475104,1639791.35,2205975.37,2205976.80,2211525.42,1,11,10,553.75,5537,5.537,0.554,3094406801,309440680,5902.11,0.41,0.00,-1,-1,0.00
dag_79b32ae1f64043d1,unet_denoise_0c3ba584,unet_denoise,1020281,1641128.39,2211525.42,2211526.86,2235140.49,1,13,14,2360.23,23602,23.602,2.360,3426841171,342684117,6536.18,0.74,0.00,-1,-1,0.00
dag_9c3a4b173dc84179,sampler_62c205df,sampler,1024634,1647970.49,2235140.49,2235141.94,2235596.60,1,7,2,45.38,453,0.453,0.045,489951992,48995199,934.51,0.43,0.00,-1,-1,0.00
dag_c4fc9dded3924f0a,sampler_876d5d69,sampler,832179,1653242.53,2235596.60,2235717.19,2235867.71,2,1000,16,27.19,271,0.271,0.027,727139232,72713923,1386.91,0.89,0.00,-1,-1,0.00
dag_44a26dab89444865,unet_denoise_f075f402,unet_denoise,1234450,1653638.62,2235867.71,2235869.14,2242649.78,1,13,14,676.99,6769,6.769,0.677,2552672966,255267296,4868.84,0.79,0.00,-1,-1,0.00
dag_58e29ceb412c47dc,sampler_b18d3c8c,sampler,1045271,1654223.43,2242649.78,2242770.33,2242921.61,2,1000,16,27.90,279,0.279,0.028,423317731,42331773,807.41,0.68,0.00,-1,-1,0.00
dag_41e89bfae0694fb9,sampler_b1e5c7eb,sampler,1367192,1661991.52,2242921.61,2242923.05,2243452.68,1,12,12,51.86,518,0.518,0.052,330673171,33067317,630.71,0.70,0.00,-1,-1,0.00
dag_3ae1fe8af2dd4c57,unet_denoise_04414a54,unet_denoise,1245010,1662704.58,2243452.68,2243454.14,2253586.80,1,9,6,1012.17,10121,10.121,1.012,2209257490,220925749,4213.82,0.59,0.00,-1,-1,0.00
dag_41ec2176cd454bc4,unet_denoise_34413446,unet_denoise,1518045,1668729.65,2253586.80,2253588.22,2259556.84,1,10,8,595.78,5957,5.957,0.596,3462055328,346205532,6603.35,0.44,0.00,-1,-1,0.00
dag_7f3be6398c5f4569,vae_encode_6c2d9d70,vae_encode,1673046,1673046.00,2259556.84,2259558.27,2263600.90,1,12,12,403.19,4031,4.031,0.403,1140563339,114056333,2175.45,0.48,0.00,-1,-1,0.00
dag_e0bf0b0c3c93417d,unet_denoise_228b0715,unet_denoise,1521599,1674031.68,2263600.90,2263722.00,2264408.58,2,1000,16,562.51,5625,5.625,0.563,4329572942,432957294,8258.01,0.40,0.00,-1,-1,0.00
dag_73f06810d4f94121,sampler_e429f458,sampler,1048269,1683054.84,2271465.01,2271466.44,2272046.06,1,12,12,56.90,568,0.568,0.057,621747527,62174752,1185.89,0.49,0.00,-1,-1,0.00
dag_66afb2b173ef46b3,vae_encode_7348896f,vae_encode,1689059,1689059.00,2272046.06,2272047.48,2277318.10,1,9,6,525.92,5259,5.259,0.526,706439507,70643950,1347.43,0.83,0.00,-1,-1,0.00
dag_acef7e389a114bcc,sampler_365922e3,sampler,833139,1689097.90,2277318.10,2277439.16,2277601.49,2,1000,16,38.40,383,0.383,0.038,438176485,43817648,835.76,0.71,0.00,-1,-1,0.00
dag_06313785c32c493a,unet_denoise_a4225eed,unet_denoise,1253795,1689406.00,2277601.49,2277602.93,2281055.56,1,8,4,344.14,3441,3.441,0.344,2275074051,227507405,4339.36,0.52,0.00,-1,-1,0.00
dag_4223921a13d94f85,unet_denoise_c56db8e3,unet_denoise,1528507,1695772.05,2281055.56,2281057.00,2291889.63,1,10,8,1083.18,10831,10.831,1.083,2032193080,203219308,3876.10,0.49,0.00,-1,-1,0.00
dag_e4d333c3eab5448d,lora_load_659ad283,lora_load,1697292,1697292.00,2291889.63,2291891.05,2329590.67,1,11,10,3768.89,37688,37.688,3.769,1332482384,133248238,2541.51,0.46,0.00,-1,-1,0.00
dag_eb11baf7ee404c2f,unet_denoise_a74cf673,unet_denoise,1530044,1700165.09,2329590.67,2329711.09,2330299.20,2,1000,16,464.93,4649,4.649,0.465,1915132170,191513217,3652.82,0.52,0.00,-1,-1,0.00
dag_7eeaa25eb2024286,unet_denoise_3d029bd2,unet_denoise,846479,1700543.15,2330299.20,2330300.63,2335820.27,1,6,0,550.88,5508,5.508,0.551,3129329317,312932931,5968.72,0.47,0.00,-1,-1,0.00
dag_a7af186451ff4870,sampler_09a6a434,sampler,1076091,1709430.21,2335820.27,2335821.73,2336462.38,1,11,10,62.93,629,0.629,0.063,377029542,37702954,719.13,0.50,0.00,-1,-1,0.00
dag_c939c36c249f4616,unet_denoise_c1392dcb,unet_denoise,852984,1709794.27,2336462.38,2336463.83,2342838.49,1,11,10,636.38,6363,6.363,0.636,3927959823,392795982,7491.99,0.75,0.00,-1,-1,0.00
dag_475955bb70184b83,unet_denoise_64a483c1,unet_denoise,877914,1710331.33,2342838.49,2342839.93,2349931.56,1,12,12,708.01,7080,7.080,0.708,2840023128,284002312,5416.91,0.46,0.00,-1,-1,0.00
dag_3d98a7542f9e4c06,unet_denoise_b1f7c3ee,unet_denoise,665144,1711209.49,2355028.98,2355030.42,2362540.05,1,7,2,749.86,7498,7.498,0.750,3926736795,392673679,7489.66,0.72,0.00,-1,-1,0.00
dag_12e6b55766fb4483,sampler_6efaa1ab,sampler,1397302,1718968.59,2362540.05,2362541.49,2363217.14,1,10,8,66.47,664,0.664,0.066,577459435,57745943,1101.42,0.41,0.00,-1,-1,0.00
dag_0605d9f01775453c,sampler_34ea11ca,sampler,638666,1728779.68,2363217.14,2363218.57,2363828.21,1,7,2,59.81,598,0.598,0.060,446811907,44681190,852.23,0.53,0.00,-1,-1,0.00
dag_26efd09e7e754609,sampler_acbe0408,sampler,421232,1736245.73,2363828.21,2363829.65,2364360.28,1,11,10,51.96,519,0.519,0.052,435067908,43506790,829.83,0.88,0.00,-1,-1,0.00
dag_1f52bd4c90834fa8,sampler_52868af3,sampler,360567,1739922.83,2364360.28,2364361.73,2364657.39,1,9,6,28.44,284,0.284,0.028,439951469,43995146,839.14,0.63,0.00,-1,-1,0.00
dag_3977d777d6e44106,sampler_809f99ff,sampler,1413843,1745465.89,2369460.84,2369462.29,2369888.94,1,10,8,41.57,415,0.415,0.042,647498299,64749829,1235.00,0.48,0.00,-1,-1,0.00
dag_53ac1a8f51e34e5c,vae_encode_d6587be5,vae_encode,1745860,1745860.00,2369888.94,2369890.38,2374421.02,1,11,10,451.94,4519,4.519,0.452,740100357,74010035,1411.63,0.49,0.00,-1,-1,0.00
dag_4afcd44eea2e4627,sampler_21904cbe,sampler,677740,1751572.99,2374421.02,2374422.46,2374815.10,1,6,0,38.13,381,0.381,0.038,351781341,35178134,670.97,0.85,0.00,-1,-1,0.00
dag_38ec206859024673,sampler_fa808ed3,sampler,364301,1762111.06,2374815.10,2374816.54,2375762.17,1,13,14,93.43,934,0.934,0.093,807973839,80797383,1541.09,0.88,0.00,-1,-1,0.00
dag_1f23f3a4c41b4836,sampler_673ffcc2,sampler,290674,1765600.12,2375762.17,2375763.62,2376051.26,1,8,4,27.61,276,0.276,0.028,569826685,56982668,1086.86,0.89,0.00,-1,-1,0.00
dag_5d27d0b9ef574f30,sampler_a3661689,sampler,445937,1772852.18,2376051.26,2376052.70,2376654.34,1,7,2,59.02,590,0.590,0.059,499575977,49957597,952.87,0.41,0.00,-1,-1,0.00
dag_bea8b8165f864dbb,vae_encode_4e0bfa22,vae_encode,1776489,1776489.00,2376654.34,2376655.77,2383537.41,1,9,6,687.06,6870,6.870,0.687,1053545376,105354537,2009.48,0.80,0.00,-1,-1,0.00
dag_ad36e74386b9411c,sampler_bd35d083,sampler,311979,1794760.68,2383537.41,2383538.85,2383684.50,1,6,0,13.47,134,0.134,0.013,442451234,44245123,843.91,0.89,0.00,-1,-1,0.00
dag_2ef9fa6af23a4570,sampler_7b617253,sampler,531091,1802987.78,2383684.50,2383685.93,2384303.54,1,11,10,60.60,606,0.606,0.061,332113948,33211394,633.46,0.92,0.00,-1,-1,0.00
dag_a4eb8e47d4f34c31,vae_encode_8239be44,vae_encode,1812352,1812352.00,2384303.54,2384304.99,2389241.64,1,8,4,492.53,4925,4.925,0.493,1183961758,118396175,2258.23,0.65,0.00,-1,-1,0.00
dag_dcd171853a6846bf,sampler_ef6c24fd,sampler,1453489,1813111.87,2389241.64,2389243.09,2389829.74,1,8,4,57.51,575,0.575,0.058,396380484,39638048,756.04,0.94,0.00,-1,-1,0.00
dag_475c47767ca54a4b,sampler_e9846fbd,sampler,239931,1831650.94,2389829.74,2389831.17,2390998.80,1,13,14,115.67,1156,1.156,0.116,593714727,59371472,1132.42,0.95,0.00,-1,-1,0.00
dag_c4506bff0691461e,unet_denoise_525348e4,unet_denoise,411601,1831915.28,2390998.80,2391000.24,2393896.88,1,7,2,288.56,2885,2.885,0.289,2870586333,287058633,5475.21,0.79,0.00,-1,-1,0.00
dag_1b8611f4a71b4f21,unet_denoise_25a31961,unet_denoise,216800,1832538.35,2393896.88,2393898.33,2401789.99,1,10,8,788.08,7880,7.880,0.788,3126544736,312654473,5963.41,0.86,0.00,-1,-1,0.00
dag_7aa23edc3f9b4d7f,unet_denoise_0102500a,unet_denoise,663547,1832945.38,2401789.99,2401791.43,2407813.07,1,9,6,601.06,6010,6.010,0.601,3412942539,341294253,6509.67,0.89,0.00,-1,-1,0.00
dag_dffce61524874add,vae_encode_bd63f874,vae_encode,1837456,1837456.00,2407813.07,2407814.52,2412175.17,1,13,14,434.97,4349,4.349,0.435,1310693755,131069375,2499.95,0.63,0.00,-1,-1,0.00
dag_2604b14cf4864967,vae_encode_8fe9231c,vae_encode,1597098,1875751.45,2412175.17,2412176.61,2416925.25,1,7,2,473.70,4737,4.737,0.474,727568180,72756818,1387.73,0.48,0.00,-1,-1,0.00
dag_158e662ab43f41be,lora_load_2e56347a,lora_load,1879793,1879793.00,2416925.25,2416926.69,2492229.34,1,10,8,7529.13,75291,75.291,7.529,725063102,72506310,1382.95,0.94,0.00,-1,-1,0.00
dag_b1b7f34a46354e06,unet_denoise_78ef3ace,unet_denoise,1601341,1881597.49,2492229.34,2492230.78,2497043.41,1,6,0,480.17,4801,4.801,0.480,2643986675,264398667,5043.00,0.58,0.00,-1,-1,0.00
dag_df9fc3aa30db4ac6,unet_denoise_6b4594cf,unet_denoise,955731,1882242.60,2497043.41,2497044.85,2505957.48,1,12,12,890.19,8901,8.901,0.890,2959483190,295948319,5644.77,0.52,0.00,-1,-1,0.00
dag_afc950e6813c4577,unet_denoise_106038b7,unet_denoise,1318234,1882967.62,2505957.48,2505958.93,2515698.58,1,7,2,972.82,9728,9.728,0.973,2301631117,230163111,4390.01,0.92,0.00,-1,-1,0.00
dag_72c99ec3b9a54445,unet_denoise_655af448,unet_denoise,788640,1883850.69,2515698.58,2515700.02,2526151.66,1,11,10,1045.04,10450,10.450,1.045,2895090578,289509057,5521.95,0.88,0.00,-1,-1,0.00
dag_c662227e80b24669,unet_denoise_a76c61f5,unet_denoise,1635280,1884651.33,2526151.66,2526153.11,2533232.76,1,7,2,706.88,7068,7.068,0.707,2194816848,219481684,4186.28,0.50,0.00,-1,-1,0.00
dag_301b8aa355cf41a5,vae_encode_8e11bc72,vae_encode,1924705,1924705.00,2533232.76,2533234.21,2539099.85,1,8,4,585.45,5854,5.854,0.585,1434510764,143451076,2736.11,0.69,0.00,-1,-1,0.00
dag_cfa85fa4810942bf,vae_encode_0ad80e22,vae_encode,1971515,1971515.00,2539099.85,2539101.30,2544372.93,1,7,2,526.09,5260,5.260,0.526,588459734,58845973,1122.40,0.91,0.00,-1,-1,0.00
dag_6751fb9a83ed408d,vae_encode_534c39bf,vae_encode,1980673,1980673.00,2853284.39,2853285.83,2859322.48,1,13,14,602.57,6025,6.025,0.603,834075972,83407597,1590.87,0.74,0.00,-1,-1,0.00
dag_e7ccfd39016d4183,vae_encode_584b441c,vae_encode,2044685,2044685.00,2859322.48,2859323.93,2862683.57,1,11,10,335.88,3358,3.358,0.336,1092457291,109245729,2083.70,0.76,0.00,-1,-1,0.00
dag_2672a5cdae594062,base_model_load_8270efc3,base_model_load,2065622,2065622.00,2862683.57,2862685.01,2871816.65,1,13,14,912.00,9120,9.120,0.912,2905629822,290562982,5542.05,0.64,0.00,-1,-1,0.00
dag_66fba26b7c8c4266,lora_load_0e3044d8,lora_load,2082853,2082853.00,2871816.65,2871818.09,2925918.75,1,12,12,5408.91,54089,54.089,5.409,1262486405,126248640,2408.00,0.71,0.00,-1,-1,0.00
dag_02c30d07c2df4f53,vae_encode_1fa13723,vae_encode,2094720,2094720.00,2925918.75,2925920.18,2931824.80,1,9,6,589.34,5893,5.893,0.589,1406604795,140660479,2682.89,0.75,0.00,-1,-1,0.00
dag_8240779e963a41fd,vae_encode_4db1a47e,vae_encode,2195145,2195145.00,2931824.80,2931826.22,2937349.84,1,12,12,551.28,5512,5.512,0.551,1202644310,120264431,2293.86,0.50,0.00,-1,-1,0.00
dag_8a885e2c63a444bc,vae_encode_2528f69c,vae_encode,1639359,2205975.37,2937349.84,2937470.80,2938128.29,2,1000,16,533.70,5336,5.336,0.534,1195999167,119599916,2281.19,0.90,0.00,-1,-1,0.00
dag_046e5a04b57748db,vae_encode_5e6069ac,vae_encode,2207056,2207056.00,2938128.29,2938129.73,2943444.38,1,8,4,530.31,5303,5.303,0.530,1093255600,109325560,2085.22,0.70,0.00,-1,-1,0.00
dag_288726b3084342ae,sampler_d72afc77,sampler,1475104,2211525.42,2943444.38,2943445.81,2943791.43,1,13,14,33.46,334,0.334,0.033,534378304,53437830,1019.25,0.57,0.00,-1,-1,0.00
dag_79b32ae1f64043d1,sampler_72bb4879,sampler,1020281,2235140.49,2943791.43,2943912.39,2944190.29,2,1000,16,154.05,1540,1.540,0.154,641224339,64122433,1223.04,0.75,0.00,-1,-1,0.00
dag_9c3a4b173dc84179,unet_denoise_a449594b,unet_denoise,1024634,2235596.60,2944190.29,2944191.72,2950647.33,1,10,8,645.42,6454,6.454,0.645,3269113412,326911341,6235.34,0.91,0.00,-1,-1,0.00
dag_c4fc9dded3924f0a,unet_denoise_10222521,unet_denoise,832179,2235867.71,2950647.33,2950648.75,2955675.37,1,9,6,502.51,5025,5.025,0.503,2499652361,249965236,4767.71,0.50,0.00,-1,-1,0.00
dag_44a26dab89444865,sampler_bae585a9,sampler,1234450,2242649.78,2955675.37,2955796.29,2955959.85,2,1000,16,39.79,397,0.397,0.040,674116204,67411620,1285.77,0.55,0.00,-1,-1,0.00
dag_58e29ceb412c47dc,unet_denoise_780be36d,unet_denoise,1045271,2242921.61,2955959.85,2955961.30,2960367.96,1,13,14,439.60,4395,4.395,0.440,2938151221,293815122,5604.08,0.67,0.00,-1,-1,0.00
dag_41e89bfae0694fb9,unet_denoise_0c1ab299,unet_denoise,1367192,2243452.68,2960367.96,2960369.39,2968318.02,1,8,4,794.73,7947,7.947,0.795,3399107295,339910729,6483.28,0.42,0.00,-1,-1,0.00
dag_3ae1fe8af2dd4c57,sampler_72b8d5db,sampler,1245010,2253586.80,2968318.02,2968319.45,2968957.07,1,9,6,62.63,626,0.626,0.063,359249312,35924931,685.21,0.93,0.00,-1,-1,0.00
dag_46455272cbe54ec8,lora_load_520e849b,lora_load,2255434,2255434.00,2968957.07,2968958.49,3018165.11,1,11,10,4919.52,49195,49.195,4.920,1001067977,100106797,1909.39,0.80,0.00,-1,-1,0.00
dag_41ec2176cd454bc4,sampler_2bf3dd0e,sampler,1518045,2259556.84,3018165.11,3018166.56,3018644.20,1,7,2,46.69,466,0.466,0.047,594600668,59460066,1134.11,0.57,0.00,-1,-1,0.00
dag_7f3be6398c5f4569,unet_denoise_8e46c761,unet_denoise,1673046,2263600.90,3018644.20,3018645.66,3030057.32,1,13,14,1140.01,11400,11.400,1.140,3074701086,307470108,5864.53,0.63,0.00,-1,-1,0.00
dag_e0bf0b0c3c93417d,sampler_5863dfa9,sampler,1521599,2264408.58,3030057.32,3030058.74,3030406.36,1,12,12,33.66,336,0.336,0.034,479250205,47925020,914.10,0.73,0.00,-1,-1,0.00
dag_73f06810d4f94121,unet_denoise_2545dd62,unet_denoise,1048269,2272046.06,3030406.36,3030407.79,3038085.41,1,12,12,766.63,7666,7.666,0.767,3628858867,362885886,6921.50,0.94,0.00,-1,-1,0.00
dag_66afb2b173ef46b3,unet_denoise_42b780c4,unet_denoise,1689059,2277318.10,3038085.41,3038086.86,3042310.52,1,6,0,421.24,4212,4.212,0.421,3456528152,345652815,6592.80,0.71,0.00,-1,-1,0.00
dag_acef7e389a114bcc,unet_denoise_fdd9ed22,unet_denoise,833139,2277601.49,3042310.52,3042430.98,3043171.13,2,1000,16,616.95,6169,6.169,0.617,2615981729,261598172,4989.59,0.49,0.00,-1,-1,0.00
dag_06313785c32c493a,sampler_ff46f66c,sampler,1253795,2281055.56,3043171.13,3043172.55,3043441.17,1,6,0,25.75,257,0.257,0.026,363678702,36367870,693.66,0.46,0.00,-1,-1,0.00
dag_4223921a13d94f85,sampler_95aa144a,sampler,1528507,2291889.63,3043441.17,3043442.61,3044209.26,1,10,8,75.51,755,0.755,0.076,521611235,52161123,994.89,0.72,0.00,-1,-1,0.00
dag_6c49e8f33c75421e,vae_encode_f35ed58c,vae_encode,2304077,2304077.00,3044209.26,3044210.71,3048263.37,1,7,2,405.19,4051,4.051,0.405,1325847545,132584754,2528.85,0.51,0.00,-1,-1,0.00
dag_e4d333c3eab5448d,vae_encode_490ccbb6,vae_encode,1697292,2329590.67,3048263.37,3048264.79,3053228.41,1,12,12,495.22,4952,4.952,0.495,1386569063,138656906,2644.67,0.43,0.00,-1,-1,0.00
dag_eb11baf7ee404c2f,sampler_a73d0c5d,sampler,1530044,2330299.20,3053228.41,3053229.85,3053600.49,1,10,8,35.99,359,0.359,0.036,654233282,65423328,1247.85,0.76,0.00,-1,-1,0.00
dag_7eeaa25eb2024286,sampler_699ddef5,sampler,846479,2335820.27,3053600.49,3053720.98,3053879.08,2,1000,16,34.84,348,0.348,0.035,568323907,56832390,1083.99,0.90,0.00,-1,-1,0.00
dag_a7af186451ff4870,unet_denoise_d65e25a1,unet_denoise,1076091,2336462.38,3053879.08,3053880.53,3062350.19,1,13,14,845.87,8458,8.458,0.846,3199181476,319918147,6101.95,0.67,0.00,-1,-1,0.00
dag_c939c36c249f4616,sampler_dad91726,sampler,852984,2342838.49,3062350.19,3062351.65,3062681.31,1,10,8,31.87,318,0.318,0.032,648526428,64852642,1236.97,0.43,0.00,-1,-1,0.00
dag_475955bb70184b83,sampler_9931abb9,sampler,877914,2349931.56,3062681.31,3062682.76,3063257.43,1,8,4,56.34,563,0.563,0.056,992264487,99226448,1892.59,0.86,0.00,-1,-1,0.00
dag_3d98a7542f9e4c06,sampler_36296ef4,sampler,665144,2362540.05,3063257.43,3063258.85,3063790.48,1,6,0,52.07,520,0.520,0.052,290722141,29072214,554.51,0.76,0.00,-1,-1,0.00
dag_12e6b55766fb4483,unet_denoise_d579e3dc,unet_denoise,1397302,2363217.14,3063790.48,3063791.92,3073280.57,1,12,12,947.70,9477,9.477,0.948,1714195017,171419501,3269.57,0.45,0.00,-1,-1,0.00
dag_0605d9f01775453c,unet_denoise_a15d5ba2,unet_denoise,638666,2363828.21,3073280.57,3073282.02,3083565.68,1,13,14,1027.28,10272,10.272,1.027,3038016472,303801647,5794.56,0.58,0.00,-1,-1,0.00
dag_26efd09e7e754609,unet_denoise_8be77e8e,unet_denoise,421232,2364360.28,3083565.68,3083567.13,3091369.77,1,13,14,779.13,7791,7.791,0.779,2822206285,282220628,5382.93,0.51,0.00,-1,-1,0.00
dag_1f52bd4c90834fa8,unet_denoise_4960a176,unet_denoise,360567,2364657.39,3091369.77,3091371.21,3094929.84,1,6,0,354.73,3547,3.547,0.355,3265904750,326590475,6229.22,0.80,0.00,-1,-1,0.00
dag_12254e00c86d4913,vae_encode_c30c0dff,vae_encode,2369585,2369585.00,3094929.84,3094931.30,3099741.96,1,9,6,479.92,4799,4.799,0.480,956235314,95623531,1823.87,0.73,0.00,-1,-1,0.00
dag_3977d777d6e44106,unet_denoise_971677c3,unet_denoise,1413843,2369888.94,3099741.96,3099743.39,3104633.02,1,11,10,487.88,4878,4.878,0.488,2401141224,240114122,4579.81,0.70,0.00,-1,-1,0.00
dag_53ac1a8f51e34e5c,unet_denoise_d3686b16,unet_denoise,1745860,2374421.02,3104633.02,3104634.45,3110028.07,1,8,4,539.27,5392,5.392,0.539,4521979482,452197948,8624.99,0.85,0.00,-1,-1,0.00
dag_4afcd44eea2e4627,unet_denoise_473e3558,unet_denoise,677740,2374815.10,3110028.07,3110029.53,3115836.18,1,12,12,579.54,5795,5.795,0.580,2493690999,249369099,4756.34,0.80,0.00,-1,-1,0.00
dag_38ec206859024673,unet_denoise_3e5241f0,unet_denoise,364301,2375762.17,3115836.18,3115956.71,3117100.14,2,1000,16,1020.12,10201,10.201,1.020,2578166876,257816687,4917.46,0.70,0.00,-1,-1,0.00
dag_1f23f3a4c41b4836,unet_denoise_a68c577f,unet_denoise,290674,2376051.26,3117100.14,3117101.57,3121434.19,1,9,6,432.17,4321,4.321,0.432,2077652464,207765246,3962.81,0.77,0.00,-1,-1,0.00
dag_5d27d0b9ef574f30,unet_denoise_a3357f66,unet_denoise,445937,2376654.34,3121434.19,3121435.61,3129379.23,1,6,0,793.25,7932,7.932,0.793,3202285427,320228542,6107.87,0.55,0.00,-1,-1,0.00
dag_bea8b8165f864dbb,unet_denoise_f70a6d1b,unet_denoise,1776489,2383537.41,3129379.23,3129380.67,3139378.32,1,6,0,999.68,9996,9.996,1.000,3465511909,346551190,6609.94,0.74,0.00,-1,-1,0.00
dag_ad36e74386b9411c,unet_denoise_b13a97f2,unet_denoise,311979,2383684.50,3139378.32,3139379.76,3141194.41,1,13,14,180.31,1803,1.803,0.180,2675576578,267557657,5103.26,0.50,0.00,-1,-1,0.00
dag_2ef9fa6af23a4570,unet_denoise_79bca093,unet_denoise,531091,2384303.54,3141194.41,3141195.86,3149890.51,1,12,12,868.39,8683,8.683,0.868,2704897197,270489719,5159.18,0.56,0.00,-1,-1,0.00
dag_a4eb8e47d4f34c31,unet_denoise_db8ce918,unet_denoise,1812352,2389241.64,3149890.51,3149891.94,3155688.56,1,12,12,578.53,5785,5.785,0.579,2572648032,257264803,4906.94,0.86,0.00,-1,-1,0.00
dag_dcd171853a6846bf,unet_denoise_932e21c5,unet_denoise,1453489,2389829.74,3155688.56,3155690.01,3163589.67,1,12,12,788.80,7888,7.888,0.789,2596541511,259654151,4952.51,0.90,0.00,-1,-1,0.00
dag_475c47767ca54a4b,unet_denoise_6d61b5a3,unet_denoise,239931,2390998.80,3163589.67,3163591.13,3183333.79,1,7,2,1974.17,19741,19.741,1.974,3928492535,392849253,7493.00,0.60,0.00,-1,-1,0.00
dag_819bfa9f377c43e3,lora_load_d1cc6029,lora_load,2392891,2392891.00,3183333.79,3183335.24,3213395.90,1,10,8,3005.00,30049,30.049,3.005,1304670845,130467084,2488.46,0.95,0.00,-1,-1,0.00
dag_c4506bff0691461e,sampler_361b92ef,sampler,411601,2393896.88,3213395.90,3213397.36,3213583.02,1,10,8,17.43,174,0.174,0.017,605078368,60507836,1154.10,0.77,0.00,-1,-1,0.00
dag_1b8611f4a71b4f21,sampler_4bd2b9a3,sampler,216800,2401789.99,3213583.02,3213584.46,3214200.10,1,12,12,60.44,604,0.604,0.060,294529171,29452917,561.77,0.71,0.00,-1,-1,0.00
dag_7fcfd30e057e4720,vae_encode_492b1fc4,vae_encode,2402161,2402161.00,3214200.10,3214201.55,3216550.21,1,10,8,233.72,2337,2.337,0.234,1219623197,121962319,2326.25,0.48,0.00,-1,-1,0.00
dag_7aa23edc3f9b4d7f,sampler_6522dcd7,sampler,663547,2407813.07,3216550.21,3216551.66,3216976.32,1,11,10,41.35,413,0.413,0.041,431596332,43159633,823.20,0.56,0.00,-1,-1,0.00
dag_41d8494265914bda,lora_load_b281c6f6,lora_load,2407936,2407936.00,3216976.32,3216977.78,3274989.44,1,6,0,5801.04,58010,58.010,5.801,1057537294,105753729,2017.09,0.45,0.00,-1,-1,0.00
dag_dffce61524874add,unet_denoise_e065101f,unet_denoise,1837456,2412175.17,3274989.44,3274990.87,3283486.49,1,6,0,848.47,8484,8.484,0.848,3943959601,394395960,7522.51,0.65,0.00,-1,-1,0.00
dag_2604b14cf4864967,unet_denoise_ce92d3cc,unet_denoise,1597098,2416925.25,3283486.49,3283487.93,3295141.55,1,10,8,1164.22,11642,11.642,1.164,2880522391,288052239,5494.16,0.84,0.00,-1,-1,0.00
dag_48ce7371571e408e,base_model_load_e097356c,base_model_load,2443694,2443694.00,3295141.55,3295143.00,3545253.66,1,9,6,25009.92,250099,250.099,25.010,4166111840,416611184,7946.23,0.91,0.00,-1,-1,0.00
dag_158e662ab43f41be,vae_encode_3ad45da5,vae_encode,1879793,2492229.34,3545253.66,3545255.10,3549455.73,1,7,2,418.93,4189,4.189,0.419,659862491,65986249,1258.59,0.68,0.00,-1,-1,0.00
dag_b1b7f34a46354e06,sampler_eacf7da2,sampler,1601341,2497043.41,3549455.73,3549457.15,3549787.76,1,11,10,31.98,319,0.319,0.032,435346147,43534614,830.36,0.81,0.00,-1,-1,0.00
dag_df9fc3aa30db4ac6,sampler_0afa4136,sampler,955731,2505957.48,3549787.76,3549908.25,3550102.45,2,1000,16,71.00,709,0.709,0.071,357286954,35728695,681.47,0.52,0.00,-1,-1,0.00
dag_58f9446bbd3d4230,lora_load_3dc54087,lora_load,2508851,2508851.00,3550102.45,3550103.88,3597777.51,1,8,4,4767.22,47672,47.672,4.767,1182170832,118217083,2254.81,0.90,0.00,-1,-1,0.00
dag_afc950e6813c4577,sampler_75294513,sampler,1318234,2515698.58,3597777.51,3597778.93,3598362.55,1,8,4,57.29,572,0.572,0.057,610110035,61011003,1163.69,0.94,0.00,-1,-1,0.00
dag_72c99ec3b9a54445,sampler_01d9bf8b,sampler,788640,2526151.66,3598362.55,3598483.58,3598660.77,2,1000,16,53.21,532,0.532,0.053,534049417,53404941,1018.62,0.93,0.00,-1,-1,0.00
dag_c662227e80b24669,sampler_a3fb4993,sampler,1635280,2533232.76,3598660.77,3598662.20,3599129.83,1,8,4,45.68,456,0.456,0.046,742597880,74259788,1416.39,0.79,0.00,-1,-1,0.00
dag_301b8aa355cf41a5,unet_denoise_04ec6e69,unet_denoise,1924705,2539099.85,3599129.83,3599131.25,3607766.87,1,13,14,863.42,8634,8.634,0.863,2534146313,253414631,4833.50,0.94,0.00,-1,-1,0.00
dag_cfa85fa4810942bf,unet_denoise_c437afb4,unet_denoise,1971515,2544372.93,3607766.87,3607768.32,3614728.98,1,7,2,694.94,6949,6.949,0.695,3437545509,343754550,6556.60,0.88,0.00,-1,-1,0.00
dag_7da0a6ba311a4a8d,vae_encode_7f7b53db,vae_encode,2557185,2557185.00,3614728.98,3614730.44,3619788.10,1,11,10,504.70,5046,5.046,0.505,1005284885,100528488,1917.43,0.58,0.00,-1,-1,0.00
dag_087a3e55add54b84,vae_encode_fb8e9f78,vae_encode,2579922,2579922.00,3619788.10,3619789.55,3623510.21,1,12,12,370.98,3709,3.709,0.371,1287632335,128763233,2455.96,0.68,0.00,-1,-1,0.00
dag_f4f63875da2a47da,vae_encode_1c024a11,vae_encode,2589118,2589118.00,3623510.21,3623631.31,3624326.29,2,1000,16,570.98,5709,5.709,0.571,892234383,89223438,1701.80,0.93,0.00,-1,-1,0.00
dag_0a118d4db805487c,lora_load_a73cc924,lora_load,2597180,2597180.00,3624326.29,3624327.72,3666217.35,1,9,6,4188.86,41888,41.888,4.189,1325749642,132574964,2528.67,0.43,0.00,-1,-1,0.00
dag_bb8425b128964146,vae_encode_b1e4b4d0,vae_encode,2714901,2714901.00,3666217.35,3666218.78,3671150.40,1,9,6,493.07,4930,4.930,0.493,902900111,90290011,1722.15,0.64,0.00,-1,-1,0.00
dag_99104302e6ae4866,vae_encode_773c8dca,vae_encode,2736704,2736704.00,3671150.40,3671151.86,3673966.52,1,10,8,280.38,2803,2.803,0.280,1087593391,108759339,2074.42,0.55,0.00,-1,-1,0.00
dag_3616f9eb4acd4cce,vae_encode_dd2a5a4c,vae_encode,2740620,2740620.00,3673966.52,3673967.95,3678685.58,1,7,2,470.66,4706,4.706,0.471,1461212251,146121225,2787.04,0.73,0.00,-1,-1,0.00
dag_4612b1ef61374610,vae_encode_06588b2f,vae_encode,2746361,2746361.00,3678685.58,3678687.04,3685680.70,1,8,4,698.24,6982,6.982,0.698,1040810869,104081086,1985.19,0.75,0.00,-1,-1,0.00
dag_698e35e1766c433f,vae_encode_e5251b96,vae_encode,2813956,2813956.00,3739526.13,3739647.16,3740095.34,2,1000,16,324.21,3242,3.242,0.324,792044458,79204445,1510.70,0.55,0.00,-1,-1,0.00
dag_6751fb9a83ed408d,unet_denoise_f246b296,unet_denoise,1980673,2859322.48,3740095.34,3740096.78,3747275.40,1,13,14,716.74,7167,7.167,0.717,3576005275,357600527,6820.69,0.95,0.00,-1,-1,0.00
dag_e7ccfd39016d4183,unet_denoise_8379c977,unet_denoise,2044685,2862683.57,3747275.40,3747276.86,3750637.51,1,10,8,334.95,3349,3.349,0.335,3633272016,363327201,6929.92,0.65,0.00,-1,-1,0.00
dag_2672a5cdae594062,vae_encode_fd18f960,vae_encode,2065622,2871816.65,3750637.51,3750638.94,3757304.56,1,12,12,665.41,6654,6.654,0.665,1390899273,139089927,2652.93,0.54,0.00,-1,-1,0.00
dag_daff787d847b4d66,vae_encode_724a0201,vae_encode,2871924,2871924.00,3757304.56,3757305.98,3762913.61,1,11,10,559.62,5596,5.596,0.560,1293901843,129390184,2467.92,0.61,0.00,-1,-1,0.00
dag_b510dd059fda4965,vae_encode_c9830294,vae_encode,2909879,2909879.00,3762913.61,3762915.06,3768422.72,1,7,2,550.61,5506,5.506,0.551,783297027,78329702,1494.02,0.76,0.00,-1,-1,0.00
dag_45623821bc4b48ca,vae_encode_88715339,vae_encode,2913489,2913489.00,3768422.72,3768424.15,3775698.77,1,7,2,726.33,7263,7.263,0.726,1053744694,105374469,2009.86,0.42,0.00,-1,-1,0.00
dag_66fba26b7c8c4266,vae_encode_e960e6cd,vae_encode,2082853,2925918.75,3775698.77,3775819.80,3776474.69,2,1000,16,530.93,5309,5.309,0.531,605764104,60576410,1155.40,0.55,0.00,-1,-1,0.00
dag_02c30d07c2df4f53,unet_denoise_742bd754,unet_denoise,2094720,2931824.80,3776474.69,3776476.14,3784593.79,1,10,8,810.62,8106,8.106,0.811,2854231809,285423180,5444.02,0.94,0.00,-1,-1,0.00
dag_8240779e963a41fd,unet_denoise_9209dc8e,unet_denoise,2195145,2937349.84,3784593.79,3784595.24,3789863.90,1,9,6,525.75,5257,5.257,0.526,2511918836,251191883,4791.10,0.83,0.00,-1,-1,0.00
dag_8a885e2c63a444bc,unet_denoise_2fe59264,unet_denoise,1639359,2938128.29,3789863.90,3789984.89,3790932.03,2,1000,16,823.27,8232,8.232,0.823,3117519614,311751961,5946.20,0.76,0.00,-1,-1,0.00
dag_046e5a04b57748db,unet_denoise_4b2c2361,unet_denoise,2207056,2943444.38,3790932.03,3790933.47,3797307.09,1,12,12,636.25,6362,6.362,0.636,3070935664,307093566,5857.34,0.78,0.00,-1,-1,0.00
dag_288726b3084342ae,unet_denoise_490bb046,unet_denoise,1475104,2943791.43,3797307.09,3797427.72,3798052.58,2,1000,16,501.49,5014,5.014,0.501,4346581017,434658101,8290.45,0.43,0.00,-1,-1,0.00
dag_0e0ca4159e544e86,lora_load_787d05fa,lora_load,2944176,2944176.00,3798052.58,3798173.50,3806638.16,2,1000,16,8340.88,83408,83.408,8.341,1185185076,118518507,2260.56,0.75,0.00,-1,-1,0.00
dag_79b32ae1f64043d1,unet_denoise_eb50097c,unet_denoise,1020281,2944190.29,3806638.16,3806639.59,3826907.22,1,13,14,2025.69,20256,20.256,2.026,3215953754,321595375,6133.94,0.59,0.00,-1,-1,0.00
dag_9c3a4b173dc84179,sampler_9497a8df,sampler,1024634,2950647.33,3826907.22,3827027.74,3827203.77,2,1000,16,52.74,527,0.527,0.053,423347174,42334717,807.47,0.45,0.00,-1,-1,0.00
dag_c4fc9dded3924f0a,sampler_4181f6a3,sampler,832179,2955675.37,3827203.77,3827205.21,3827540.83,1,11,10,32.43,324,0.324,0.032,358667552,35866755,684.10,0.84,0.00,-1,-1,0.00
dag_44a26dab89444865,unet_denoise_a609da7f,unet_denoise,1234450,2955959.85,3827540.83,3827542.26,3833111.89,1,7,2,555.82,5558,5.558,0.556,4503400583,450340058,8589.55,0.91,0.00,-1,-1,0.00
dag_58e29ceb412c47dc,sampler_8b5c61f3,sampler,1045271,2960367.96,3833111.89,3833113.33,3833403.98,1,8,4,27.94,279,0.279,0.028,764195095,76419509,1457.59,0.89,0.00,-1,-1,0.00
dag_41e89bfae0694fb9,sampler_80370ea8,sampler,1367192,2968318.02,3833403.98,3833405.44,3833934.09,1,10,8,51.78,517,0.517,0.052,463392180,46339218,883.85,0.45,0.00,-1,-1,0.00
dag_3ae1fe8af2dd4c57,unet_denoise_71af6972,unet_denoise,1245010,2968957.07,3833934.09,3834054.75,3835159.95,2,1000,16,981.71,9817,9.817,0.982,3532924300,353292430,6738.52,0.71,0.00,-1,-1,0.00
dag_46cf51d5c3044117,vae_encode_c3bb7261,vae_encode,3003208,3003208.00,3835159.95,3835161.39,3840417.02,1,9,6,524.41,5244,5.244,0.524,829678298,82967829,1582.49,0.75,0.00,-1,-1,0.00
dag_ae3c419505354e80,vae_encode_33fe23eb,vae_encode,3004484,3004484.00,3840417.02,3840418.47,3846403.13,1,11,10,597.33,5973,5.973,0.597,929146950,92914695,1772.21,0.61,0.00,-1,-1,0.00
dag_46455272cbe54ec8,vae_encode_5d792043,vae_encode,2255434,3018165.11,3846403.13,3846404.56,3851419.18,1,8,4,501.38,5013,5.013,0.501,1114558275,111455827,2125.85,0.57,0.00,-1,-1,0.00
dag_41ec2176cd454bc4,unet_denoise_ce070793,unet_denoise,1518045,3018644.20,3851419.18,3851420.64,3856774.30,1,7,2,535.25,5352,5.352,0.535,3314200651,331420065,6321.34,0.74,0.00,-1,-1,0.00
dag_7f3be6398c5f4569,sampler_878ba5c2,sampler,1673046,3030057.32,3856774.30,3856775.75,3857558.39,1,6,0,78.19,781,0.781,0.078,336361582,33636158,641.56,0.55,0.00,-1,-1,0.00
dag_e0bf0b0c3c93417d,unet_denoise_2d8ffe97,unet_denoise,1521599,3030406.36,3857558.39,3857559.85,3862045.51,1,8,4,447.40,4474,4.474,0.447,2376647367,237664736,4533.10,0.60,0.00,-1,-1,0.00
dag_73f06810d4f94121,sampler_2559f957,sampler,1048269,3038085.41,3862045.51,3862046.93,3862602.54,1,10,8,54.46,544,0.544,0.054,618341868,61834186,1179.39,0.41,0.00,-1,-1,0.00
dag_66afb2b173ef46b3,sampler_6314fc21,sampler,1689059,3042310.52,3862602.54,3862604.00,3862873.66,1,6,0,25.87,258,0.258,0.026,607853588,60785358,1159.39,0.94,0.00,-1,-1,0.00
dag_acef7e389a114bcc,sampler_f700cdb2,sampler,833139,3043171.13,3862873.66,3862875.09,3863271.70,1,12,12,38.54,385,0.385,0.039,658721975,65872197,1256.41,0.73,0.00,-1,-1,0.00
dag_06313785c32c493a,unet_denoise_6bfbea84,unet_denoise,1253795,3043441.17,3863271.70,3863273.16,3867581.83,1,8,4,429.75,4297,4.297,0.430,4230476280,423047628,8068.99,0.70,0.00,-1,-1,0.00
dag_4223921a13d94f85,unet_denoise_83c4c877,unet_denoise,1528507,3044209.26,3867581.83,3867583.28,3876796.94,1,11,10,920.25,9202,9.202,0.920,3549842650,354984265,6770.79,0.51,0.00,-1,-1,0.00
dag_6c49e8f33c75421e,unet_denoise_0b2ae157,unet_denoise,2304077,3048263.37,3876796.94,3876798.39,3885099.04,1,7,2,828.95,8289,8.289,0.829,3410776115,341077611,6505.54,0.78,0.00,-1,-1,0.00
dag_e4d333c3eab5448d,unet_denoise_7ee9d5f1,unet_denoise,1697292,3053228.41,3885099.04,3885219.97,3885715.22,2,1000,16,371.49,3714,3.714,0.371,2018994972,201899497,3850.93,0.49,0.00,-1,-1,0.00
dag_eb11baf7ee404c2f,unet_denoise_87c4ecf4,unet_denoise,1530044,3053600.49,3885715.22,3885835.97,3886424.41,2,1000,16,464.84,4648,4.648,0.465,5392141304,539214130,10284.69,0.60,0.00,-1,-1,0.00
dag_7eeaa25eb2024286,unet_denoise_d1c49c8c,unet_denoise,846479,3053879.08,3886424.41,3886425.86,3891484.52,1,12,12,504.72,5047,5.047,0.505,2910736069,291073606,5551.79,0.53,0.00,-1,-1,0.00
dag_628c617e7c804df0,lora_load_0c0573e3,lora_load,3058035,3058035.00,3891484.52,3891485.94,3930899.56,1,9,6,3940.22,39402,39.402,3.940,1363368559,136336855,2600.42,0.55,0.00,-1,-1,0.00
dag_a7af186451ff4870,sampler_bd1e7bd8,sampler,1076091,3062350.19,3930899.56,3930900.99,3931562.61,1,10,8,65.05,650,0.650,0.065,646246548,64624654,1232.62,0.47,0.00,-1,-1,0.00
dag_c939c36c249f4616,unet_denoise_3801e3c7,unet_denoise,852984,3062681.31,3931562.61,3931564.06,3937721.70,1,8,4,614.65,6146,6.146,0.615,3140980422,314098042,5990.94,0.66,0.00,-1,-1,0.00
dag_475955bb70184b83,unet_denoise_ac76e981,unet_denoise,877914,3063257.43,3937721.70,3937842.26,3938775.44,2,1000,16,809.82,8098,8.098,0.810,4221550177,422155017,8051.97,0.52,0.00,-1,-1,0.00
dag_3d98a7542f9e4c06,unet_denoise_2119f213,unet_denoise,665144,3063790.48,3938775.44,3938896.29,3939700.86,2,1000,16,680.87,6808,6.808,0.681,5021933966,502193396,9578.58,0.71,0.00,-1,-1,0.00
dag_460c3a8ec45a455a,vae_encode_a8ebe7fc,vae_encode,3071505,3071505.00,3939700.86,3939702.30,3943227.95,1,9,6,351.41,3514,3.514,0.351,796746812,79674681,1519.67,0.50,0.00,-1,-1,0.00
dag_12e6b55766fb4483,sampler_ae10b362,sampler,1397302,3073280.57,3943227.95,3943229.38,3943837.00,1,9,6,59.64,596,0.596,0.060,522293860,52229386,996.20,0.94,0.00,-1,-1,0.00
dag_0605d9f01775453c,sampler_fcd4c67c,sampler,638666,3083565.68,3943837.00,3943957.52,3944141.76,2,1000,16,60.98,609,0.609,0.061,465601110,46560111,888.06,0.67,0.00,-1,-1,0.00
dag_52fb11ac19314df7,lora_load_41db6b49,lora_load,3088750,3088750.00,3944141.76,3944143.20,3975401.84,1,12,12,3124.74,31247,31.247,3.125,753172385,75317238,1436.56,0.62,0.00,-1,-1,0.00
dag_26efd09e7e754609,sampler_ce5a4a49,sampler,421232,3091369.77,3975401.84,3975403.28,3975930.91,1,6,0,51.65,516,0.516,0.052,736689502,73668950,1405.12,0.77,0.00,-1,-1,0.00
dag_1f52bd4c90834fa8,sampler_86c84b26,sampler,360567,3094929.84,3975930.91,3975932.35,3976181.99,1,8,4,23.86,238,0.238,0.024,417374389,41737438,796.08,0.76,0.00,-1,-1,0.00
dag_12254e00c86d4913,unet_denoise_9ed2d06c,unet_denoise,2369585,3099741.96,3976181.99,3976183.43,4007132.08,1,10,8,3093.77,30937,30.937,3.094,3726579393,372657939,7107.89,0.69,0.00,-1,-1,0.00
dag_3977d777d6e44106,sampler_90b9daba,sampler,1413843,3104633.02,4007132.08,4007252.93,4007415.00,2,1000,16,38.38,383,0.383,0.038,528456937,52845693,1007.95,0.48,0.00,-1,-1,0.00
dag_53ac1a8f51e34e5c,sampler_2bdc127e,sampler,1745860,3110028.07,4007415.00,4007416.43,4007822.06,1,10,8,39.48,394,0.394,0.039,607931836,60793183,1159.54,0.44,0.00,-1,-1,0.00
dag_4afcd44eea2e4627,sampler_643f9f38,sampler,677740,3115836.18,4007822.06,4007823.49,4008229.12,1,13,14,39.46,394,0.394,0.039,511247087,51124708,975.13,0.59,0.00,-1,-1,0.00
dag_38ec206859024673,sampler_931c4aba,sampler,364301,3117100.14,4008229.12,4008230.56,4009074.19,1,8,4,83.22,832,0.832,0.083,827049992,82704999,1577.47,0.73,0.00,-1,-1,0.00
dag_1f23f3a4c41b4836,sampler_c60d78a1,sampler,290674,3121434.19,4009074.19,4009075.61,4009370.23,1,6,0,28.39,283,0.283,0.028,223453982,22345398,426.20,0.50,0.00,-1,-1,0.00
dag_5d27d0b9ef574f30,sampler_e4ec0a8c,sampler,445937,3129379.23,4009370.23,4009491.08,4009662.55,2,1000,16,47.72,477,0.477,0.048,499363646,49936364,952.46,0.80,0.00,-1,-1,0.00
dag_1225345267d447cc,vae_encode_56800406,vae_encode,3131479,3131479.00,4009662.55,4009663.98,4014391.61,1,8,4,471.64,4716,4.716,0.472,1070767983,107076798,2042.33,0.79,0.00,-1,-1,0.00
dag_bea8b8165f864dbb,sampler_41440a82,sampler,1776489,3139378.32,4014391.61,4014393.05,4015043.70,1,6,0,63.92,639,0.639,0.064,300714738,30071473,573.57,0.46,0.00,-1,-1,0.00
dag_ad36e74386b9411c,sampler_3452620b,sampler,311979,3141194.41,4015043.70,4015045.12,4015189.73,1,7,2,13.35,133,0.133,0.013,669114704,66911470,1276.24,0.45,0.00,-1,-1,0.00
dag_2ef9fa6af23a4570,sampler_3386e697,sampler,531091,3149890.51,4015189.73,4015310.36,4015493.32,2,1000,16,59.58,595,0.595,0.060,513183556,51318355,978.82,0.64,0.00,-1,-1,0.00
dag_a4eb8e47d4f34c31,sampler_72a0da79,sampler,1812352,3155688.56,4015493.32,4015494.75,4015841.38,1,10,8,33.58,335,0.335,0.034,578753025,57875302,1103.88,0.65,0.00,-1,-1,0.00
dag_dcd171853a6846bf,sampler_7b187174,sampler,1453489,3163589.67,4015841.38,4015842.83,4016513.47,1,6,0,65.99,659,0.659,0.066,709121157,70912115,1352.54,0.55,0.00,-1,-1,0.00
dag_959798270e604592,vae_encode_bec75ed4,vae_encode,3166836,3166836.00,4016513.47,4016514.91,4020501.54,1,9,6,397.52,3975,3.975,0.398,1578861973,157886197,3011.44,0.66,0.00,-1,-1,0.00
dag_63efbf42a747449f,vae_encode_da362a09,vae_encode,3173288,3173288.00,4020501.54,4020502.97,4025581.60,1,9,6,507.76,5077,5.077,0.508,1330494130,133049413,2537.72,0.76,0.00,-1,-1,0.00
dag_475c47767ca54a4b,sampler_2f60ff69,sampler,239931,3183333.79,4025581.60,4025583.04,4026882.69,1,8,4,128.88,1288,1.288,0.129,314645301,31464530,600.14,0.69,0.00,-1,-1,0.00
dag_819bfa9f377c43e3,vae_encode_cedfe030,vae_encode,2392891,3213395.90,4026882.69,4026884.14,4032058.78,1,10,8,516.39,5163,5.163,0.516,675235583,67523558,1287.91,0.68,0.00,-1,-1,0.00
dag_c4506bff0691461e,unet_denoise_6a9c7e5d,unet_denoise,411601,3213583.02,4032058.78,4032060.23,4034960.88,1,10,8,288.98,2889,2.889,0.289,3802188576,380218857,7252.10,0.59,0.00,-1,-1,0.00
dag_1b8611f4a71b4f21,unet_denoise_6bf5b91b,unet_denoise,216800,3214200.10,4034960.88,4035081.77,4036137.79,2,1000,16,932.33,9323,9.323,0.932,2644626801,264462680,5044.23,0.43,0.00,-1,-1,0.00
dag_7fcfd30e057e4720,unet_denoise_60fdb9f2,unet_denoise,2402161,3216550.21,4036137.79,4036139.22,4040311.85,1,7,2,416.19,4161,4.161,0.416,2280331823,228033182,4349.39,0.86,0.00,-1,-1,0.00
dag_7aa23edc3f9b4d7f,unet_denoise_98b97438,unet_denoise,663547,3216976.32,4040311.85,4040313.29,4046204.94,1,9,6,588.00,5880,5.880,0.588,3491785254,349178525,6660.05,0.83,0.00,-1,-1,0.00
dag_41d8494265914bda,vae_encode_8a05e3e7,vae_encode,2407936,3274989.44,4046204.94,4046325.63,4046896.57,2,1000,16,447.44,4474,4.474,0.447,1424257906,142425790,2716.56,0.70,0.00,-1,-1,0.00
dag_dffce61524874add,sampler_a50bc637,sampler,1837456,3283486.49,4046896.57,4047017.43,4047197.19,2,1000,16,56.01,560,0.560,0.056,503577038,50357703,960.50,0.52,0.00,-1,-1,0.00
dag_2604b14cf4864967,sampler_97b16add,sampler,1597098,3295141.55,4047197.19,4047318.08,4047537.09,2,1000,16,95.28,952,0.952,0.095,401903154,40190315,766.57,0.83,0.00,-1,-1,0.00
dag_48ce7371571e408e,vae_encode_6eb3f511,vae_encode,2443694,3545253.66,4047537.09,4047538.53,4054589.15,1,10,8,704.90,7049,7.049,0.705,1325832422,132583242,2528.82,0.43,0.00,-1,-1,0.00
dag_158e662ab43f41be,unet_denoise_ed633cbd,unet_denoise,1879793,3549455.73,4054589.15,4054590.58,4076290.20,1,6,0,2168.81,21688,21.688,2.169,3384003325,338400332,6454.47,0.88,0.00,-1,-1,0.00
dag_b1b7f34a46354e06,unet_denoise_06223972,unet_denoise,1601341,3549787.76,4076290.20,4076291.65,4080517.30,1,8,4,421.46,4214,4.214,0.421,3337849656,333784965,6366.44,0.58,0.00,-1,-1,0.00
dag_df9fc3aa30db4ac6,unet_denoise_0c86670a,unet_denoise,955731,3550102.45,4080517.30,4080518.75,4089381.40,1,13,14,885.14,8851,8.851,0.885,3167669090,316766909,6041.85,0.68,0.00,-1,-1,0.00
dag_58f9446bbd3d4230,vae_encode_c959c701,vae_encode,2508851,3597777.51,4089381.40,4089382.84,4093253.49,1,6,0,385.97,3859,3.859,0.386,937035353,93703535,1787.25,0.60,0.00,-1,-1,0.00
dag_afc950e6813c4577,unet_denoise_dd311c7b,unet_denoise,1318234,3598362.55,4093253.49,4093254.94,4102429.59,1,12,12,916.33,9163,9.163,0.916,2484974839,248497483,4739.71,0.90,0.00,-1,-1,0.00
dag_72c99ec3b9a54445,unet_denoise_6821d0e1,unet_denoise,788640,3598660.77,4102429.59,4102431.04,4112335.70,1,11,10,989.32,9893,9.893,0.989,2787648119,278764811,5317.02,0.55,0.00,-1,-1,0.00
dag_c662227e80b24669,unet_denoise_375c0ac1,unet_denoise,1635280,3599129.83,4112335.70,4112337.15,4117797.81,1,9,6,544.97,5449,5.449,0.545,3228206419,322820641,6157.32,0.43,0.00,-1,-1,0.00
dag_301b8aa355cf41a5,sampler_d1dcc0b8,sampler,1924705,3607766.87,4117797.81,4117799.22,4118389.83,1,9,6,57.95,579,0.579,0.058,493943400,49394340,942.12,0.47,0.00,-1,-1,0.00
dag_cfa85fa4810942bf,sampler_587f82d9,sampler,1971515,3614728.98,4118389.83,4118391.28,4118769.94,1,8,4,36.80,367,0.367,0.037,927819573,92781957,1769.68,0.72,0.00,-1,-1,0.00
dag_7da0a6ba311a4a8d,unet_denoise_e848573b,unet_denoise,2557185,3619788.10,4118769.94,4118771.39,4123817.05,1,7,2,504.42,5044,5.044,0.504,3841068473,384106847,7326.26,0.62,0.00,-1,-1,0.00
dag_087a3e55add54b84,unet_denoise_d32061d5,unet_denoise,2579922,3623510.21,4123817.05,4123818.49,4128199.13,1,9,6,436.99,4369,4.369,0.437,4321601588,432160158,8242.80,0.43,0.00,-1,-1,0.00
dag_f4f63875da2a47da,unet_denoise_597ea95e,unet_denoise,2589118,3624326.29,4128199.13,4128200.56,4133528.19,1,8,4,531.69,5316,5.316,0.532,2742198614,274219861,5230.33,0.69,0.00,-1,-1,0.00
dag_0a118d4db805487c,vae_encode_57d16559,vae_encode,2597180,3666217.35,4133528.19,4133649.08,4134294.39,2,1000,16,521.54,5215,5.215,0.522,856239759,85623975,1633.15,0.67,0.00,-1,-1,0.00
dag_bb8425b128964146,unet_denoise_1af712c8,unet_denoise,2714901,3671150.40,4134294.39,4134415.28,4135267.49,2,1000,16,728.47,7284,7.284,0.728,1867265601,186726560,3561.53,0.64,0.00,-1,-1,0.00
dag_99104302e6ae4866,unet_denoise_5b23bb41,unet_denoise,2736704,3673966.52,4135267.49,4135268.93,4141922.57,1,11,10,665.25,6652,6.652,0.665,2796093377,279609337,5333.12,0.67,0.00,-1,-1,0.00
dag_3616f9eb4acd4cce,unet_denoise_7ce00d30,unet_denoise,2740620,3678685.58,4141922.57,4141923.99,4149983.60,1,10,8,804.84,8048,8.048,0.805,1700414138,170041413,3243.28,0.83,0.00,-1,-1,0.00
dag_4612b1ef61374610,unet_denoise_c13f41fc,unet_denoise,2746361,3685680.70,4149983.60,4149985.02,4157954.64,1,9,6,795.83,7958,7.958,0.796,3174950657,317495065,6055.74,0.44,0.00,-1,-1,0.00
dag_6751fb9a83ed408d,sampler_51216ad5,sampler,1980673,3747275.40,4169069.06,4169070.51,4169545.16,1,6,0,46.34,463,0.463,0.046,767936888,76793688,1464.72,0.44,0.00,-1,-1,0.00
dag_e7ccfd39016d4183,sampler_eba782e1,sampler,2044685,3750637.51,4169545.16,4169546.62,4169839.27,1,11,10,28.20,281,0.281,0.028,777455265,77745526,1482.88,0.78,0.00,-1,-1,0.00
dag_2672a5cdae594062,unet_denoise_1d61f562,unet_denoise,2065622,3757304.56,4169839.27,4169840.72,4175364.35,1,9,6,551.24,5512,5.512,0.551,3952121924,395212192,7538.07,0.78,0.00,-1,-1,0.00
dag_daff787d847b4d66,unet_denoise_8650a321,unet_denoise,2871924,3762913.61,4175364.35,4175365.80,4179122.44,1,7,2,374.51,3745,3.745,0.375,4354302039,435430203,8305.17,0.85,0.00,-1,-1,0.00
dag_b510dd059fda4965,unet_denoise_840b0b17,unet_denoise,2909879,3768422.72,4179122.44,4179123.88,4182653.52,1,13,14,351.86,3518,3.518,0.352,2812815458,281281545,5365.02,0.63,0.00,-1,-1,0.00
dag_45623821bc4b48ca,unet_denoise_46dbfef7,unet_denoise,2913489,3775698.77,4182653.52,4182654.95,4190165.58,1,11,10,749.92,7499,7.499,0.750,3593985715,359398571,6854.98,0.60,0.00,-1,-1,0.00
dag_66fba26b7c8c4266,unet_denoise_e3bd956a,unet_denoise,2082853,3776474.69,4190165.58,4190167.01,4201207.63,1,8,4,1103.97,11039,11.039,1.104,2934215310,293421531,5596.57,0.52,0.00,-1,-1,0.00
dag_02c30d07c2df4f53,sampler_dca5dd81,sampler,2094720,3784593.79,4201207.63,4201209.07,4201798.70,1,13,14,57.85,578,0.578,0.058,422932910,42293291,806.68,0.72,0.00,-1,-1,0.00
dag_8240779e963a41fd,sampler_004d0899,sampler,2195145,3789863.90,4201798.70,4201800.14,4202264.78,1,10,8,45.33,453,0.453,0.045,465323580,46532358,887.53,0.91,0.00,-1,-1,0.00
dag_8a885e2c63a444bc,sampler_860d1e8f,sampler,1639359,3790932.03,4202264.78,4202266.22,4202765.85,1,12,12,48.84,488,0.488,0.049,414179851,41417985,789.99,0.49,0.00,-1,-1,0.00
dag_046e5a04b57748db,sampler_8ef261d5,sampler,2207056,3797307.09,4202765.85,4202767.29,4203218.92,1,8,4,44.01,440,0.440,0.044,675428743,67542874,1288.28,0.95,0.00,-1,-1,0.00
dag_288726b3084342ae,sampler_f99beb37,sampler,1475104,3798052.58,4203218.92,4203220.35,4203600.97,1,11,10,36.94,369,0.369,0.037,348794573,34879457,665.27,0.73,0.00,-1,-1,0.00
dag_0e0ca4159e544e86,vae_encode_668b916f,vae_encode,2944176,3806638.16,4203600.97,4203602.40,4210922.03,1,7,2,730.82,7308,7.308,0.731,1073263888,107326388,2047.09,0.64,0.00,-1,-1,0.00
dag_79b32ae1f64043d1,sampler_5145726b,sampler,1020281,3826907.22,4210922.03,4210923.49,4212193.15,1,10,8,125.86,1258,1.258,0.126,431164226,43116422,822.38,0.54,0.00,-1,-1,0.00
dag_9c3a4b173dc84179,unet_denoise_acb892dc,unet_denoise,1024634,3827203.77,4212193.15,4212194.59,4218780.23,1,9,6,657.45,6574,6.574,0.657,3240199019,324019901,6180.19,0.91,0.00,-1,-1,0.00
dag_c4fc9dded3924f0a,unet_denoise_0474f653,unet_denoise,832179,3827540.83,4218780.23,4218781.66,4223760.29,1,8,4,496.75,4967,4.967,0.497,4060208469,406020846,7744.23,0.76,0.00,-1,-1,0.00
dag_44a26dab89444865,sampler_664213d2,sampler,1234450,3833111.89,4223760.29,4223761.73,4224215.36,1,7,2,44.30,442,0.442,0.044,649837958,64983795,1239.47,0.82,0.00,-1,-1,0.00
dag_58e29ceb412c47dc,unet_denoise_70d1d5af,unet_denoise,1045271,3833403.98,4224215.36,4224216.80,4228864.42,1,12,12,463.67,4636,4.636,0.464,3265295990,326529599,6228.06,0.50,0.00,-1,-1,0.00
dag_41e89bfae0694fb9,unet_denoise_4737ffe2,unet_denoise,1367192,3833934.09,4228864.42,4228865.85,4235990.48,1,9,6,711.34,7113,7.113,0.711,2859861851,285986185,5454.75,0.46,0.00,-1,-1,0.00
dag_3ae1fe8af2dd4c57,sampler_22c8dbb6,sampler,1245010,3835159.95,4235990.48,4236111.61,4236292.53,2,1000,16,56.88,568,0.568,0.057,495828664,49582866,945.72,0.75,0.00,-1,-1,0.00
dag_46cf51d5c3044117,unet_denoise_e92dc610,unet_denoise,3003208,3840417.02,4236292.53,4236293.96,4241246.59,1,11,10,494.10,4941,4.941,0.494,2115611705,211561170,4035.21,0.88,0.00,-1,-1,0.00
dag_ae3c419505354e80,unet_denoise_62cd470e,unet_denoise,3004484,3846403.13,4241246.59,4241248.02,4246225.66,1,12,12,496.64,4966,4.966,0.497,3439303600,343930360,6559.95,0.75,0.00,-1,-1,0.00
dag_46455272cbe54ec8,unet_denoise_999d15c5,unet_denoise,2255434,3851419.18,4246225.66,4246227.12,4255172.78,1,8,4,893.40,8934,8.934,0.893,2516489263,251648926,4799.82,0.85,0.00,-1,-1,0.00
dag_41ec2176cd454bc4,sampler_54631c1f,sampler,1518045,3856774.30,4255172.78,4255174.24,4255573.91,1,9,6,38.89,388,0.388,0.039,736614562,73661456,1404.98,0.46,0.00,-1,-1,0.00
dag_7f3be6398c5f4569,unet_denoise_247fa491,unet_denoise,1673046,3857558.39,4255573.91,4255575.37,4266886.03,1,12,12,1129.98,11299,11.299,1.130,2750008898,275000889,5245.23,0.74,0.00,-1,-1,0.00
dag_e0bf0b0c3c93417d,sampler_c7671ae0,sampler,1521599,3862045.51,4266886.03,4266887.45,4267228.06,1,7,2,32.95,329,0.329,0.033,701928979,70192897,1338.82,0.44,0.00,-1,-1,0.00
dag_73f06810d4f94121,unet_denoise_adbaefad,unet_denoise,1048269,3862602.54,4267228.06,4267229.49,4275309.11,1,11,10,806.83,8068,8.068,0.807,2756332208,275633220,5257.29,0.54,0.00,-1,-1,0.00
dag_66afb2b173ef46b3,unet_denoise_a721f5ce,unet_denoise,1689059,3862873.66,4275309.11,4275310.57,4278318.24,1,12,12,299.66,2996,2.996,0.300,3283824961,328382496,6263.40,0.66,0.00,-1,-1,0.00
dag_acef7e389a114bcc,unet_denoise_7768d054,unet_denoise,833139,3863271.70,4278318.24,4278439.40,4279155.97,2,1000,16,592.49,5924,5.924,0.592,2143354083,214335408,4088.12,0.50,0.00,-1,-1,0.00
dag_06313785c32c493a,sampler_4966f8c0,sampler,1253795,3867581.83,4279155.97,4279157.40,4279407.03,1,13,14,23.87,238,0.238,0.024,711951583,71195158,1357.94,0.68,0.00,-1,-1,0.00
dag_4223921a13d94f85,sampler_2102decb,sampler,1528507,3876796.94,4279407.03,4279408.46,4280127.09,1,6,0,70.77,707,0.707,0.071,308646953,30864695,588.70,0.82,0.00,-1,-1,0.00
dag_6c49e8f33c75421e,sampler_1e3ab928,sampler,2304077,3885099.04,4280127.09,4280128.52,4280745.14,1,11,10,60.59,605,0.605,0.061,614432334,61443233,1171.94,0.62,0.00,-1,-1,0.00
dag_e4d333c3eab5448d,sampler_c4d4b113,sampler,1697292,3885715.22,4280745.14,4280746.60,4280983.26,1,7,2,23.53,235,0.235,0.024,418193597,41819359,797.64,0.79,0.00,-1,-1,0.00
dag_eb11baf7ee404c2f,sampler_d9360557,sampler,1530044,3886424.41,4280983.26,4280984.72,4281279.39,1,9,6,28.35,283,0.283,0.028,534365105,53436510,1019.22,0.64,0.00,-1,-1,0.00
dag_7eeaa25eb2024286,sampler_ff825b8e,sampler,846479,3891484.52,4281279.39,4281280.85,4281667.51,1,10,8,37.52,375,0.375,0.038,492968083,49296808,940.26,0.72,0.00,-1,-1,0.00
dag_628c617e7c804df0,vae_encode_08138a11,vae_encode,3058035,3930899.56,4281667.51,4281668.95,4285257.57,1,13,14,357.77,3577,3.577,0.358,1318274773,131827477,2514.41,0.68,0.00,-1,-1,0.00
dag_a7af186451ff4870,unet_denoise_9655e26d,unet_denoise,1076091,3931562.61,4285257.57,4285259.02,4292988.66,1,9,6,772.86,7728,7.728,0.773,3410609267,341060926,6505.22,0.45,0.00,-1,-1,0.00
dag_c939c36c249f4616,sampler_4715587a,sampler,852984,3937721.70,4292988.66,4292990.08,4293338.69,1,10,8,33.71,337,0.337,0.034,512538418,51253841,977.59,0.42,0.00,-1,-1,0.00
dag_475955bb70184b83,sampler_05effdd6,sampler,877914,3938775.44,4293338.69,4293340.12,4293871.76,1,8,4,52.03,520,0.520,0.052,657768763,65776876,1254.59,0.74,0.00,-1,-1,0.00
dag_3d98a7542f9e4c06,sampler_b623f797,sampler,665144,3939700.86,4293871.76,4293873.20,4294332.83,1,6,0,45.80,458,0.458,0.046,461171862,46117186,879.62,0.51,0.00,-1,-1,0.00
dag_460c3a8ec45a455a,unet_denoise_3be5b858,unet_denoise,3071505,3943227.95,4294332.83,4294334.27,4305374.90,1,10,8,1102.99,11029,11.029,1.103,3708400957,370840095,7073.21,0.84,0.00,-1,-1,0.00
dag_12e6b55766fb4483,unet_denoise_119ca6ce,unet_denoise,1397302,3943837.00,4305374.90,4305376.33,4316045.94,1,13,14,1066.82,10668,10.668,1.067,3403375532,340337553,6491.42,0.57,0.00,-1,-1,0.00
dag_0605d9f01775453c,unet_denoise_7b379eb5,unet_denoise,638666,3944141.76,4316045.94,4316047.40,4325096.06,1,7,2,904.74,9047,9.047,0.905,2381770702,238177070,4542.87,0.80,0.00,-1,-1,0.00
dag_52fb11ac19314df7,vae_encode_07481789,vae_encode,3088750,3975401.84,4325096.06,4325097.50,4330077.14,1,6,0,496.81,4968,4.968,0.497,736612362,73661236,1404.98,0.45,0.00,-1,-1,0.00
dag_26efd09e7e754609,unet_denoise_f706bd12,unet_denoise,421232,3975930.91,4330077.14,4330078.58,4337337.22,1,12,12,724.74,7247,7.247,0.725,3148508564,314850856,6005.30,0.57,0.00,-1,-1,0.00
dag_1f52bd4c90834fa8,unet_denoise_bb355412,unet_denoise,360567,3976181.99,4337337.22,4337338.66,4341333.30,1,9,6,399.34,3993,3.993,0.399,3543647028,354364702,6758.97,0.45,0.00,-1,-1,0.00
dag_12254e00c86d4913,sampler_d05df64d,sampler,2369585,4007132.08,4341333.30,4341334.75,4343210.42,1,13,14,186.45,1864,1.864,0.186,352641979,35264197,672.61,0.52,0.00,-1,-1,0.00
dag_3977d777d6e44106,unet_denoise_30f35d10,unet_denoise,1413843,4007415.00,4343210.42,4343211.85,4348979.47,1,10,8,576.63,5766,5.766,0.577,3372434915,337243491,6432.41,0.51,0.00,-1,-1,0.00
dag_53ac1a8f51e34e5c,unet_denoise_cabf5ddd,unet_denoise,1745860,4007822.06,4348979.47,4349100.22,4349871.06,2,1000,16,647.25,6472,6.472,0.647,2451729435,245172943,4676.30,0.75,0.00,-1,-1,0.00
dag_4afcd44eea2e4627,unet_denoise_b24b6dd9,unet_denoise,677740,4008229.12,4349871.06,4349872.49,4355328.12,1,11,10,545.48,5454,5.454,0.545,2119840563,211984056,4043.28,0.76,0.00,-1,-1,0.00
dag_38ec206859024673,unet_denoise_1f47c04d,unet_denoise,364301,4009074.19,4355328.12,4355448.84,4356882.53,2,1000,16,1310.19,13101,13.101,1.310,5035165626,503516562,9603.82,0.61,0.00,-1,-1,0.00
dag_1f23f3a4c41b4836,unet_denoise_986858be,unet_denoise,290674,4009370.23,4356882.53,4356883.99,4362260.65,1,13,14,536.50,5365,5.365,0.537,3458565184,345856518,6596.69,0.78,0.00,-1,-1,0.00
dag_5d27d0b9ef574f30,unet_denoise_def64e65,unet_denoise,445937,4009662.55,4362260.65,4362262.10,4370180.76,1,8,4,790.73,7907,7.907,0.791,3629864010,362986401,6923.42,0.88,0.00,-1,-1,0.00
dag_1225345267d447cc,unet_denoise_5bb62cd8,unet_denoise,3131479,4014391.61,4370180.76,4370182.20,4378049.84,1,11,10,785.66,7856,7.856,0.786,2732319451,273231945,5211.49,0.89,0.00,-1,-1,0.00
dag_bea8b8165f864dbb,unet_denoise_d623c96e,unet_denoise,1776489,4015043.70,4378049.84,4378051.27,4385148.91,1,9,6,709.69,7096,7.096,0.710,3305220317,330522031,6304.21,0.60,0.00,-1,-1,0.00
dag_ad36e74386b9411c,unet_denoise_94f1935f,unet_denoise,311979,4015189.73,4385148.91,4385150.35,4387099.98,1,11,10,193.88,1938,1.938,0.194,3820964117,382096411,7287.91,0.55,0.00,-1,-1,0.00
dag_2ef9fa6af23a4570,unet_denoise_db86c0b1,unet_denoise,531091,4015493.32,4387099.98,4387101.44,4397215.09,1,9,6,1010.21,10102,10.102,1.010,5421730379,542173037,10341.13,0.74,0.00,-1,-1,0.00
dag_a4eb8e47d4f34c31,unet_denoise_e692e55d,unet_denoise,1812352,4015841.38,4397215.09,4397216.54,4401051.20,1,6,0,382.33,3823,3.823,0.382,2313187553,231318755,4412.06,0.72,0.00,-1,-1,0.00
dag_dcd171853a6846bf,unet_denoise_178cf5c4,unet_denoise,1453489,4016513.47,4401051.20,4401052.65,4408429.31,1,7,2,737.56,7375,7.375,0.738,3233199717,323319971,6166.84,0.64,0.00,-1,-1,0.00
dag_959798270e604592,unet_denoise_89d2e806,unet_denoise,3166836,4020501.54,4408429.31,4408430.76,4414411.42,1,12,12,596.96,5969,5.969,0.597,2921127046,292112704,5571.61,0.76,0.00,-1,-1,0.00
dag_63efbf42a747449f,unet_denoise_9ec1b118,unet_denoise,3173288,4025581.60,4414411.42,4414412.85,4422866.49,1,7,2,844.27,8442,8.442,0.844,4166028691,416602869,7946.07,0.50,0.00,-1,-1,0.00
dag_475c47767ca54a4b,unet_denoise_e159e707,unet_denoise,239931,4026882.69,4422866.49,4422867.93,4441239.57,1,7,2,1836.08,18360,18.360,1.836,4181807857,418180785,7976.17,0.49,0.00,-1,-1,0.00
dag_819bfa9f377c43e3,unet_denoise_ecccab40,unet_denoise,2392891,4032058.78,4441239.57,4441360.19,4444535.65,2,1000,16,3052.01,30520,30.520,3.052,2930012332,293001233,5588.56,0.48,0.00,-1,-1,0.00
dag_c4506bff0691461e,sampler_d96b1a87,sampler,411601,4034960.88,4444535.65,4444537.08,4444720.69,1,12,12,17.29,172,0.172,0.017,244923031,24492303,467.15,0.55,0.00,-1,-1,0.00
dag_1b8611f4a71b4f21,sampler_9d527b51,sampler,216800,4036137.79,4444720.69,4444722.11,4445344.72,1,13,14,61.13,611,0.611,0.061,506747961,50674796,966.55,0.68,0.00,-1,-1,0.00
dag_7fcfd30e057e4720,sampler_4ef14f95,sampler,2402161,4040311.85,4445344.72,4445346.18,4445689.84,1,8,4,33.27,332,0.332,0.033,605325467,60532546,1154.57,0.42,0.00,-1,-1,0.00
dag_7aa23edc3f9b4d7f,sampler_773f9347,sampler,663547,4046204.94,4445689.84,4445691.29,4446089.96,1,12,12,38.71,387,0.387,0.039,319443350,31944335,609.29,0.91,0.00,-1,-1,0.00
dag_41d8494265914bda,unet_denoise_958ec810,unet_denoise,2407936,4046896.57,4446089.96,4446091.39,4458325.02,1,8,4,1223.23,12232,12.232,1.223,2427853503,242785350,4630.76,0.76,0.00,-1,-1,0.00
dag_dffce61524874add,unet_denoise_0bbb701e,unet_denoise,1837456,4047197.19,4458325.02,4458445.75,4459639.38,2,1000,16,1070.08,10700,10.700,1.070,3952402852,395240285,7538.61,0.69,0.00,-1,-1,0.00
dag_2604b14cf4864967,unet_denoise_6d69cefe,unet_denoise,1597098,4047537.09,4459639.38,4459640.81,4471549.43,1,10,8,1189.75,11897,11.897,1.190,4105527021,410552702,7830.67,0.83,0.00,-1,-1,0.00
dag_48ce7371571e408e,unet_denoise_89b011b8,unet_denoise,2443694,4054589.15,4471549.43,4471670.29,4472077.46,2,1000,16,283.45,2834,2.834,0.283,2397077450,239707745,4572.06,0.51,0.00,-1,-1,0.00
dag_158e662ab43f41be,sampler_301f6622,sampler,1879793,4076290.20,4472077.46,4472198.21,4472470.14,2,1000,16,148.33,1483,1.483,0.148,409336577,40933657,780.75,0.94,0.00,-1,-1,0.00
dag_b1b7f34a46354e06,sampler_915edff0,sampler,1601341,4080517.30,4472470.14,4472591.00,4472754.07,2,1000,16,39.30,393,0.393,0.039,246326292,24632629,469.83,0.61,0.00,-1,-1,0.00
dag_df9fc3aa30db4ac6,sampler_dd7c03db,sampler,955731,4089381.40,4472754.07,4472755.50,4473352.14,1,6,0,58.54,585,0.585,0.059,349664516,34966451,666.93,0.50,0.00,-1,-1,0.00
dag_58f9446bbd3d4230,unet_denoise_3910b87b,unet_denoise,2508851,4093253.49,4473352.14,4473353.60,4483194.26,1,12,12,982.92,9829,9.829,0.983,2289864239,228986423,4367.57,0.49,0.00,-1,-1,0.00
dag_afc950e6813c4577,sampler_5ff11f4a,sampler,1318234,4102429.59,4483194.26,4483195.69,4483855.32,1,11,10,65.81,658,0.658,0.066,397532524,39753252,758.23,0.89,0.00,-1,-1,0.00
dag_72c99ec3b9a54445,sampler_5930a202,sampler,788640,4112335.70,4483855.32,4483856.76,4484587.41,1,8,4,71.95,719,0.719,0.072,729649394,72964939,1391.70,0.87,0.00,-1,-1,0.00
dag_c662227e80b24669,sampler_1ca2dcf9,sampler,1635280,4117797.81,4484587.41,4484588.86,4485047.53,1,8,4,44.72,447,0.447,0.045,431720714,43172071,823.44,0.90,0.00,-1,-1,0.00
dag_301b8aa355cf41a5,unet_denoise_8a9d81be,unet_denoise,1924705,4118389.83,4485047.53,4485048.97,4496427.62,1,9,6,1136.76,11367,11.367,1.137,4563371558,456337155,8703.94,0.59,0.00,-1,-1,0.00
dag_cfa85fa4810942bf,unet_denoise_5b947268,unet_denoise,1971515,4118769.94,4496427.62,4496429.05,4502421.69,1,7,2,598.11,5981,5.981,0.598,3986273220,398627322,7603.21,0.92,0.00,-1,-1,0.00
dag_7da0a6ba311a4a8d,sampler_3ce4be2d,sampler,2557185,4123817.05,4502421.69,4502423.12,4502752.75,1,8,4,31.84,318,0.318,0.032,514871968,51487196,982.04,0.65,0.00,-1,-1,0.00
dag_087a3e55add54b84,sampler_553581e3,sampler,2579922,4128199.13,4502752.75,4502754.18,4503049.80,1,6,0,28.49,284,0.284,0.028,635204683,63520468,1211.56,0.60,0.00,-1,-1,0.00
dag_f4f63875da2a47da,sampler_7e8a9ed9,sampler,2589118,4133528.19,4503049.80,4503170.66,4503323.62,2,1000,16,29.23,292,0.292,0.029,615863222,61586322,1174.67,0.86,0.00,-1,-1,0.00
dag_0a118d4db805487c,unet_denoise_15a029ac,unet_denoise,2597180,4134294.39,4503323.62,4503325.06,4519377.71,1,12,12,1604.12,16041,16.041,1.604,3505410538,350541053,6686.04,0.71,0.00,-1,-1,0.00
dag_bb8425b128964146,sampler_d1170a76,sampler,2714901,4135267.49,4519377.71,4519379.14,4519834.76,1,7,2,44.45,444,0.444,0.044,528860400,52886040,1008.72,0.81,0.00,-1,-1,0.00
dag_99104302e6ae4866,sampler_7bf1faeb,sampler,2736704,4141922.57,4519834.76,4519836.22,4520316.88,1,12,12,46.95,469,0.469,0.047,816136847,81613684,1556.66,0.89,0.00,-1,-1,0.00
dag_3616f9eb4acd4cce,sampler_5dfed06a,sampler,2740620,4149983.60,4520316.88,4520318.31,4520889.94,1,10,8,56.01,560,0.560,0.056,639086641,63908664,1218.96,0.66,0.00,-1,-1,0.00
dag_4612b1ef61374610,sampler_460659c0,sampler,2746361,4157954.64,4520889.94,4521010.66,4521202.55,2,1000,16,68.37,683,0.683,0.068,566053860,56605386,1079.66,0.82,0.00,-1,-1,0.00
dag_6751fb9a83ed408d,unet_denoise_11929339,unet_denoise,1980673,4169545.16,4521202.55,4521203.99,4528268.64,1,6,0,706.37,7063,7.063,0.706,3117296468,311729646,5945.77,0.72,0.00,-1,-1,0.00
dag_e7ccfd39016d4183,unet_denoise_b08e1318,unet_denoise,2044685,4169839.27,4528268.64,4528270.08,4532574.71,1,13,14,429.32,4293,4.293,0.429,3605186493,360518649,6876.35,0.85,0.00,-1,-1,0.00
dag_2672a5cdae594062,sampler_633c8c78,sampler,2065622,4175364.35,4532574.71,4532576.17,4532932.83,1,13,14,34.59,345,0.345,0.035,421641219,42164121,804.22,0.63,0.00,-1,-1,0.00
dag_daff787d847b4d66,sampler_261e9293,sampler,2871924,4179122.44,4532932.83,4532934.28,4533215.92,1,9,6,27.06,270,0.270,0.027,676297835,67629783,1289.94,0.57,0.00,-1,-1,0.00
dag_b510dd059fda4965,sampler_366f9acb,sampler,2909879,4182653.52,4533215.92,4533217.37,4533551.02,1,7,2,32.30,322,0.322,0.032,438956501,43895650,837.24,0.61,0.00,-1,-1,0.00
dag_45623821bc4b48ca,sampler_a9e602e9,sampler,2913489,4190165.58,4533551.02,4533552.47,4534069.13,1,8,4,50.57,505,0.505,0.051,574490002,57449000,1095.75,0.84,0.00,-1,-1,0.00
dag_66fba26b7c8c4266,sampler_a8356f0f,sampler,2082853,4201207.63,4534069.13,4534070.59,4534838.25,1,7,2,76.61,766,0.766,0.077,406023535,40602353,774.43,0.85,0.00,-1,-1,0.00
dag_02c30d07c2df4f53,unet_denoise_a8b51306,unet_denoise,2094720,4201798.70,4534838.25,4534959.14,4536153.95,2,1000,16,1071.07,10710,10.710,1.071,3456703549,345670354,6593.14,0.45,0.00,-1,-1,0.00
dag_8240779e963a41fd,unet_denoise_a772f31a,unet_denoise,2195145,4202264.78,4536153.95,4536155.39,4542212.04,1,8,4,604.56,6045,6.045,0.605,1811353701,181135370,3454.88,0.67,0.00,-1,-1,0.00
dag_8a885e2c63a444bc,unet_denoise_da07106c,unet_denoise,1639359,4202765.85,4542212.04,4542213.48,4550421.12,1,7,2,819.68,8196,8.196,0.820,3569345205,356934520,6807.99,0.49,0.00,-1,-1,0.00
dag_046e5a04b57748db,unet_denoise_dc9adad8,unet_denoise,2207056,4203218.92,4550421.12,4550422.55,4556732.17,1,11,10,630.89,6308,6.308,0.631,3021202742,302120274,5762.49,0.79,0.00,-1,-1,0.00
dag_288726b3084342ae,unet_denoise_a8cd6ea7,unet_denoise,1475104,4203600.97,4556732.17,4556733.62,4562172.28,1,11,10,542.73,5427,5.427,0.543,1931688684,193168868,3684.40,0.59,0.00,-1,-1,0.00
dag_0e0ca4159e544e86,unet_denoise_3f12276f,unet_denoise,2944176,4210922.03,4562172.28,4562173.72,4570504.35,1,8,4,831.96,8319,8.319,0.832,3452008691,345200869,6584.18,0.77,0.00,-1,-1,0.00
dag_79b32ae1f64043d1,unet_denoise_ae4f6a94,unet_denoise,1020281,4212193.15,4570504.35,4570505.79,4593968.42,1,7,2,2345.13,23451,23.451,2.345,3316421716,331642171,6325.57,0.68,0.00,-1,-1,0.00
dag_9c3a4b173dc84179,sampler_111af863,sampler,1024634,4218780.23,4593968.42,4593969.85,4594452.48,1,10,8,47.15,471,0.471,0.047,587961244,58796124,1121.45,0.77,0.00,-1,-1,0.00
dag_c4fc9dded3924f0a,sampler_03a71b9c,sampler,832179,4223760.29,4594452.48,4594453.93,4594744.58,1,7,2,28.93,289,0.289,0.029,465525400,46552540,887.92,0.50,0.00,-1,-1,0.00
dag_44a26dab89444865,unet_denoise_399939b7,unet_denoise,1234450,4224215.36,4594744.58,4594746.03,4601198.69,1,6,0,644.17,6441,6.441,0.644,2707936697,270793669,5164.98,0.42,0.00,-1,-1,0.00
dag_58e29ceb412c47dc,sampler_3709a77a,sampler,1045271,4228864.42,4601198.69,4601200.12,4601550.74,1,7,2,33.92,339,0.339,0.034,563050909,56305090,1073.93,0.68,0.00,-1,-1,0.00
dag_41e89bfae0694fb9,sampler_37265f81,sampler,1367192,4235990.48,4601550.74,4601671.77,4601841.65,2,1000,16,45.97,459,0.459,0.046,488721951,48872195,932.16,0.67,0.00,-1,-1,0.00
dag_3ae1fe8af2dd4c57,unet_denoise_ce7c1c9b,unet_denoise,1245010,4236292.53,4601841.65,4601962.21,4603092.59,2,1000,16,1007.03,10070,10.070,1.007,3457548869,345754886,6594.75,0.59,0.00,-1,-1,0.00
dag_46cf51d5c3044117,sampler_0ac50196,sampler,3003208,4241246.59,4603092.59,4603094.03,4603577.66,1,10,8,47.25,472,0.472,0.047,691533988,69153398,1319.00,0.89,0.00,-1,-1,0.00
dag_ae3c419505354e80,sampler_b6c42994,sampler,3004484,4246225.66,4603577.66,4603579.12,4603947.77,1,6,0,35.73,357,0.357,0.036,416730353,41673035,794.85,0.83,0.00,-1,-1,0.00
dag_46455272cbe54ec8,sampler_50e49141,sampler,2255434,4255172.78,4603947.77,4603949.23,4604793.88,1,8,4,83.32,833,0.833,0.083,424869015,42486901,810.37,0.41,0.00,-1,-1,0.00
dag_41ec2176cd454bc4,unet_denoise_e42e3b98,unet_denoise,1518045,4255573.91,4604793.88,4604795.33,4611265.99,1,11,10,645.98,6459,6.459,0.646,5617688457,561768845,10714.89,0.76,0.00,-1,-1,0.00
dag_7f3be6398c5f4569,sampler_d14578da,sampler,1673046,4266886.03,4611265.99,4611267.43,4612065.06,1,10,8,79.62,796,0.796,0.080,333688539,33368853,636.46,0.66,0.00,-1,-1,0.00
dag_e0bf0b0c3c93417d,unet_denoise_2969e0aa,unet_denoise,1521599,4267228.06,4612065.06,4612066.51,4616654.17,1,10,8,457.69,4576,4.576,0.458,2736813420,273681342,5220.06,0.57,0.00,-1,-1,0.00
dag_73f06810d4f94121,sampler_3d497e92,sampler,1048269,4275309.11,4616654.17,4616655.62,4617318.27,1,8,4,65.12,651,0.651,0.065,434114425,43411442,828.01,0.89,0.00,-1,-1,0.00
dag_66afb2b173ef46b3,sampler_a3efd7e2,sampler,1689059,4278318.24,4617318.27,4617439.02,4617589.46,2,1000,16,26.82,268,0.268,0.027,670148286,67014828,1278.21,0.45,0.00,-1,-1,0.00
dag_acef7e389a114bcc,sampler_f9982daf,sampler,833139,4279155.97,4617589.46,4617590.90,4618026.53,1,11,10,42.46,424,0.424,0.042,504669329,50466932,962.58,0.59,0.00,-1,-1,0.00
dag_06313785c32c493a,unet_denoise_d3b89f82,unet_denoise,1253795,4279407.03,4618026.53,4618027.98,4622386.63,1,12,12,434.73,4347,4.347,0.435,3410733689,341073368,6505.46,0.48,0.00,-1,-1,0.00
dag_4223921a13d94f85,unet_denoise_7df9d948,unet_denoise,1528507,4280127.09,4622386.63,4622388.08,4632225.73,1,8,4,982.62,9826,9.826,0.983,2216893918,221689391,4228.39,0.43,0.00,-1,-1,0.00
dag_6c49e8f33c75421e,unet_denoise_7b9be436,unet_denoise,2304077,4280745.14,4632225.73,4632227.17,4640117.81,1,10,8,787.95,7879,7.879,0.788,2349155260,234915526,4480.66,0.59,0.00,-1,-1,0.00
dag_e4d333c3eab5448d,unet_denoise_70fcb290,unet_denoise,1697292,4280983.26,4640117.81,4640119.24,4643998.86,1,6,0,386.81,3868,3.868,0.387,2538792212,253879221,4842.36,0.41,0.00,-1,-1,0.00
dag_eb11baf7ee404c2f,unet_denoise_1b42fd3b,unet_denoise,1530044,4281279.39,4643998.86,4644000.29,4649443.92,1,6,0,543.27,5432,5.432,0.543,3234078234,323407823,6168.51,0.63,0.00,-1,-1,0.00
dag_7eeaa25eb2024286,unet_denoise_7589887a,unet_denoise,846479,4281667.51,4649443.92,4649565.05,4650108.57,2,1000,16,419.43,4194,4.194,0.419,3220705058,322070505,6143.01,0.48,0.00,-1,-1,0.00
dag_628c617e7c804df0,unet_denoise_5ead3a32,unet_denoise,3058035,4285257.57,4650108.57,4650110.02,4655136.65,1,13,14,501.50,5015,5.015,0.502,3625702193,362570219,6915.48,0.69,0.00,-1,-1,0.00
dag_a7af186451ff4870,sampler_9d3542ef,sampler,1076091,4292988.66,4655136.65,4655138.11,4655715.76,1,12,12,56.61,566,0.566,0.057,557460317,55746031,1063.27,0.90,0.00,-1,-1,0.00
dag_c939c36c249f4616,unet_denoise_f5d56fa4,unet_denoise,852984,4293338.69,4655715.76,4655717.18,4661428.79,1,8,4,570.09,5700,5.700,0.570,2048960067,204896006,3908.08,0.66,0.00,-1,-1,0.00
dag_475955bb70184b83,unet_denoise_38021603,unet_denoise,877914,4293871.76,4661428.79,4661430.23,4667987.87,1,7,2,654.64,6546,6.546,0.655,3517945465,351794546,6709.95,0.52,0.00,-1,-1,0.00
dag_3d98a7542f9e4c06,unet_denoise_6207b9dd,unet_denoise,665144,4294332.83,4667987.87,4667989.33,4675099.99,1,6,0,709.91,7099,7.099,0.710,2217000080,221700008,4228.59,0.49,0.00,-1,-1,0.00
dag_460c3a8ec45a455a,sampler_d10147ff,sampler,3071505,4305374.90,4675099.99,4675101.44,4675845.10,1,12,12,73.20,732,0.732,0.073,461271935,46127193,879.81,0.44,0.00,-1,-1,0.00
dag_12e6b55766fb4483,sampler_3fb2ec98,sampler,1397302,4316045.94,4675845.10,4675846.55,4676368.21,1,7,2,51.03,510,0.510,0.051,451898248,45189824,861.93,0.44,0.00,-1,-1,0.00
dag_0605d9f01775453c,sampler_e8312672,sampler,638666,4325096.06,4676368.21,4676369.67,4676977.32,1,8,4,59.70,596,0.596,0.060,688389041,68838904,1313.00,0.92,0.00,-1,-1,0.00
dag_52fb11ac19314df7,unet_denoise_5c5ad1c2,unet_denoise,3088750,4330077.14,4676977.32,4676978.78,4684752.43,1,9,6,776.22,7762,7.762,0.776,3829740082,382974008,7304.65,0.41,0.00,-1,-1,0.00
dag_26efd09e7e754609,sampler_11e499cd,sampler,421232,4337337.22,4684752.43,4684753.87,4685326.49,1,12,12,56.19,561,0.561,0.056,574813391,57481339,1096.37,0.91,0.00,-1,-1,0.00
dag_1f52bd4c90834fa8,sampler_de1a9686,sampler,360567,4341333.30,4685326.49,4685327.95,4685574.61,1,8,4,23.59,235,0.235,0.024,563981321,56398132,1075.71,0.95,0.00,-1,-1,0.00
dag_3977d777d6e44106,sampler_a2605b46,sampler,1413843,4348979.47,4722160.03,4722280.69,4722439.69,2,1000,16,35.54,355,0.355,0.036,735801701,73580170,1403.43,0.55,0.00,-1,-1,0.00
dag_53ac1a8f51e34e5c,sampler_7f6a6ece,sampler,1745860,4349871.06,4722439.69,4722441.13,4722842.77,1,11,10,39.00,390,0.390,0.039,419129648,41912964,799.43,0.92,0.00,-1,-1,0.00
dag_4afcd44eea2e4627,sampler_4f90ffd4,sampler,677740,4355328.12,4722842.77,4722963.56,4723119.74,2,1000,16,32.58,325,0.325,0.033,644706162,64470616,1229.68,0.53,0.00,-1,-1,0.00
dag_38ec206859024673,sampler_3b5af1be,sampler,364301,4356882.53,4723119.74,4723121.17,4723931.80,1,7,2,79.99,799,0.799,0.080,415282214,41528221,792.09,0.70,0.00,-1,-1,0.00
dag_1f23f3a4c41b4836,sampler_979c7738,sampler,290674,4362260.65,4723931.80,4723933.24,4724260.88,1,13,14,31.68,316,0.316,0.032,378865716,37886571,722.63,0.73,0.00,-1,-1,0.00
dag_5d27d0b9ef574f30,sampler_d6f298da,sampler,445937,4370180.76,4724260.88,4724262.32,4724900.96,1,13,14,62.75,627,0.627,0.063,609969828,60996982,1163.43,0.42,0.00,-1,-1,0.00
dag_1225345267d447cc,sampler_afa23d86,sampler,3131479,4378049.84,4724900.96,4725021.99,4725203.07,2,1000,16,57.15,571,0.571,0.057,514043232,51404323,980.46,0.61,0.00,-1,-1,0.00
dag_bea8b8165f864dbb,sampler_73b271fd,sampler,1776489,4385148.91,4725203.07,4725204.53,4725674.19,1,10,8,45.81,458,0.458,0.046,363759417,36375941,693.82,0.75,0.00,-1,-1,0.00
dag_ad36e74386b9411c,sampler_ee372e64,sampler,311979,4387099.98,4725674.19,4725675.63,4725802.27,1,10,8,11.59,115,0.115,0.012,419393586,41939358,799.93,0.80,0.00,-1,-1,0.00
dag_2ef9fa6af23a4570,sampler_b8f50749,sampler,531091,4397215.09,4725802.27,4725803.70,4726320.33,1,11,10,50.58,505,0.505,0.051,392014566,39201456,747.71,0.60,0.00,-1,-1,0.00
dag_a4eb8e47d4f34c31,sampler_1bba12d1,sampler,1812352,4401051.20,4726320.33,4726321.75,4726747.36,1,13,14,41.43,414,0.414,0.041,448344058,44834405,855.15,0.93,0.00,-1,-1,0.00
dag_dcd171853a6846bf,sampler_f949d53c,sampler,1453489,4408429.31,4726747.36,4726748.78,4727374.40,1,12,12,61.49,614,0.614,0.061,520314074,52031407,992.42,0.88,0.00,-1,-1,0.00
dag_959798270e604592,sampler_b1ddc21d,sampler,3166836,4414411.42,4727374.40,4727375.85,4727842.51,1,13,14,45.59,455,0.455,0.046,575456874,57545687,1097.60,0.78,0.00,-1,-1,0.00
dag_63efbf42a747449f,sampler_3ad20d0b,sampler,3173288,4422866.49,4727842.51,4727963.60,4728144.68,2,1000,16,57.07,570,0.570,0.057,424080768,42408076,808.87,0.61,0.00,-1,-1,0.00
dag_475c47767ca54a4b,sampler_32081b04,sampler,239931,4441239.57,4728144.68,4728146.13,4729218.79,1,7,2,106.19,1061,1.061,0.106,413836282,41383628,789.33,0.44,0.00,-1,-1,0.00
dag_819bfa9f377c43e3,sampler_3ad44660,sampler,2392891,4444535.65,4729218.79,4729220.24,4730925.89,1,7,2,169.44,1694,1.694,0.169,416868281,41686828,795.11,0.67,0.00,-1,-1,0.00
dag_c4506bff0691461e,unet_denoise_4888491e,unet_denoise,411601,4444720.69,4730925.89,4730927.35,4734784.01,1,10,8,384.54,3845,3.845,0.385,3905779500,390577950,7449.68,0.74,0.00,-1,-1,0.00
dag_1b8611f4a71b4f21,unet_denoise_48847074,unet_denoise,216800,4445344.72,4734784.01,4734785.44,4743820.07,1,13,14,902.30,9023,9.023,0.902,4547675088,454767508,8674.00,0.75,0.00,-1,-1,0.00
dag_7fcfd30e057e4720,unet_denoise_6f167ffd,unet_denoise,2402161,4445689.84,4743820.07,4743821.50,4747615.13,1,6,0,378.24,3782,3.782,0.378,4309123225,430912322,8219.00,0.48,0.00,-1,-1,0.00
dag_7aa23edc3f9b4d7f,unet_denoise_b0fd6ea8,unet_denoise,663547,4446089.96,4747615.13,4747616.58,4754468.24,1,11,10,684.07,6840,6.840,0.684,3723453827,372345382,7101.92,0.57,0.00,-1,-1,0.00
dag_41d8494265914bda,sampler_4a332dc3,sampler,2407936,4458325.02,4754468.24,4754469.68,4755350.31,1,7,2,86.91,869,0.869,0.087,484766666,48476666,924.62,0.50,0.00,-1,-1,0.00
dag_dffce61524874add,sampler_39839904,sampler,1837456,4459639.38,4755350.31,4755351.77,4755884.43,1,8,4,52.11,521,0.521,0.052,650023702,65002370,1239.82,0.56,0.00,-1,-1,0.00
dag_2604b14cf4864967,sampler_0b2be0ff,sampler,1597098,4471549.43,4755884.43,4755885.87,4756651.51,1,13,14,75.49,754,0.754,0.075,472201294,47220129,900.65,0.81,0.00,-1,-1,0.00
dag_48ce7371571e408e,sampler_2d285a59,sampler,2443694,4472077.46,4756651.51,4756652.94,4756822.56,1,12,12,15.81,158,0.158,0.016,760424951,76042495,1450.40,0.65,0.00,-1,-1,0.00
dag_158e662ab43f41be,unet_denoise_9a330fd5,unet_denoise,1879793,4472470.14,4756822.56,4756823.98,4779770.59,1,6,0,2293.52,22935,22.935,2.294,3877418030,387741803,7395.59,0.41,0.00,-1,-1,0.00
dag_b1b7f34a46354e06,unet_denoise_75e96db8,unet_denoise,1601341,4472754.07,4779770.59,4779772.04,4784328.70,1,7,2,455.57,4555,4.555,0.456,3313459738,331345973,6319.92,0.94,0.00,-1,-1,0.00
dag_df9fc3aa30db4ac6,unet_denoise_b0acd168,unet_denoise,955731,4473352.14,4784328.70,4784330.13,4793839.75,1,10,8,950.89,9508,9.508,0.951,3534520807,353452080,6741.56,0.89,0.00,-1,-1,0.00
dag_58f9446bbd3d4230,sampler_43ab23af,sampler,2508851,4483194.26,4793839.75,4793841.21,4794544.86,1,7,2,69.21,692,0.692,0.069,630903086,63090308,1203.35,0.70,0.00,-1,-1,0.00
dag_72c99ec3b9a54445,unet_denoise_c564bfd0,unet_denoise,788640,4484587.41,4803552.29,4803553.74,4815109.40,1,10,8,1154.47,11544,11.544,1.154,2273194312,227319431,4335.77,0.86,0.00,-1,-1,0.00
dag_c662227e80b24669,unet_denoise_d71142b6,unet_denoise,1635280,4485047.53,4815109.40,4815110.85,4821658.50,1,8,4,653.66,6536,6.536,0.654,3286715950,328671595,6268.91,0.63,0.00,-1,-1,0.00
dag_301b8aa355cf41a5,sampler_e2db6a0f,sampler,1924705,4496427.62,4821658.50,4821659.93,4822313.55,1,6,0,64.28,642,0.642,0.064,352635825,35263582,672.60,0.48,0.00,-1,-1,0.00
dag_cfa85fa4810942bf,sampler_0e6ef76d,sampler,1971515,4502421.69,4822313.55,4822315.00,4822765.65,1,6,0,45.00,449,0.449,0.045,576505331,57650533,1099.60,0.74,0.00,-1,-1,0.00
dag_7da0a6ba311a4a8d,unet_denoise_74c6d1e2,unet_denoise,2557185,4502752.75,4822765.65,4822767.09,4828335.71,1,11,10,555.74,5557,5.557,0.556,3218810298,321881029,6139.39,0.62,0.00,-1,-1,0.00
dag_087a3e55add54b84,unet_denoise_10c22254,unet_denoise,2579922,4503049.80,4828335.71,4828337.13,4832194.75,1,10,8,384.70,3846,3.846,0.385,3762730229,376273022,7176.84,0.76,0.00,-1,-1,0.00
dag_f4f63875da2a47da,unet_denoise_485e909b,unet_denoise,2589118,4503323.62,4832194.75,4832196.18,4838349.79,1,7,2,614.29,6142,6.142,0.614,3181042248,318104224,6067.36,0.71,0.00,-1,-1,0.00
dag_0a118d4db805487c,sampler_2885b2e0,sampler,2597180,4519377.71,4838349.79,4838351.24,4839307.89,1,8,4,94.56,945,0.945,0.095,580368045,58036804,1106.96,0.48,0.00,-1,-1,0.00
dag_bb8425b128964146,unet_denoise_07226fe3,unet_denoise,2714901,4519834.76,4839307.89,4839309.34,4846502.00,1,13,14,718.13,7181,7.181,0.718,2294338459,229433845,4376.10,0.60,0.00,-1,-1,0.00
dag_99104302e6ae4866,unet_denoise_5eb4ff50,unet_denoise,2736704,4520316.88,4846502.00,4846503.46,4852750.11,1,7,2,624.57,6245,6.245,0.625,3261919268,326191926,6221.62,0.72,0.00,-1,-1,0.00
dag_3616f9eb4acd4cce,unet_denoise_4bd9cf1c,unet_denoise,2740620,4520889.94,4852750.11,4852751.54,4861769.16,1,7,2,900.64,9006,9.006,0.901,3269063370,326906337,6235.24,0.85,0.00,-1,-1,0.00
dag_4612b1ef61374610,unet_denoise_de09b3c7,unet_denoise,2746361,4521202.55,4861769.16,4861770.61,4871598.27,1,7,2,982.70,9826,9.826,0.983,3003325101,300332510,5728.39,0.51,0.00,-1,-1,0.00
dag_6751fb9a83ed408d,sampler_b4239b67,sampler,1980673,4528268.64,4871598.27,4871599.69,4872049.30,1,10,8,43.86,438,0.438,0.044,687842907,68784290,1311.96,0.56,0.00,-1,-1,0.00
dag_e7ccfd39016d4183,sampler_ac600079,sampler,2044685,4532574.71,4872049.30,4872050.75,4872341.39,1,13,14,27.98,279,0.279,0.028,618276195,61827619,1179.27,0.52,0.00,-1,-1,0.00
dag_2672a5cdae594062,unet_denoise_34699450,unet_denoise,2065622,4532932.83,4872341.39,4872342.82,4877803.44,1,6,0,544.98,5449,5.449,0.545,3328035735,332803573,6347.72,0.43,0.00,-1,-1,0.00
dag_daff787d847b4d66,unet_denoise_596392d7,unet_denoise,2871924,4533215.92,4877803.44,4877804.89,4881496.54,1,13,14,368.05,3680,3.680,0.368,2826808960,282680896,5391.71,0.78,0.00,-1,-1,0.00
dag_45623821bc4b48ca,unet_denoise_d88f5ac6,unet_denoise,2913489,4534069.13,4885471.98,4885473.43,4891747.09,1,7,2,627.24,6272,6.272,0.627,2875211665,287521166,5484.03,0.44,0.00,-1,-1,0.00
dag_66fba26b7c8c4266,unet_denoise_0167379a,unet_denoise,2082853,4534838.25,4891747.09,4891748.54,4902593.19,1,7,2,1084.40,10843,10.843,1.084,2354618295,235461829,4491.08,0.90,0.00,-1,-1,0.00
dag_02c30d07c2df4f53,sampler_abc49f38,sampler,2094720,4536153.95,4902593.19,4902594.62,4903072.24,1,8,4,46.60,466,0.466,0.047,425506444,42550644,811.59,0.48,0.00,-1,-1,0.00
dag_8240779e963a41fd,sampler_86784052,sampler,2195145,4542212.04,4903072.24,4903073.68,4903435.33,1,10,8,35.06,350,0.350,0.035,664062469,66406246,1266.60,0.82,0.00,-1,-1,0.00
dag_8a885e2c63a444bc,sampler_154507e2,sampler,1639359,4550421.12,4903435.33,4903436.77,4904083.42,1,7,2,63.60,635,0.635,0.064,571085723,57108572,1089.26,0.79,0.00,-1,-1,0.00
dag_046e5a04b57748db,sampler_c691d594,sampler,2207056,4556732.17,4904083.42,4904084.88,4904536.53,1,8,4,44.06,440,0.440,0.044,515045633,51504563,982.37,0.44,0.00,-1,-1,0.00
dag_288726b3084342ae,sampler_eeba0c0f,sampler,1475104,4562172.28,4904536.53,4904537.97,4904865.62,1,12,12,31.69,316,0.316,0.032,776386368,77638636,1480.84,0.62,0.00,-1,-1,0.00
dag_0e0ca4159e544e86,sampler_5619d897,sampler,2944176,4570504.35,4904865.62,4904867.06,4905498.70,1,6,0,62.03,620,0.620,0.062,395697637,39569763,754.73,0.75,0.00,-1,-1,0.00
dag_79b32ae1f64043d1,sampler_5b4f4796,sampler,1020281,4593968.42,4905498.70,4905500.15,4907209.81,1,8,4,169.87,1698,1.698,0.170,326647188,32664718,623.03,0.93,0.00,-1,-1,0.00
dag_9c3a4b173dc84179,unet_denoise_f4b0410d,unet_denoise,1024634,4594452.48,4907209.81,4907211.23,4914087.85,1,11,10,687.57,6875,6.875,0.688,2958970854,295897085,5643.79,0.62,0.00,-1,-1,0.00
dag_c4fc9dded3924f0a,unet_denoise_19891aee,unet_denoise,832179,4594744.58,4914087.85,4914208.88,4914839.27,2,1000,16,506.50,5064,5.064,0.506,2448418914,244841891,4669.99,0.43,0.00,-1,-1,0.00
dag_44a26dab89444865,sampler_6c4ff8f8,sampler,1234450,4601198.69,4914839.27,4914840.69,4915287.32,1,6,0,43.57,435,0.435,0.044,679412702,67941270,1295.88,0.81,0.00,-1,-1,0.00
dag_58e29ceb412c47dc,unet_denoise_6e998bba,unet_denoise,1045271,4601550.74,4915287.32,4915288.77,4919006.43,1,13,14,370.61,3706,3.706,0.371,3194053314,319405331,6092.17,0.80,0.00,-1,-1,0.00
dag_41e89bfae0694fb9,unet_denoise_8c69b1d5,unet_denoise,1367192,4601841.65,4919006.43,4919127.22,4919939.20,2,1000,16,688.31,6883,6.883,0.688,3294333307,329433330,6283.44,0.90,0.00,-1,-1,0.00
dag_3ae1fe8af2dd4c57,sampler_d3c2dbac,sampler,1245010,4603092.59,4919939.20,4919940.62,4920549.24,1,13,14,59.72,597,0.597,0.060,345255841,34525584,658.52,0.81,0.00,-1,-1,0.00
dag_46cf51d5c3044117,unet_denoise_6125e692,unet_denoise,3003208,4603577.66,4920549.24,4920550.69,4926844.34,1,12,12,628.23,6282,6.282,0.628,3674625376,367462537,7008.79,0.59,0.00,-1,-1,0.00
dag_46455272cbe54ec8,unet_denoise_6b94955e,unet_denoise,2255434,4604793.88,4927536.86,4927538.32,4940921.97,1,7,2,1338.29,13382,13.382,1.338,3854248209,385424820,7351.40,0.67,0.00,-1,-1,0.00
dag_41ec2176cd454bc4,sampler_4fec9fe2,sampler,1518045,4611265.99,4940921.97,4940923.42,4941315.07,1,6,0,39.02,390,0.390,0.039,669402626,66940262,1276.78,0.42,0.00,-1,-1,0.00
dag_7f3be6398c5f4569,unet_denoise_0dd1c5e2,unet_denoise,1673046,4612065.06,4941315.07,4941316.49,4954921.10,1,6,0,1359.35,13593,13.593,1.359,2408385617,240838561,4593.63,0.75,0.00,-1,-1,0.00
dag_e0bf0b0c3c93417d,sampler_2a395f13,sampler,1521599,4616654.17,4954921.10,4954922.53,4955295.15,1,9,6,36.11,361,0.361,0.036,600032663,60003266,1144.47,0.47,0.00,-1,-1,0.00
dag_73f06810d4f94121,unet_denoise_036f1bbc,unet_denoise,1048269,4617318.27,4955295.15,4955415.98,4956437.60,2,1000,16,897.97,8979,8.979,0.898,3021718127,302171812,5763.47,0.95,0.00,-1,-1,0.00
dag_66afb2b173ef46b3,unet_denoise_5793a429,unet_denoise,1689059,4617589.46,4956437.60,4956439.04,4959731.69,1,12,12,328.17,3281,3.281,0.328,2916409927,291640992,5562.61,0.81,0.00,-1,-1,0.00
dag_acef7e389a114bcc,unet_denoise_b37c7569,unet_denoise,833139,4618026.53,4959731.69,4959852.58,4960519.79,2,1000,16,543.46,5434,5.434,0.543,2264047909,226404790,4318.33,0.89,0.00,-1,-1,0.00
dag_06313785c32c493a,sampler_aa5c5d91,sampler,1253795,4622386.63,4960519.79,4960521.21,4960837.84,1,10,8,30.55,305,0.305,0.031,752418832,75241883,1435.13,0.50,0.00,-1,-1,0.00
dag_4223921a13d94f85,sampler_8d17f429,sampler,1528507,4632225.73,4960837.84,4960839.28,4961449.93,1,12,12,59.95,599,0.599,0.060,383910154,38391015,732.25,0.43,0.00,-1,-1,0.00
dag_6c49e8f33c75421e,sampler_83820912,sampler,2304077,4640117.81,4961449.93,4961451.38,4961889.03,1,9,6,42.66,426,0.426,0.043,518833720,51883372,989.60,0.81,0.00,-1,-1,0.00
dag_e4d333c3eab5448d,sampler_e21dbc32,sampler,1697292,4643998.86,4961889.03,4961890.47,4962155.11,1,6,0,25.36,253,0.253,0.025,701075191,70107519,1337.19,0.85,0.00,-1,-1,0.00
dag_eb11baf7ee404c2f,sampler_d1238196,sampler,1530044,4649443.92,4962155.11,4962156.56,4962496.20,1,10,8,32.80,328,0.328,0.033,648626432,64862643,1237.16,0.65,0.00,-1,-1,0.00
dag_7eeaa25eb2024286,sampler_57b5b863,sampler,846479,4650108.57,4962496.20,4962497.64,4962791.28,1,11,10,28.21,282,0.282,0.028,655133080,65513308,1249.57,0.92,0.00,-1,-1,0.00
dag_628c617e7c804df0,sampler_824fdc86,sampler,3058035,4655136.65,4962791.28,4962792.71,4963095.32,1,9,6,29.15,291,0.291,0.029,431116773,43111677,822.29,0.85,0.00,-1,-1,0.00
dag_a7af186451ff4870,unet_denoise_74f52209,unet_denoise,1076091,4655715.76,4963095.32,4963096.74,4970650.36,1,6,0,754.24,7542,7.542,0.754,3250161373,325016137,6199.19,0.86,0.00,-1,-1,0.00
dag_c939c36c249f4616,sampler_b1c61171,sampler,852984,4661428.79,4970650.36,4970651.80,4971017.45,1,9,6,35.40,354,0.354,0.035,530462763,53046276,1011.78,0.76,0.00,-1,-1,0.00
dag_475955bb70184b83,sampler_b358b005,sampler,877914,4667987.87,4971017.45,4971018.89,4971526.52,1,7,2,49.67,496,0.496,0.050,318844887,31884488,608.15,0.52,0.00,-1,-1,0.00
dag_3d98a7542f9e4c06,sampler_bce3161c,sampler,665144,4675099.99,4971526.52,4971527.96,4971984.59,1,6,0,44.51,445,0.445,0.045,593512532,59351253,1132.04,0.75,0.00,-1,-1,0.00
dag_460c3a8ec45a455a,unet_denoise_a7ea804c,unet_denoise,3071505,4675845.10,4971984.59,4971986.04,4983428.69,1,8,4,1143.11,11431,11.431,1.143,3618943883,361894388,6902.59,0.90,0.00,-1,-1,0.00
dag_12e6b55766fb4483,unet_denoise_e290e0c9,unet_denoise,1397302,4676368.21,4983428.69,4983430.13,4992037.76,1,9,6,860.67,8606,8.606,0.861,2499073405,249907340,4766.60,0.43,0.00,-1,-1,0.00
dag_0605d9f01775453c,unet_denoise_1d07a96f,unet_denoise,638666,4676977.32,4992037.76,4992039.21,5002180.87,1,11,10,1013.05,10130,10.130,1.013,3605249442,360524944,6876.47,0.46,0.00,-1,-1,0.00
dag_52fb11ac19314df7,sampler_52a52f5a,sampler,3088750,4684752.43,5002180.87,5002182.30,5002682.94,1,7,2,48.97,489,0.489,0.049,628500068,62850006,1198.77,0.72,0.00,-1,-1,0.00
dag_26efd09e7e754609,unet_denoise_7d766b5d,unet_denoise,421232,4685326.49,5002682.94,5002684.37,5011330.99,1,8,4,864.56,8645,8.645,0.865,2883395639,288339563,5499.64,0.40,0.00,-1,-1,0.00
dag_1f52bd4c90834fa8,unet_denoise_5b0d1227,unet_denoise,360567,4685574.61,5011330.99,5011451.82,5012010.64,2,1000,16,435.19,4351,4.351,0.435,3815708192,381570819,7277.89,0.61,0.00,-1,-1,0.00
dag_3977d777d6e44106,unet_denoise_715cc853,unet_denoise,1413843,4722439.69,5012010.64,5012012.09,5017539.74,1,11,10,551.68,5516,5.516,0.552,3939771218,393977121,7514.52,0.68,0.00,-1,-1,0.00
dag_53ac1a8f51e34e5c,unet_denoise_873481e8,unet_denoise,1745860,4722842.77,5017539.74,5017541.20,5023150.85,1,13,14,559.86,5598,5.598,0.560,2343755645,234375564,4470.36,0.40,0.00,-1,-1,0.00
dag_38ec206859024673,unet_denoise_96f835b4,unet_denoise,364301,4723931.80,5029138.29,5029139.74,5040803.39,1,6,0,1165.24,11652,11.652,1.165,3460325940,346032594,6600.05,0.69,0.00,-1,-1,0.00
dag_1f23f3a4c41b4836,unet_denoise_e0634a74,unet_denoise,290674,4724260.88,5040803.39,5040804.83,5044787.47,1,10,8,397.19,3971,3.971,0.397,2549683653,254968365,4863.14,0.57,0.00,-1,-1,0.00
dag_5d27d0b9ef574f30,unet_denoise_ce08f0ca,unet_denoise,445937,4724900.96,5044787.47,5044788.92,5053235.57,1,9,6,843.55,8435,8.435,0.844,3104336758,310433675,5921.05,0.80,0.00,-1,-1,0.00
dag_1225345267d447cc,unet_denoise_5f65b7ab,unet_denoise,3131479,4725203.07,5053235.57,5053237.00,5062035.63,1,11,10,879.74,8797,8.797,0.880,4365604672,436560467,8326.73,0.55,0.00,-1,-1,0.00
dag_bea8b8165f864dbb,unet_denoise_009a75b7,unet_denoise,1776489,4725674.19,5062035.63,5062037.06,5071144.70,1,12,12,909.63,9096,9.096,0.910,2634611250,263461125,5025.12,0.74,0.00,-1,-1,0.00
dag_ad36e74386b9411c,unet_denoise_1e9e0037,unet_denoise,311979,4725802.27,5071144.70,5071146.12,5072894.73,1,12,12,173.78,1737,1.737,0.174,2571951588,257195158,4905.61,0.87,0.00,-1,-1,0.00
dag_2ef9fa6af23a4570,unet_denoise_2398adee,unet_denoise,531091,4726320.33,5072894.73,5072896.16,5081264.79,1,7,2,835.75,8357,8.357,0.836,4637795745,463779574,8845.89,0.92,0.00,-1,-1,0.00
dag_a4eb8e47d4f34c31,unet_denoise_14350539,unet_denoise,1812352,4726747.36,5081264.79,5081266.23,5086519.87,1,12,12,524.23,5242,5.242,0.524,2774778703,277477870,5292.47,0.61,0.00,-1,-1,0.00
dag_959798270e604592,unet_denoise_ae20add2,unet_denoise,3166836,4727842.51,5094443.31,5094563.96,5095248.51,2,1000,16,561.01,5610,5.610,0.561,4383394247,438339424,8360.66,0.55,0.00,-1,-1,0.00
dag_63efbf42a747449f,unet_denoise_f7361f30,unet_denoise,3173288,4728144.68,5095248.51,5095249.95,5102311.58,1,6,0,705.08,7050,7.050,0.705,2809256405,280925640,5358.23,0.84,0.00,-1,-1,0.00
dag_475c47767ca54a4b,unet_denoise_283c2177,unet_denoise,239931,4729218.79,5102311.58,5102313.02,5121322.66,1,6,0,1900.88,19008,19.008,1.901,1910625535,191062553,3644.23,0.77,0.00,-1,-1,0.00
dag_819bfa9f377c43e3,unet_denoise_b32ef078,unet_denoise,2392891,4730925.89,5121322.66,5121324.11,5149127.77,1,11,10,2779.30,27792,27.792,2.779,4248379972,424837997,8103.14,0.42,0.00,-1,-1,0.00
dag_c4506bff0691461e,sampler_f03a4027,sampler,411601,4734784.01,5149127.77,5149129.20,5149317.82,1,10,8,18.73,187,0.187,0.019,392872052,39287205,749.34,0.52,0.00,-1,-1,0.00
dag_1b8611f4a71b4f21,sampler_bab3f9fe,sampler,216800,4743820.07,5149317.82,5149438.48,5149622.08,2,1000,16,60.17,601,0.601,0.060,762943590,76294359,1455.20,0.93,0.00,-1,-1,0.00
dag_7fcfd30e057e4720,sampler_0c30ab2f,sampler,2402161,4747615.13,5149622.08,5149742.44,5149893.47,2,1000,16,28.00,279,0.279,0.028,576651365,57665136,1099.88,0.91,0.00,-1,-1,0.00
dag_7aa23edc3f9b4d7f,sampler_9aeb0710,sampler,663547,4754468.24,5149893.47,5149894.89,5150273.52,1,8,4,36.72,367,0.367,0.037,762387564,76238756,1454.14,0.52,0.00,-1,-1,0.00
dag_41d8494265914bda,unet_denoise_dc672ff6,unet_denoise,2407936,4755350.31,5150273.52,5150274.95,5161860.58,1,8,4,1157.47,11574,11.574,1.157,4259971253,425997125,8125.25,0.43,0.00,-1,-1,0.00
dag_dffce61524874add,unet_denoise_0ee57040,unet_denoise,1837456,4755884.43,5161860.58,5161981.57,5162822.31,2,1000,16,716.81,7168,7.168,0.717,3347610817,334761081,6385.06,0.41,0.00,-1,-1,0.00
dag_2604b14cf4864967,unet_denoise_c4537c33,unet_denoise,1597098,4756651.51,5162822.31,5162823.77,5174736.42,1,8,4,1190.13,11901,11.901,1.190,2300329092,230032909,4387.53,0.59,0.00,-1,-1,0.00
dag_48ce7371571e408e,unet_denoise_ceff37f8,unet_denoise,2443694,4756822.56,5174736.42,5174737.87,5177649.51,1,8,4,290.03,2900,2.900,0.290,2172980782,217298078,4144.63,0.57,0.00,-1,-1,0.00
dag_158e662ab43f41be,sampler_50c9a122,sampler,1879793,4779770.59,5177649.51,5177650.96,5179232.61,1,7,2,158.07,1580,1.580,0.158,955110359,95511035,1821.73,0.76,0.00,-1,-1,0.00
dag_b1b7f34a46354e06,sampler_f8eee1fd,sampler,1601341,4784328.70,5179232.61,5179353.57,5179516.87,2,1000,16,39.45,394,0.394,0.039,504762683,50476268,962.76,0.57,0.00,-1,-1,0.00
dag_df9fc3aa30db4ac6,sampler_d869b7dc,sampler,955731,4793839.75,5179516.87,5179518.31,5180070.96,1,6,0,55.19,551,0.551,0.055,705247694,70524769,1345.15,0.55,0.00,-1,-1,0.00
dag_58f9446bbd3d4230,unet_denoise_06062d4d,unet_denoise,2508851,4794544.86,5180070.96,5180072.39,5188410.02,1,10,8,832.66,8326,8.326,0.833,2358021883,235802188,4497.57,0.85,0.00,-1,-1,0.00
dag_72c99ec3b9a54445,sampler_cb38abc9,sampler,788640,4815109.40,5188410.02,5188411.45,5189125.08,1,9,6,70.27,702,0.702,0.070,529338707,52933870,1009.63,0.42,0.00,-1,-1,0.00
dag_c662227e80b24669,sampler_af9377e7,sampler,1635280,4821658.50,5189125.08,5189126.50,5189617.11,1,10,8,47.97,479,0.479,0.048,493772802,49377280,941.80,0.92,0.00,-1,-1,0.00
dag_301b8aa355cf41a5,unet_denoise_68115d4c,unet_denoise,1924705,4822313.55,5189617.11,5189618.55,5198794.19,1,10,8,916.45,9164,9.164,0.916,4734769822,473476982,9030.86,0.58,0.00,-1,-1,0.00
dag_7da0a6ba311a4a8d,sampler_12c2ecde,sampler,2557185,4828335.71,5203109.63,5203111.06,5203422.69,1,9,6,31.07,310,0.310,0.031,565802589,56580258,1079.18,0.70,0.00,-1,-1,0.00
dag_087a3e55add54b84,sampler_a2dda1a7,sampler,2579922,4832194.75,5203422.69,5203424.13,5203755.75,1,11,10,33.09,330,0.330,0.033,378085391,37808539,721.14,0.75,0.00,-1,-1,0.00
dag_f4f63875da2a47da,sampler_73ab8189,sampler,2589118,4838349.79,5203755.75,5203757.20,5204150.85,1,11,10,38.26,382,0.382,0.038,360040569,36004056,686.72,0.44,0.00,-1,-1,0.00
dag_0a118d4db805487c,unet_denoise_a615af33,unet_denoise,2597180,4839307.89,5204150.85,5204152.29,5223799.91,1,13,14,1963.64,19636,19.636,1.964,3094853833,309485383,5902.97,0.73,0.00,-1,-1,0.00
dag_bb8425b128964146,sampler_bdca1361,sampler,2714901,4846502.00,5223799.91,5223801.36,5224403.01,1,7,2,60.01,600,0.600,0.060,665597069,66559706,1269.53,0.66,0.00,-1,-1,0.00
dag_99104302e6ae4866,sampler_fa5d738f,sampler,2736704,4852750.11,5224403.01,5224404.46,5224886.10,1,7,2,47.05,470,0.470,0.047,309745689,30974568,590.79,0.76,0.00,-1,-1,0.00
dag_3616f9eb4acd4cce,sampler_d3c069c1,sampler,2740620,4861769.16,5224886.10,5224887.55,5225428.20,1,12,12,52.99,529,0.529,0.053,682863717,68286371,1302.46,0.56,0.00,-1,-1,0.00
dag_4612b1ef61374610,sampler_820e854f,sampler,2746361,4871598.27,5225428.20,5225429.64,5226200.27,1,7,2,75.91,759,0.759,0.076,555422101,55542210,1059.38,0.52,0.00,-1,-1,0.00
dag_6751fb9a83ed408d,unet_denoise_96faab77,unet_denoise,1980673,4872049.30,5226200.27,5226201.71,5233079.34,1,11,10,686.67,6866,6.866,0.687,2382088114,238208811,4543.47,0.57,0.00,-1,-1,0.00
dag_e7ccfd39016d4183,unet_denoise_dedd400d,unet_denoise,2044685,4872341.39,5233079.34,5233080.77,5236827.40,1,11,10,374.50,3745,3.745,0.375,3471984562,347198456,6622.29,0.68,0.00,-1,-1,0.00
dag_2672a5cdae594062,sampler_b8e7ae75,sampler,2065622,4877803.44,5236827.40,5236828.84,5237289.49,1,6,0,45.95,459,0.459,0.046,429848921,42984892,819.87,0.63,0.00,-1,-1,0.00
dag_daff787d847b4d66,sampler_45a351a1,sampler,2871924,4881496.54,5237289.49,5237290.94,5237536.59,1,9,6,23.48,234,0.234,0.023,616096261,61609626,1175.11,0.86,0.00,-1,-1,0.00
dag_45623821bc4b48ca,sampler_8a2153ec,sampler,2913489,4891747.09,5237536.59,5237538.01,5238065.63,1,13,14,52.69,526,0.526,0.053,344591964,34459196,657.26,0.44,0.00,-1,-1,0.00
dag_66fba26b7c8c4266,sampler_204c6a70,sampler,2082853,4902593.19,5238065.63,5238067.06,5238822.69,1,8,4,74.41,744,0.744,0.074,466159870,46615987,889.13,0.48,0.00,-1,-1,0.00
dag_02c30d07c2df4f53,unet_denoise_4ed82598,unet_denoise,2094720,4903072.24,5238822.69,5238943.48,5239984.26,2,1000,16,917.20,9171,9.171,0.917,3235454605,323545460,6171.14,0.94,0.00,-1,-1,0.00
dag_8240779e963a41fd,unet_denoise_94b6de2b,unet_denoise,2195145,4903435.33,5239984.26,5239985.69,5246107.32,1,9,6,611.09,6110,6.110,0.611,2921483890,292148389,5572.29,0.79,0.00,-1,-1,0.00
dag_8a885e2c63a444bc,unet_denoise_cd02e58d,unet_denoise,1639359,4904083.42,5246107.32,5246108.75,5254092.38,1,6,0,797.21,7972,7.972,0.797,2648018341,264801834,5050.69,0.88,0.00,-1,-1,0.00
dag_046e5a04b57748db,unet_denoise_cd38cae8,unet_denoise,2207056,4904536.53,5254092.38,5254093.83,5260604.48,1,12,12,649.91,6499,6.499,0.650,2257952375,225795237,4306.70,0.82,0.00,-1,-1,0.00
dag_288726b3084342ae,unet_denoise_33214552,unet_denoise,1475104,4904865.62,5260604.48,5260725.04,5261401.72,2,1000,16,553.38,5533,5.533,0.553,3906284428,390628442,7450.65,0.93,0.00,-1,-1,0.00
dag_0e0ca4159e544e86,unet_denoise_5f82d192,unet_denoise,2944176,4905498.70,5261401.72,5261403.16,5269363.80,1,12,12,794.93,7949,7.949,0.795,3316138120,331613812,6325.03,0.57,0.00,-1,-1,0.00
dag_79b32ae1f64043d1,unet_denoise_12176f18,unet_denoise,1020281,4907209.81,5269363.80,5269484.79,5271968.34,2,1000,16,2359.69,23596,23.596,2.360,3343530117,334353011,6377.28,0.56,0.00,-1,-1,0.00
dag_9c3a4b173dc84179,sampler_d7fa8d96,sampler,1024634,4914087.85,5271968.34,5272089.23,5272270.93,2,1000,16,57.97,579,0.579,0.058,299940778,29994077,572.09,0.83,0.00,-1,-1,0.00
dag_c4fc9dded3924f0a,sampler_38905481,sampler,832179,4914839.27,5272270.93,5272272.36,5272638.97,1,12,12,35.57,355,0.355,0.036,389534137,38953413,742.98,0.70,0.00,-1,-1,0.00
dag_44a26dab89444865,unet_denoise_ca07379b,unet_denoise,1234450,4915287.32,5272638.97,5272640.42,5278732.06,1,9,6,608.08,6080,6.080,0.608,1921287995,192128799,3664.57,0.71,0.00,-1,-1,0.00
dag_58e29ceb412c47dc,sampler_b10c7f1c,sampler,1045271,4919006.43,5278732.06,5278733.51,5279085.17,1,12,12,34.06,340,0.340,0.034,440524600,44052460,840.23,0.56,0.00,-1,-1,0.00
dag_41e89bfae0694fb9,sampler_6c15d4d2,sampler,1367192,4919939.20,5279085.17,5279086.60,5279541.22,1,9,6,44.31,443,0.443,0.044,391763785,39176378,747.23,0.93,0.00,-1,-1,0.00
dag_3ae1fe8af2dd4c57,unet_denoise_e72ff94e,unet_denoise,1245010,4920549.24,5279541.22,5279542.65,5290468.27,1,7,2,1091.43,10914,10.914,1.091,1321967800,132196780,2521.45,0.44,0.00,-1,-1,0.00
dag_46cf51d5c3044117,sampler_44559bb1,sampler,3003208,4926844.34,5290468.27,5290589.16,5290753.57,2,1000,16,40.68,406,0.406,0.041,467676875,46767687,892.02,0.90,0.00,-1,-1,0.00
dag_46455272cbe54ec8,sampler_3c94f52c,sampler,2255434,4940921.97,5290753.57,5290755.02,5291569.68,1,11,10,80.30,803,0.803,0.080,461580592,46158059,880.40,0.55,0.00,-1,-1,0.00
dag_41ec2176cd454bc4,unet_denoise_4776b94b,unet_denoise,1518045,4941315.07,5291569.68,5291571.13,5298065.79,1,8,4,648.35,6483,6.483,0.648,3578036216,357803621,6824.56,0.60,0.00,-1,-1,0.00
dag_7f3be6398c5f4569,sampler_4d3c063d,sampler,1673046,4954921.10,5298065.79,5298067.23,5298854.88,1,13,14,77.69,776,0.776,0.078,647722003,64772200,1235.43,0.94,0.00,-1,-1,0.00
dag_e0bf0b0c3c93417d,unet_denoise_e77ae846,unet_denoise,1521599,4955295.15,5298854.88,5298975.91,5299646.79,2,1000,16,546.93,5469,5.469,0.547,4050480807,405048080,7725.68,0.87,0.00,-1,-1,0.00
dag_73f06810d4f94121,sampler_4bdb85e8,sampler,1048269,4956437.60,5299646.79,5299648.25,5300228.90,1,11,10,56.95,569,0.569,0.057,526587716,52658771,1004.39,0.91,0.00,-1,-1,0.00
dag_66afb2b173ef46b3,sampler_ae12e48c,sampler,1689059,4959731.69,5300228.90,5300349.46,5300496.94,2,1000,16,24.16,241,0.241,0.024,516354052,51635405,984.87,0.56,0.00,-1,-1,0.00
dag_acef7e389a114bcc,sampler_90b84e09,sampler,833139,4960519.79,5300496.94,5300498.39,5300871.04,1,13,14,36.10,361,0.361,0.036,456849079,45684907,871.37,0.83,0.00,-1,-1,0.00
dag_06313785c32c493a,unet_denoise_23f5a965,unet_denoise,1253795,4960837.84,5300871.04,5300872.47,5305792.09,1,10,8,490.88,4908,4.908,0.491,4011004335,401100433,7650.38,0.89,0.00,-1,-1,0.00
dag_4223921a13d94f85,unet_denoise_5567a778,unet_denoise,1528507,4961449.93,5305792.09,5305793.53,5316041.17,1,13,14,1023.68,10236,10.236,1.024,1964019537,196401953,3746.07,0.67,0.00,-1,-1,0.00
dag_6c49e8f33c75421e,unet_denoise_169f5273,unet_denoise,2304077,4961889.03,5316041.17,5316042.60,5322288.22,1,6,0,623.47,6234,6.234,0.623,2760126506,276012650,5264.52,0.65,0.00,-1,-1,0.00
dag_e4d333c3eab5448d,unet_denoise_c3ae7ef2,unet_denoise,1697292,4962155.11,5322288.22,5322289.66,5326494.29,1,7,2,419.36,4193,4.193,0.419,3164328890,316432889,6035.48,0.42,0.00,-1,-1,0.00
dag_eb11baf7ee404c2f,unet_denoise_c4a4630a,unet_denoise,1530044,4962496.20,5326494.29,5326495.73,5330531.37,1,7,2,402.41,4024,4.024,0.402,2923578319,292357831,5576.28,0.55,0.00,-1,-1,0.00
dag_7eeaa25eb2024286,unet_denoise_00aca124,unet_denoise,846479,4962791.28,5330531.37,5330532.81,5336053.45,1,8,4,550.96,5509,5.509,0.551,3964949054,396494905,7562.54,0.65,0.00,-1,-1,0.00
dag_628c617e7c804df0,unet_denoise_8b4f7e09,unet_denoise,3058035,4963095.32,5336053.45,5336054.90,5340251.55,1,11,10,418.60,4185,4.185,0.419,3647712127,364771212,6957.46,0.47,0.00,-1,-1,0.00
dag_a7af186451ff4870,sampler_1cc8085e,sampler,1076091,4970650.36,5340251.55,5340253.00,5340953.66,1,8,4,68.90,689,0.689,0.069,591045469,59104546,1127.33,0.55,0.00,-1,-1,0.00
dag_c939c36c249f4616,unet_denoise_a753c513,unet_denoise,852984,4971017.45,5340953.66,5340955.09,5345738.72,1,9,6,477.26,4772,4.772,0.477,2985633265,298563326,5694.64,0.81,0.00,-1,-1,0.00
dag_475955bb70184b83,unet_denoise_9c203614,unet_denoise,877914,4971526.52,5345738.72,5345740.16,5352369.81,1,7,2,661.80,6618,6.618,0.662,4033248492,403324849,7692.81,0.76,0.00,-1,-1,0.00
dag_3d98a7542f9e4c06,unet_denoise_17a772be,unet_denoise,665144,4971984.59,5352369.81,5352371.25,5359315.89,1,10,8,693.34,6933,6.933,0.693,2901761831,290176183,5534.67,0.43,0.00,-1,-1,0.00
dag_460c3a8ec45a455a,sampler_ce83d0bd,sampler,3071505,4983428.69,5359315.89,5359317.32,5360059.95,1,13,14,73.20,731,0.731,0.073,438393728,43839372,836.17,0.58,0.00,-1,-1,0.00
dag_12e6b55766fb4483,sampler_dfd1e53d,sampler,1397302,4992037.76,5360059.95,5360061.37,5360653.99,1,13,14,59.11,591,0.591,0.059,615945278,61594527,1174.82,0.71,0.00,-1,-1,0.00
dag_0605d9f01775453c,sampler_5319b6a6,sampler,638666,5002180.87,5360653.99,5360655.42,5361260.05,1,7,2,59.31,593,0.593,0.059,438401595,43840159,836.18,0.81,0.00,-1,-1,0.00
dag_52fb11ac19314df7,unet_denoise_7c3cd5d8,unet_denoise,3088750,5002682.94,5361260.05,5361261.47,5367697.10,1,10,8,642.40,6424,6.424,0.642,4258285969,425828596,8122.04,0.60,0.00,-1,-1,0.00
dag_26efd09e7e754609,sampler_a114f4c9,sampler,421232,5011330.99,5367697.10,5367698.55,5368208.19,1,9,6,49.82,498,0.498,0.050,836203013,83620301,1594.93,0.50,0.00,-1,-1,0.00
dag_1f52bd4c90834fa8,sampler_3440377c,sampler,360567,5012010.64,5368208.19,5368329.12,5368471.87,2,1000,16,18.96,189,0.189,0.019,309074666,30907466,589.51,0.67,0.00,-1,-1,0.00
dag_3977d777d6e44106,sampler_e2237279,sampler,1413843,5017539.74,5368471.87,5368473.32,5368787.97,1,9,6,30.31,303,0.303,0.030,631685159,63168515,1204.84,0.68,0.00,-1,-1,0.00
dag_53ac1a8f51e34e5c,sampler_fc242882,sampler,1745860,5023150.85,5368787.97,5368789.40,5369184.02,1,12,12,38.33,383,0.383,0.038,546117412,54611741,1041.64,0.73,0.00,-1,-1,0.00
dag_38ec206859024673,sampler_1a8d2bf3,sampler,364301,5040803.39,5369184.02,5369185.45,5369940.08,1,9,6,74.32,743,0.743,0.074,819858398,81985839,1563.76,0.61,0.00,-1,-1,0.00
dag_1f23f3a4c41b4836,sampler_7ca1ebd9,sampler,290674,5044787.47,5369940.08,5369941.51,5370267.14,1,8,4,31.47,314,0.314,0.031,479178055,47917805,913.96,0.62,0.00,-1,-1,0.00
dag_5d27d0b9ef574f30,sampler_0ce91681,sampler,445937,5053235.57,5370267.14,5370268.59,5370779.24,1,7,2,49.93,499,0.499,0.050,453684733,45368473,865.33,0.67,0.00,-1,-1,0.00
dag_1225345267d447cc,sampler_8627a94b,sampler,3131479,5062035.63,5370779.24,5370780.67,5371250.31,1,8,4,45.80,458,0.458,0.046,789522889,78952288,1505.90,0.60,0.00,-1,-1,0.00
dag_bea8b8165f864dbb,sampler_99cc5406,sampler,1776489,5071144.70,5371250.31,5371251.74,5371808.36,1,12,12,54.51,545,0.545,0.055,641725067,64172506,1223.99,0.68,0.00,-1,-1,0.00
dag_ad36e74386b9411c,sampler_aceca0b0,sampler,311979,5072894.73,5371808.36,5371809.81,5371940.46,1,9,6,11.98,119,0.119,0.012,345714690,34571469,659.40,0.85,0.00,-1,-1,0.00
dag_2ef9fa6af23a4570,sampler_e7217d2d,sampler,531091,5081264.79,5371940.46,5372061.38,5372235.94,2,1000,16,50.75,507,0.507,0.051,621669709,62166970,1185.74,0.88,0.00,-1,-1,0.00
dag_a4eb8e47d4f34c31,sampler_20fffe7a,sampler,1812352,5086519.87,5372235.94,5372237.38,5372596.03,1,8,4,34.79,347,0.347,0.035,600507978,60050797,1145.38,0.46,0.00,-1,-1,0.00
dag_959798270e604592,sampler_3ee513e3,sampler,3166836,5095248.51,5372596.03,5372597.48,5373002.13,1,10,8,39.36,393,0.393,0.039,474668434,47466843,905.36,0.45,0.00,-1,-1,0.00
dag_63efbf42a747449f,sampler_69dbbd98,sampler,3173288,5102311.58,5373002.13,5373123.05,5373295.31,2,1000,16,48.43,484,0.484,0.048,680384379,68038437,1297.73,0.52,0.00,-1,-1,0.00
dag_475c47767ca54a4b,sampler_99975cda,sampler,239931,5121322.66,5373295.31,5373296.74,5374640.37,1,13,14,133.26,1332,1.332,0.133,319502197,31950219,609.40,0.68,0.00,-1,-1,0.00
dag_819bfa9f377c43e3,sampler_26c05fc9,sampler,2392891,5149127.77,5374640.37,5374641.82,5376228.47,1,9,6,157.51,1575,1.575,0.158,287439846,28743984,548.25,0.64,0.00,-1,-1,0.00
dag_c4506bff0691461e,unet_denoise_bdcb5096,unet_denoise,411601,5149317.82,5376228.47,5376229.92,5379204.56,1,7,2,297.35,2973,2.973,0.297,2924611172,292461117,5578.25,0.72,0.00,-1,-1,0.00
dag_1b8611f4a71b4f21,unet_denoise_44bdbc66,unet_denoise,216800,5149622.08,5379204.56,5379206.00,5388023.63,1,13,14,880.64,8806,8.806,0.881,3228949889,322894988,6158.73,0.41,0.00,-1,-1,0.00
dag_7fcfd30e057e4720,unet_denoise_f5f95f22,unet_denoise,2402161,5149893.47,5388023.63,5388025.06,5391927.69,1,6,0,389.15,3891,3.891,0.389,3179586315,317958631,6064.58,0.85,0.00,-1,-1,0.00
dag_7aa23edc3f9b4d7f,unet_denoise_5932c20c,unet_denoise,663547,5150273.52,5391927.69,5392048.31,5392735.07,2,1000,16,563.36,5633,5.633,0.563,3151498814,315149881,6011.01,0.84,0.00,-1,-1,0.00
dag_41d8494265914bda,sampler_b6129770,sampler,2407936,5161860.58,5392735.07,5392736.51,5393530.14,1,10,8,78.23,782,0.782,0.078,608665017,60866501,1160.94,0.52,0.00,-1,-1,0.00
dag_dffce61524874add,sampler_3142c92f,sampler,1837456,5162822.31,5393530.14,5393531.58,5394148.22,1,7,2,61.50,615,0.615,0.062,520379022,52037902,992.54,0.94,0.00,-1,-1,0.00
dag_2604b14cf4864967,sampler_c6f13ea7,sampler,1597098,5174736.42,5394148.22,5394149.65,5395050.26,1,12,12,88.97,889,0.889,0.089,643246163,64324616,1226.89,0.56,0.00,-1,-1,0.00
dag_48ce7371571e408e,sampler_6144ba5c,sampler,2443694,5177649.51,5395050.26,5395051.71,5395244.36,1,12,12,18.14,181,0.181,0.018,462620210,46262021,882.38,0.76,0.00,-1,-1,0.00
dag_158e662ab43f41be,unet_denoise_be06fd7e,unet_denoise,1879793,5179232.61,5395244.36,5395245.80,5418464.43,1,7,2,2320.70,23207,23.207,2.321,2250328954,225032895,4292.16,0.74,0.00,-1,-1,0.00
dag_b1b7f34a46354e06,unet_denoise_6d9dbc64,unet_denoise,1601341,5179516.87,5418464.43,5418465.88,5423838.52,1,9,6,536.17,5361,5.361,0.536,3383635015,338363501,6453.77,0.56,0.00,-1,-1,0.00
dag_df9fc3aa30db4ac6,unet_denoise_7a4c109d,unet_denoise,955731,5180070.96,5423838.52,5423959.08,5425058.56,2,1000,16,976.13,9761,9.761,0.976,3545145957,354514595,6761.83,0.89,0.00,-1,-1,0.00
dag_58f9446bbd3d4230,sampler_2899d9e8,sampler,2508851,5188410.02,5425058.56,5425059.99,5425628.61,1,9,6,55.79,557,0.557,0.056,493336791,49333679,940.97,0.52,0.00,-1,-1,0.00
dag_72c99ec3b9a54445,unet_denoise_b0ff30f7,unet_denoise,788640,5189125.08,5425628.61,5425630.04,5436597.66,1,10,8,1095.67,10956,10.956,1.096,3691018244,369101824,7040.06,0.59,0.00,-1,-1,0.00
dag_c662227e80b24669,unet_denoise_dc5fe1f7,unet_denoise,1635280,5189617.11,5436597.66,5436599.11,5443400.75,1,9,6,679.07,6790,6.790,0.679,4233239621,423323962,8074.26,0.64,0.00,-1,-1,0.00
dag_301b8aa355cf41a5,sampler_1a9b7dff,sampler,1924705,5198794.19,5443400.75,5443402.17,5444061.78,1,7,2,64.81,648,0.648,0.065,839911214,83991121,1602.00,0.90,0.00,-1,-1,0.00
dag_7da0a6ba311a4a8d,unet_denoise_daf15583,unet_denoise,2557185,5203422.69,5444061.78,5444063.21,5449354.83,1,6,0,528.09,5280,5.280,0.528,3698045781,369804578,7053.46,0.44,0.00,-1,-1,0.00
dag_087a3e55add54b84,unet_denoise_d16aa3ef,unet_denoise,2579922,5203755.75,5449354.83,5449356.26,5454061.89,1,10,8,470.49,4704,4.704,0.470,2774580467,277458046,5292.09,0.61,0.00,-1,-1,0.00
dag_f4f63875da2a47da,unet_denoise_284c4309,unet_denoise,2589118,5204150.85,5454061.89,5454182.58,5454824.13,2,1000,16,518.01,5180,5.180,0.518,2914691086,291469108,5559.33,0.86,0.00,-1,-1,0.00
dag_0a118d4db805487c,sampler_a5d080cf,sampler,2597180,5223799.91,5454824.13,5454825.56,5455942.19,1,8,4,110.53,1105,1.105,0.111,628502498,62850249,1198.77,0.63,0.00,-1,-1,0.00
dag_bb8425b128964146,unet_denoise_75c65d45,unet_denoise,2714901,5224403.01,5455942.19,5455943.62,5463076.25,1,6,0,712.17,7121,7.121,0.712,3142795699,314279569,5994.41,0.51,0.00,-1,-1,0.00
dag_99104302e6ae4866,unet_denoise_d84ba2f8,unet_denoise,2736704,5224886.10,5463076.25,5463077.67,5469944.29,1,11,10,685.59,6855,6.855,0.686,3887817929,388781792,7415.42,0.47,0.00,-1,-1,0.00
dag_3616f9eb4acd4cce,unet_denoise_fa30bbf1,unet_denoise,2740620,5225428.20,5469944.29,5469945.71,5478468.33,1,13,14,851.13,8511,8.511,0.851,3139289767,313928976,5987.72,0.76,0.00,-1,-1,0.00
dag_4612b1ef61374610,unet_denoise_1991422b,unet_denoise,2746361,5226200.27,5478468.33,5478469.77,5486902.40,1,8,4,842.15,8421,8.421,0.842,2957073444,295707344,5640.17,0.78,0.00,-1,-1,0.00
dag_6751fb9a83ed408d,sampler_036a3cf1,sampler,1980673,5233079.34,5486902.40,5486903.83,5487416.45,1,7,2,50.13,501,0.501,0.050,541006692,54100669,1031.89,0.69,0.00,-1,-1,0.00
dag_e7ccfd39016d4183,sampler_fffaf40a,sampler,2044685,5236827.40,5487416.45,5487417.89,5487708.54,1,8,4,27.95,279,0.279,0.028,634632064,63463206,1210.46,0.94,0.00,-1,-1,0.00
dag_2672a5cdae594062,unet_denoise_8b349093,unet_denoise,2065622,5237289.49,5487708.54,5487709.96,5492406.57,1,8,4,468.55,4685,4.685,0.469,4103554546,410355454,7826.91,0.80,0.00,-1,-1,0.00
dag_daff787d847b4d66,unet_denoise_eb7766d5,unet_denoise,2871924,5237536.59,5492406.57,5492526.96,5493084.33,2,1000,16,434.25,4342,4.342,0.434,2887523857,288752385,5507.51,0.81,0.00,-1,-1,0.00
dag_45623821bc4b48ca,unet_denoise_607b95a0,unet_denoise,2913489,5238065.63,5493084.33,5493085.78,5500170.43,1,12,12,707.39,7073,7.073,0.707,3378619965,337861996,6444.21,0.63,0.00,-1,-1,0.00
dag_66fba26b7c8c4266,unet_denoise_95f9043f,unet_denoise,2082853,5238822.69,5500170.43,5500171.87,5511770.51,1,7,2,1159.77,11597,11.597,1.160,3541441528,354144152,6754.76,0.84,0.00,-1,-1,0.00
dag_02c30d07c2df4f53,sampler_852bdc80,sampler,2094720,5239984.26,5511770.51,5511771.95,5512280.58,1,13,14,49.72,497,0.497,0.050,558993416,55899341,1066.20,0.90,0.00,-1,-1,0.00
dag_8240779e963a41fd,sampler_8afdb927,sampler,2195145,5246107.32,5512280.58,5512401.20,5512570.16,2,1000,16,45.58,455,0.455,0.046,520575226,52057522,992.92,0.58,0.00,-1,-1,0.00
dag_8a885e2c63a444bc,sampler_14724b10,sampler,1639359,5254092.38,5512570.16,5512571.61,5513102.25,1,7,2,52.97,529,0.529,0.053,577365604,57736560,1101.24,0.45,0.00,-1,-1,0.00
dag_046e5a04b57748db,sampler_e9c04f67,sampler,2207056,5260604.48,5513102.25,5513223.18,5513389.93,2,1000,16,42.95,429,0.429,0.043,402921951,40292195,768.51,0.67,0.00,-1,-1,0.00
dag_288726b3084342ae,sampler_18981cc7,sampler,1475104,5261401.72,5513389.93,5513391.38,5513720.02,1,8,4,31.74,317,0.317,0.032,737034754,73703475,1405.78,0.86,0.00,-1,-1,0.00
dag_0e0ca4159e544e86,sampler_776af679,sampler,2944176,5269363.80,5513720.02,5513721.47,5514311.11,1,7,2,58.87,588,0.588,0.059,318534805,31853480,607.56,0.67,0.00,-1,-1,0.00
dag_79b32ae1f64043d1,sampler_c810afe8,sampler,1020281,5271968.34,5514311.11,5514312.55,5515905.17,1,8,4,158.15,1581,1.581,0.158,653205529,65320552,1245.89,0.88,0.00,-1,-1,0.00
dag_9c3a4b173dc84179,unet_denoise_4aa8b77e,unet_denoise,1024634,5272270.93,5515905.17,5515906.59,5524226.21,1,7,2,830.82,8308,8.308,0.831,3927476372,392747637,7491.07,0.84,0.00,-1,-1,0.00
dag_c4fc9dded3924f0a,unet_denoise_35e59172,unet_denoise,832179,5272638.97,5524226.21,5524227.64,5528975.27,1,12,12,473.64,4736,4.736,0.474,4053749695,405374969,7731.91,0.51,0.00,-1,-1,0.00
dag_44a26dab89444865,sampler_72868f73,sampler,1234450,5278732.06,5528975.27,5528976.71,5529434.35,1,7,2,45.64,456,0.456,0.046,666401830,66640183,1271.06,0.44,0.00,-1,-1,0.00
dag_58e29ceb412c47dc,unet_denoise_6d9d0edd,unet_denoise,1045271,5279085.17,5529434.35,5529435.79,5533456.42,1,6,0,400.99,4009,4.009,0.401,3384106042,338410604,6454.67,0.59,0.00,-1,-1,0.00
dag_41e89bfae0694fb9,unet_denoise_50631c1b,unet_denoise,1367192,5279541.22,5533456.42,5533457.87,5539803.52,1,13,14,633.45,6334,6.334,0.633,3106334664,310633466,5924.86,0.45,0.00,-1,-1,0.00
dag_3ae1fe8af2dd4c57,sampler_26920378,sampler,1245010,5290468.27,5539803.52,5539804.95,5540505.58,1,7,2,68.94,689,0.689,0.069,494472546,49447254,943.13,0.65,0.00,-1,-1,0.00
dag_46cf51d5c3044117,unet_denoise_46aac03a,unet_denoise,3003208,5290753.57,5540505.58,5540507.02,5546193.64,1,6,0,567.53,5675,5.675,0.568,2078257124,207825712,3963.96,0.76,0.00,-1,-1,0.00
dag_46455272cbe54ec8,unet_denoise_d6e38373,unet_denoise,2255434,5291569.68,5546193.64,5546195.08,5557519.71,1,10,8,1132.37,11323,11.323,1.132,2405076935,240507693,4587.32,0.74,0.00,-1,-1,0.00
dag_41ec2176cd454bc4,sampler_9eacd7b4,sampler,1518045,5298065.79,5557519.71,5557521.16,5557964.81,1,8,4,43.22,432,0.432,0.043,316000293,31600029,602.72,0.89,0.00,-1,-1,0.00
dag_7f3be6398c5f4569,unet_denoise_eb2653f8,unet_denoise,1673046,5298854.88,5557964.81,5557966.25,5570030.90,1,8,4,1205.37,12053,12.053,1.205,5255815003,525581500,10024.67,0.50,0.00,-1,-1,0.00
dag_e0bf0b0c3c93417d,sampler_c91d4fd9,sampler,1521599,5299646.79,5570030.90,5570032.34,5570392.98,1,11,10,34.90,349,0.349,0.035,488578131,48857813,931.89,0.57,0.00,-1,-1,0.00
dag_73f06810d4f94121,unet_denoise_e4dff9d1,unet_denoise,1048269,5300228.90,5570392.98,5570394.41,5577850.03,1,10,8,744.44,7444,7.444,0.744,3165600034,316560003,6037.90,0.59,0.00,-1,-1,0.00
dag_66afb2b173ef46b3,unet_denoise_18024124,unet_denoise,1689059,5300496.94,5577850.03,5577851.46,5581132.09,1,11,10,326.95,3269,3.269,0.327,4250928902,425092890,8108.00,0.75,0.00,-1,-1,0.00
dag_acef7e389a114bcc,unet_denoise_a07a7841,unet_denoise,833139,5300871.04,5581132.09,5581133.54,5586833.18,1,8,4,568.90,5688,5.688,0.569,3869692503,386969250,7380.85,0.54,0.00,-1,-1,0.00
dag_06313785c32c493a,sampler_c8c86ad5,sampler,1253795,5305792.09,5586833.18,5586834.62,5587100.25,1,6,0,25.45,254,0.254,0.025,342273061,34227306,652.83,0.83,0.00,-1,-1,0.00
dag_4223921a13d94f85,sampler_f37cc4ba,sampler,1528507,5316041.17,5587100.25,5587101.70,5587773.34,1,8,4,66.02,660,0.660,0.066,542314342,54231434,1034.38,0.60,0.00,-1,-1,0.00
dag_6c49e8f33c75421e,sampler_ea414ab6,sampler,2304077,5322288.22,5587773.34,5587774.77,5588299.39,1,12,12,51.40,513,0.513,0.051,595821706,59582170,1136.44,0.93,0.00,-1,-1,0.00
dag_e4d333c3eab5448d,sampler_d264c9c1,sampler,1697292,5326494.29,5588299.39,5588419.95,5588569.23,2,1000,16,25.96,259,0.259,0.026,463867137,46386713,884.76,0.58,0.00,-1,-1,0.00
dag_eb11baf7ee404c2f,sampler_7ede4aed,sampler,1530044,5330531.37,5588569.23,5588570.67,5588911.31,1,8,4,32.96,329,0.329,0.033,457523206,45752320,872.66,0.64,0.00,-1,-1,0.00
dag_7eeaa25eb2024286,sampler_ea75c409,sampler,846479,5336053.45,5588911.31,5588912.75,5589230.38,1,6,0,30.61,306,0.306,0.031,291777785,29177778,556.52,0.67,0.00,-1,-1,0.00
dag_628c617e7c804df0,sampler_b75bbdf2,sampler,3058035,5340251.55,5589230.38,5589231.81,5589685.44,1,9,6,44.29,442,0.442,0.044,468542058,46854205,893.67,0.69,0.00,-1,-1,0.00
dag_a7af186451ff4870,unet_denoise_34ba67ce,unet_denoise,1076091,5340953.66,5589685.44,5589806.26,5590849.54,2,1000,16,919.64,9196,9.196,0.920,1726094689,172609468,3292.26,0.58,0.00,-1,-1,0.00
dag_c939c36c249f4616,sampler_5d7f8fff,sampler,852984,5345738.72,5590849.54,5590850.97,5591190.60,1,6,0,32.85,328,0.328,0.033,455151469,45515146,868.13,0.94,0.00,-1,-1,0.00
dag_475955bb70184b83,sampler_f433a6b5,sampler,877914,5352369.81,5591190.60,5591192.02,5591629.65,1,12,12,42.65,426,0.426,0.043,480977140,48097714,917.39,0.49,0.00,-1,-1,0.00
dag_3d98a7542f9e4c06,sampler_15658b36,sampler,665144,5359315.89,5591629.65,5591631.10,5592113.75,1,13,14,47.19,471,0.471,0.047,341427411,34142741,651.22,0.49,0.00,-1,-1,0.00
dag_460c3a8ec45a455a,unet_denoise_afc145d9,unet_denoise,3071505,5360059.95,5592113.75,5592115.18,5602304.82,1,13,14,1017.90,10178,10.178,1.018,2440499918,244049991,4654.88,0.88,0.00,-1,-1,0.00
dag_12e6b55766fb4483,unet_denoise_1c208b88,unet_denoise,1397302,5360653.99,5602304.82,5602306.24,5610007.87,1,13,14,769.04,7690,7.690,0.769,2789958040,278995804,5321.42,0.45,0.00,-1,-1,0.00
dag_0605d9f01775453c,unet_denoise_da838ebf,unet_denoise,638666,5361260.05,5610007.87,5610009.31,5619453.94,1,12,12,943.40,9433,9.433,0.943,3077697057,307769705,5870.24,0.45,0.00,-1,-1,0.00
dag_52fb11ac19314df7,sampler_bb52659d,sampler,3088750,5367697.10,5619453.94,5619455.37,5619906.98,1,7,2,44.08,440,0.440,0.044,484263290,48426329,923.66,0.50,0.00,-1,-1,0.00
dag_26efd09e7e754609,unet_denoise_7d3691a2,unet_denoise,421232,5368208.19,5619906.98,5619908.42,5626557.06,1,11,10,664.72,6647,6.647,0.665,3904216883,390421688,7446.70,0.53,0.00,-1,-1,0.00
dag_1f52bd4c90834fa8,unet_denoise_2ae659ac,unet_denoise,360567,5368471.87,5626557.06,5626558.49,5630405.12,1,9,6,384.53,3845,3.845,0.385,3751060923,375106092,7154.58,0.50,0.00,-1,-1,0.00
dag_3977d777d6e44106,unet_denoise_e910c75d,unet_denoise,1413843,5368787.97,5630405.12,5630406.56,5636080.21,1,6,0,567.22,5672,5.672,0.567,3680405651,368040565,7019.82,0.50,0.00,-1,-1,0.00
dag_53ac1a8f51e34e5c,unet_denoise_0ec49509,unet_denoise,1745860,5369184.02,5636080.21,5636081.65,5641931.29,1,8,4,583.86,5838,5.838,0.584,3605136406,360513640,6876.25,0.66,0.00,-1,-1,0.00
dag_38ec206859024673,unet_denoise_d4f83c91,unet_denoise,364301,5369940.08,5641931.29,5641932.72,5651977.35,1,13,14,1003.37,10033,10.033,1.003,2713822993,271382299,5176.21,0.67,0.00,-1,-1,0.00
dag_1f23f3a4c41b4836,unet_denoise_ceb1628f,unet_denoise,290674,5370267.14,5651977.35,5651978.79,5656660.42,1,13,14,467.06,4670,4.670,0.467,3359125336,335912533,6407.02,0.72,0.00,-1,-1,0.00
dag_5d27d0b9ef574f30,unet_denoise_3d479593,unet_denoise,445937,5370779.24,5656660.42,5656661.85,5664466.48,1,13,14,779.37,7793,7.793,0.779,2190643992,219064399,4178.32,0.42,0.00,-1,-1,0.00
dag_1225345267d447cc,unet_denoise_33207fe9,unet_denoise,3131479,5371250.31,5664466.48,5664467.91,5673388.53,1,12,12,890.96,8909,8.909,0.891,4201558276,420155827,8013.84,0.41,0.00,-1,-1,0.00
dag_bea8b8165f864dbb,unet_denoise_c5d3ea1f,unet_denoise,1776489,5371808.36,5673388.53,5673389.98,5682736.63,1,9,6,933.53,9335,9.335,0.934,2768690127,276869012,5280.86,0.93,0.00,-1,-1,0.00
dag_ad36e74386b9411c,unet_denoise_ce4a408a,unet_denoise,311979,5371940.46,5682736.63,5682857.59,5683170.58,2,1000,16,189.14,1891,1.891,0.189,2659589111,265958911,5072.76,0.85,0.00,-1,-1,0.00
dag_2ef9fa6af23a4570,unet_denoise_77fe15b1,unet_denoise,531091,5372235.94,5683170.58,5683172.02,5692021.65,1,10,8,883.85,8838,8.838,0.884,3747568543,374756854,7147.92,0.70,0.00,-1,-1,0.00
dag_a4eb8e47d4f34c31,unet_denoise_6065846c,unet_denoise,1812352,5372596.03,5692021.65,5692023.09,5697031.72,1,11,10,499.75,4997,4.997,0.500,2647810006,264781000,5050.30,0.88,0.00,-1,-1,0.00
dag_959798270e604592,unet_denoise_896237ac,unet_denoise,3166836,5373002.13,5697031.72,5697033.16,5703133.79,1,6,0,608.93,6089,6.089,0.609,3766464800,376646480,7183.96,0.50,0.00,-1,-1,0.00
dag_63efbf42a747449f,unet_denoise_a66bbf49,unet_denoise,3173288,5373295.31,5703133.79,5703135.23,5711917.86,1,10,8,877.13,8771,8.771,0.877,2930177136,293017713,5588.87,0.70,0.00,-1,-1,0.00
dag_475c47767ca54a4b,unet_denoise_8e0fda7d,unet_denoise,239931,5374640.37,5711917.86,5711919.30,5728148.93,1,11,10,1621.85,16218,16.218,1.622,3695066025,369506602,7047.78,0.78,0.00,-1,-1,0.00
dag_819bfa9f377c43e3,unet_denoise_cd3c7bf5,unet_denoise,2392891,5376228.47,5728148.93,5728150.36,5752234.97,1,7,2,2407.36,24073,24.073,2.407,3651840750,365184075,6965.33,0.46,0.00,-1,-1,0.00
dag_c4506bff0691461e,sampler_8304943d,sampler,411601,5379204.56,5752234.97,5752236.43,5752455.08,1,12,12,20.71,207,0.207,0.021,569998009,56999800,1087.18,0.95,0.00,-1,-1,0.00
dag_1b8611f4a71b4f21,sampler_8d572411,sampler,216800,5388023.63,5752455.08,5752456.52,5753037.15,1,11,10,57.99,579,0.579,0.058,764309092,76430909,1457.80,0.85,0.00,-1,-1,0.00
dag_7fcfd30e057e4720,sampler_599c39ae,sampler,2402161,5391927.69,5753037.15,5753038.59,5753285.23,1,13,14,23.52,235,0.235,0.024,559166241,55916624,1066.52,0.52,0.00,-1,-1,0.00
dag_7aa23edc3f9b4d7f,sampler_f8b787aa,sampler,663547,5392735.07,5753285.23,5753286.65,5753711.27,1,6,0,41.35,413,0.413,0.041,577763265,57776326,1102.00,0.84,0.00,-1,-1,0.00
dag_41d8494265914bda,unet_denoise_dd740afb,unet_denoise,2407936,5393530.14,5753711.27,5753712.69,5764372.31,1,7,2,1064.82,10648,10.648,1.065,2110680843,211068084,4025.80,0.51,0.00,-1,-1,0.00
dag_dffce61524874add,unet_denoise_bb73c9bc,unet_denoise,1837456,5394148.22,5764372.31,5764373.76,5772299.41,1,8,4,791.45,7914,7.914,0.791,2206282365,220628236,4208.15,0.80,0.00,-1,-1,0.00
dag_2604b14cf4864967,unet_denoise_64f223cf,unet_denoise,1597098,5395050.26,5772299.41,5772300.85,5789473.48,1,8,4,1716.19,17161,17.161,1.716,2483346479,248334647,4736.61,0.43,0.00,-1,-1,0.00
dag_48ce7371571e408e,unet_denoise_f382cba5,unet_denoise,2443694,5395244.36,5789473.48,5789474.91,5792840.54,1,12,12,335.50,3354,3.354,0.335,2923037398,292303739,5575.25,0.79,0.00,-1,-1,0.00
dag_158e662ab43f41be,sampler_a1037be2,sampler,1879793,5418464.43,5792840.54,5792841.97,5794307.59,1,12,12,145.41,1454,1.454,0.145,418118449,41811844,797.50,0.84,0.00,-1,-1,0.00
dag_b1b7f34a46354e06,sampler_34e41b86,sampler,1601341,5423838.52,5794307.59,5794428.27,5794582.62,2,1000,16,30.85,308,0.308,0.031,476523591,47652359,908.90,0.48,0.00,-1,-1,0.00
dag_df9fc3aa30db4ac6,sampler_2302d898,sampler,955731,5425058.56,5794582.62,5794584.06,5795301.69,1,11,10,70.65,706,0.706,0.071,648459222,64845922,1236.84,0.88,0.00,-1,-1,0.00
dag_58f9446bbd3d4230,unet_denoise_e277a24f,unet_denoise,2508851,5425628.61,5795301.69,5795303.14,5805026.80,1,11,10,971.26,9712,9.712,0.971,3539053418,353905341,6750.21,0.91,0.00,-1,-1,0.00
dag_72c99ec3b9a54445,sampler_cd5fbf29,sampler,788640,5436597.66,5805026.80,5805028.25,5805817.91,1,6,0,78.85,788,0.788,0.079,508183013,50818301,969.28,0.77,0.00,-1,-1,0.00
dag_c662227e80b24669,sampler_143a0726,sampler,1635280,5443400.75,5805817.91,5805819.33,5806311.95,1,9,6,48.16,481,0.481,0.048,426061729,42606172,812.65,0.55,0.00,-1,-1,0.00
dag_301b8aa355cf41a5,unet_denoise_238bc354,unet_denoise,1924705,5444061.78,5806311.95,5806313.38,5817432.01,1,8,4,1110.79,11107,11.107,1.111,2124684364,212468436,4052.51,0.63,0.00,-1,-1,0.00
dag_7da0a6ba311a4a8d,sampler_8569d9af,sampler,2557185,5449354.83,5817432.01,5817433.44,5817764.05,1,8,4,31.91,319,0.319,0.032,573975967,57397596,1094.77,0.61,0.00,-1,-1,0.00
dag_087a3e55add54b84,sampler_ad1ff5f2,sampler,2579922,5454061.89,5817764.05,5817765.51,5818071.16,1,6,0,30.44,304,0.304,0.030,537001091,53700109,1024.25,0.41,0.00,-1,-1,0.00
dag_f4f63875da2a47da,sampler_68e3e513,sampler,2589118,5454824.13,5818071.16,5818072.60,5818470.23,1,13,14,38.65,386,0.386,0.039,423461512,42346151,807.69,0.40,0.00,-1,-1,0.00
dag_0a118d4db805487c,unet_denoise_b143d402,unet_denoise,2597180,5455942.19,5818470.23,5818471.66,5834592.28,1,10,8,1610.94,16109,16.109,1.611,4108832501,410883250,7836.98,0.75,0.00,-1,-1,0.00
dag_bb8425b128964146,sampler_c44a4ba9,sampler,2714901,5463076.25,5834592.28,5834593.72,5835088.35,1,12,12,48.31,483,0.483,0.048,359910636,35991063,686.48,0.63,0.00,-1,-1,0.00
dag_99104302e6ae4866,sampler_8c20362f,sampler,2736704,5469944.29,5835088.35,5835089.80,5835443.46,1,9,6,34.27,342,0.342,0.034,343214359,34321435,654.63,0.80,0.00,-1,-1,0.00
dag_3616f9eb4acd4cce,sampler_6b74acb7,sampler,2740620,5478468.33,5835443.46,5835444.88,5836023.50,1,11,10,56.76,567,0.567,0.057,336344760,33634476,641.53,0.84,0.00,-1,-1,0.00
dag_4612b1ef61374610,sampler_03acb921,sampler,2746361,5486902.40,5836023.50,5836024.94,5836587.58,1,7,2,55.11,551,0.551,0.055,305942302,30594230,583.54,0.72,0.00,-1,-1,0.00
dag_6751fb9a83ed408d,unet_denoise_32d8fae6,unet_denoise,1980673,5487416.45,5836587.58,5836589.03,5843935.69,1,9,6,733.54,7335,7.335,0.734,3657636456,365763645,6976.39,0.89,0.00,-1,-1,0.00
dag_e7ccfd39016d4183,unet_denoise_6a1e1e72,unet_denoise,2044685,5487708.54,5843935.69,5843937.12,5847256.75,1,10,8,330.87,3308,3.308,0.331,4150385657,415038565,7916.23,0.63,0.00,-1,-1,0.00
dag_2672a5cdae594062,sampler_ccd6cb74,sampler,2065622,5492406.57,5847256.75,5847377.54,5847537.62,2,1000,16,36.43,364,0.364,0.036,716892404,71689240,1367.36,0.72,0.00,-1,-1,0.00
dag_daff787d847b4d66,sampler_2e5856b3,sampler,2871924,5493084.33,5847537.62,5847539.05,5847789.67,1,7,2,23.94,239,0.239,0.024,584084600,58408460,1114.05,0.94,0.00,-1,-1,0.00
dag_45623821bc4b48ca,sampler_5b673079,sampler,2913489,5500170.43,5847789.67,5847791.12,5848227.78,1,6,0,43.57,435,0.435,0.044,633188286,63318828,1207.71,0.64,0.00,-1,-1,0.00
dag_66fba26b7c8c4266,sampler_6f2ae7d6,sampler,2082853,5511770.51,5848227.78,5848229.20,5848930.82,1,9,6,69.08,690,0.690,0.069,234546234,23454623,447.36,0.41,0.00,-1,-1,0.00
dag_02c30d07c2df4f53,unet_denoise_149585c8,unet_denoise,2094720,5512280.58,5848930.82,5848932.24,5857405.87,1,7,2,846.30,8462,8.462,0.846,3193630811,319363081,6091.37,0.59,0.00,-1,-1,0.00
dag_8240779e963a41fd,unet_denoise_4d14d35c,unet_denoise,2195145,5512570.16,5857405.87,5857407.30,5864045.92,1,11,10,663.74,6637,6.637,0.664,3167086029,316708602,6040.74,0.51,0.00,-1,-1,0.00
dag_8a885e2c63a444bc,unet_denoise_842ef420,unet_denoise,1639359,5513102.25,5864045.92,5864047.36,5872542.00,1,13,14,848.33,8483,8.483,0.848,3400582058,340058205,6486.10,0.90,0.00,-1,-1,0.00
dag_046e5a04b57748db,unet_denoise_1e08c246,unet_denoise,2207056,5513389.93,5872542.00,5872543.45,5879384.11,1,11,10,682.96,6829,6.829,0.683,2546213801,254621380,4856.52,0.45,0.00,-1,-1,0.00
dag_288726b3084342ae,unet_denoise_d0664760,unet_denoise,1475104,5513720.02,5879384.11,5879385.53,5885016.16,1,8,4,561.90,5619,5.619,0.562,2268200888,226820088,4326.25,0.87,0.00,-1,-1,0.00
dag_0e0ca4159e544e86,unet_denoise_cab22172,unet_denoise,2944176,5514311.11,5885016.16,5885017.60,5895224.24,1,7,2,1019.54,10195,10.195,1.020,3611097021,361109702,6887.62,0.71,0.00,-1,-1,0.00
dag_79b32ae1f64043d1,unet_denoise_f9be81d4,unet_denoise,1020281,5515905.17,5895224.24,5895225.66,5914167.27,1,7,2,1893.09,18930,18.930,1.893,2303746500,230374650,4394.05,0.82,0.00,-1,-1,0.00
dag_9c3a4b173dc84179,sampler_2da16125,sampler,1024634,5524226.21,5914167.27,5914168.73,5914634.39,1,10,8,45.49,454,0.454,0.045,482520411,48252041,920.33,0.55,0.00,-1,-1,0.00
dag_c4fc9dded3924f0a,sampler_91c41881,sampler,832179,5528975.27,5914634.39,5914635.85,5914994.51,1,12,12,34.75,347,0.347,0.035,682472778,68247277,1301.71,0.78,0.00,-1,-1,0.00
dag_44a26dab89444865,unet_denoise_ad7bcf70,unet_denoise,1234450,5529434.35,5914994.51,5914995.97,5921003.63,1,6,0,600.68,6006,6.006,0.601,3597322925,359732292,6861.35,0.41,0.00,-1,-1,0.00
dag_58e29ceb412c47dc,sampler_144ecf92,sampler,1045271,5533456.42,5921003.63,5921005.06,5921333.70,1,6,0,31.71,317,0.317,0.032,426132143,42613214,812.78,0.78,0.00,-1,-1,0.00
dag_41e89bfae0694fb9,sampler_322af0ae,sampler,1367192,5539803.52,5921333.70,5921335.14,5921736.78,1,7,2,40.03,400,0.400,0.040,294902104,29490210,562.48,0.56,0.00,-1,-1,0.00
dag_3ae1fe8af2dd4c57,unet_denoise_0741e9e1,unet_denoise,1245010,5540505.58,5921736.78,5921738.20,5932308.82,1,8,4,1055.99,10559,10.559,1.056,3746398374,374639837,7145.69,0.56,0.00,-1,-1,0.00
dag_46cf51d5c3044117,sampler_833530e9,sampler,3003208,5546193.64,5932308.82,5932310.25,5932762.89,1,6,0,44.16,441,0.441,0.044,592741686,59274168,1130.57,0.62,0.00,-1,-1,0.00
dag_46455272cbe54ec8,sampler_b7722461,sampler,2255434,5557519.71,5932762.89,5932764.31,5933605.93,1,10,8,83.01,830,0.830,0.083,413095843,41309584,787.92,0.78,0.00,-1,-1,0.00
dag_41ec2176cd454bc4,unet_denoise_77154e0a,unet_denoise,1518045,5557964.81,5933605.93,5933607.36,5940643.99,1,12,12,702.56,7025,7.025,0.703,1684268560,168426856,3212.49,0.58,0.00,-1,-1,0.00
dag_7f3be6398c5f4569,sampler_6699b2bf,sampler,1673046,5570030.90,5940643.99,5940765.16,5940970.92,2,1000,16,81.63,816,0.816,0.082,270442708,27044270,515.83,0.71,0.00,-1,-1,0.00
dag_e0bf0b0c3c93417d,unet_denoise_5fcb8097,unet_denoise,1521599,5570392.98,5940970.92,5940972.35,5945113.96,1,10,8,413.07,4130,4.130,0.413,3590501626,359050162,6848.34,0.75,0.00,-1,-1,0.00
dag_73f06810d4f94121,sampler_580a4e37,sampler,1048269,5577850.03,5945113.96,5945115.42,5945572.09,1,12,12,44.56,445,0.445,0.045,405642847,40564284,773.70,0.78,0.00,-1,-1,0.00
dag_66afb2b173ef46b3,sampler_ddc586af,sampler,1689059,5581132.09,5945572.09,5945573.51,5945844.13,1,12,12,25.98,259,0.259,0.026,255547103,25554710,487.42,0.50,0.00,-1,-1,0.00
dag_acef7e389a114bcc,sampler_5ee979f3,sampler,833139,5586833.18,5945844.13,5945845.56,5946272.18,1,13,14,41.59,415,0.415,0.042,390082857,39008285,744.02,0.79,0.00,-1,-1,0.00
dag_06313785c32c493a,unet_denoise_06d006a4,unet_denoise,1253795,5587100.25,5946272.18,5946273.64,5950644.31,1,7,2,435.94,4359,4.359,0.436,2922117199,292211719,5573.50,0.50,0.00,-1,-1,0.00
dag_4223921a13d94f85,unet_denoise_0864d7f8,unet_denoise,1528507,5587773.34,5950644.31,5950645.74,5960389.37,1,10,8,973.24,9732,9.732,0.973,4490166782,449016678,8564.31,0.42,0.00,-1,-1,0.00
dag_6c49e8f33c75421e,unet_denoise_679827d1,unet_denoise,2304077,5588299.39,5960389.37,5960390.81,5968995.44,1,8,4,859.32,8593,8.593,0.859,4090201100,409020110,7801.44,0.66,0.00,-1,-1,0.00
dag_e4d333c3eab5448d,unet_denoise_4552d4df,unet_denoise,1697292,5588569.23,5968995.44,5968996.88,5973244.51,1,11,10,423.61,4236,4.236,0.424,2835771398,283577139,5408.80,0.79,0.00,-1,-1,0.00
dag_eb11baf7ee404c2f,unet_denoise_cbc93e9e,unet_denoise,1530044,5588911.31,5973244.51,5973364.84,5974025.98,2,1000,16,538.19,5381,5.381,0.538,2709770964,270977096,5168.48,0.63,0.00,-1,-1,0.00
dag_7eeaa25eb2024286,unet_denoise_4dfdd0e7,unet_denoise,846479,5589230.38,5974025.98,5974027.44,5979283.11,1,11,10,524.42,5244,5.244,0.524,3481163640,348116364,6639.79,0.85,0.00,-1,-1,0.00
dag_628c617e7c804df0,unet_denoise_3f4f5093,unet_denoise,3058035,5589685.44,5979283.11,5979404.35,5980119.80,2,1000,16,591.27,5912,5.912,0.591,2762766520,276276652,5269.56,0.56,0.00,-1,-1,0.00
dag_a7af186451ff4870,sampler_4b9cbe02,sampler,1076091,5590849.54,5980119.80,5980121.24,5980778.87,1,13,14,64.63,646,0.646,0.065,359473271,35947327,685.64,0.54,0.00,-1,-1,0.00
dag_c939c36c249f4616,unet_denoise_23ae2e2f,unet_denoise,852984,5591190.60,5980778.87,5980899.52,5981544.53,2,1000,16,521.54,5215,5.215,0.522,2774328618,277432861,5291.61,0.77,0.00,-1,-1,0.00
dag_475955bb70184b83,unet_denoise_e2d53a61,unet_denoise,877914,5591629.65,5981544.53,5981545.96,5989347.58,1,11,10,779.06,7790,7.790,0.779,2439357267,243935726,4652.70,0.84,0.00,-1,-1,0.00
dag_3d98a7542f9e4c06,unet_denoise_bf54acc5,unet_denoise,665144,5592113.75,5989347.58,5989468.78,5990270.29,2,1000,16,677.35,6773,6.773,0.677,2352103905,235210390,4486.28,0.87,0.00,-1,-1,0.00
dag_460c3a8ec45a455a,sampler_939b2dd9,sampler,3071505,5602304.82,5990270.29,5990271.73,5991066.37,1,10,8,79.40,793,0.793,0.079,477207408,47720740,910.20,0.53,0.00,-1,-1,0.00
dag_12e6b55766fb4483,sampler_64de4b1a,sampler,1397302,5610007.87,5991066.37,5991067.83,5991553.49,1,11,10,47.47,474,0.474,0.047,540489191,54048919,1030.90,0.60,0.00,-1,-1,0.00
dag_0605d9f01775453c,sampler_c903fb55,sampler,638666,5619453.94,5991553.49,5991554.92,5992250.55,1,13,14,68.44,684,0.684,0.068,296878183,29687818,566.25,0.56,0.00,-1,-1,0.00
dag_52fb11ac19314df7,unet_denoise_3a247421,unet_denoise,3088750,5619906.98,5992250.55,5992371.71,5993170.48,2,1000,16,674.61,6746,6.746,0.675,3590216071,359021607,6847.79,0.88,0.00,-1,-1,0.00
dag_26efd09e7e754609,sampler_8020d453,sampler,421232,5626557.06,5993170.48,5993171.91,5993659.54,1,13,14,47.68,476,0.476,0.048,372571610,37257161,710.62,0.84,0.00,-1,-1,0.00
dag_1f52bd4c90834fa8,sampler_45cd4eaf,sampler,360567,5630405.12,5993659.54,5993660.97,5993945.60,1,6,0,27.39,273,0.273,0.027,484858522,48485852,924.79,0.42,0.00,-1,-1,0.00
dag_3977d777d6e44106,sampler_4f82db7d,sampler,1413843,5636080.21,5993945.60,5993947.04,5994314.68,1,7,2,35.70,356,0.356,0.036,378580040,37858004,722.08,0.77,0.00,-1,-1,0.00
dag_53ac1a8f51e34e5c,sampler_96bec2f0,sampler,1745860,5641931.29,5994314.68,5994435.84,5994594.21,2,1000,16,34.26,342,0.342,0.034,530552589,53055258,1011.95,0.50,0.00,-1,-1,0.00
dag_38ec206859024673,sampler_3ec043e9,sampler,364301,5651977.35,5994594.21,5994595.64,5995419.27,1,8,4,81.23,812,0.812,0.081,693470748,69347074,1322.69,0.57,0.00,-1,-1,0.00
dag_1f23f3a4c41b4836,sampler_b59a7100,sampler,290674,5656660.42,5995419.27,5995540.44,5995696.60,2,1000,16,32.01,320,0.320,0.032,580648057,58064805,1107.50,0.51,0.00,-1,-1,0.00
dag_5d27d0b9ef574f30,sampler_828c4fe9,sampler,445937,5664466.48,5995696.60,5995698.04,5996167.68,1,10,8,46.88,468,0.468,0.047,493133810,49313381,940.58,0.69,0.00,-1,-1,0.00
dag_1225345267d447cc,sampler_100e213d,sampler,3131479,5673388.53,5996167.68,5996169.12,5996732.75,1,12,12,55.22,552,0.552,0.055,582089533,58208953,1110.25,0.94,0.00,-1,-1,0.00
dag_bea8b8165f864dbb,sampler_c8612b4c,sampler,1776489,5682736.63,5996732.75,5996734.18,5997343.81,1,12,12,59.86,598,0.598,0.060,480657129,48065712,916.78,0.67,0.00,-1,-1,0.00
dag_ad36e74386b9411c,sampler_996fdd51,sampler,311979,5683170.58,5997343.81,5997464.40,5997600.12,2,1000,16,12.35,123,0.123,0.012,506399794,50639979,965.88,0.79,0.00,-1,-1,0.00
dag_2ef9fa6af23a4570,sampler_fea8252f,sampler,531091,5692021.65,5997600.12,5997601.56,5998185.19,1,11,10,57.23,572,0.572,0.057,737683252,73768325,1407.02,0.45,0.00,-1,-1,0.00
dag_a4eb8e47d4f34c31,sampler_764a9ff2,sampler,1812352,5697031.72,5998185.19,5998186.66,5998555.32,1,8,4,35.73,357,0.357,0.036,561960144,56196014,1071.85,0.81,0.00,-1,-1,0.00
dag_959798270e604592,sampler_b657d66c,sampler,3166836,5703133.79,5998555.32,5998676.48,5998836.15,2,1000,16,35.54,355,0.355,0.036,534974889,53497488,1020.38,0.43,0.00,-1,-1,0.00
dag_63efbf42a747449f,sampler_79bca686,sampler,3173288,5711917.86,5998836.15,5998837.59,5999283.22,1,8,4,43.50,434,0.434,0.043,513565184,51356518,979.55,0.66,0.00,-1,-1,0.00
dag_475c47767ca54a4b,sampler_fa4bc352,sampler,239931,5728148.93,5999283.22,5999284.66,6000386.29,1,6,0,109.07,1090,1.090,0.109,357272711,35727271,681.44,0.65,0.00,-1,-1,0.00
dag_819bfa9f377c43e3,sampler_6d32f865,sampler,2392891,5752234.97,6000386.29,6000387.72,6002529.35,1,8,4,213.04,2130,2.130,0.213,385341236,38534123,734.98,0.77,0.00,-1,-1,0.00
dag_c4506bff0691461e,unet_denoise_fed76613,unet_denoise,411601,5752455.08,6002529.35,6002530.78,6005739.40,1,8,4,319.72,3197,3.197,0.320,3094030922,309403092,5901.40,0.42,0.00,-1,-1,0.00
dag_1b8611f4a71b4f21,unet_denoise_7270b711,unet_denoise,216800,5753037.15,6005739.40,6005740.86,6014000.53,1,9,6,824.87,8248,8.248,0.825,3641831727,364183172,6946.24,0.43,0.00,-1,-1,0.00
dag_7fcfd30e057e4720,unet_denoise_987ad50b,unet_denoise,2402161,5753285.23,6014000.53,6014001.96,6017406.58,1,7,2,339.38,3393,3.393,0.339,2953926312,295392631,5634.17,0.77,0.00,-1,-1,0.00
dag_7aa23edc3f9b4d7f,unet_denoise_c3c8fcae,unet_denoise,663547,5753711.27,6017406.58,6017408.05,6024520.71,1,8,4,710.13,7101,7.101,0.710,3517124767,351712476,6708.38,0.94,0.00,-1,-1,0.00
dag_41d8494265914bda,sampler_b9777993,sampler,2407936,5764372.31,6024520.71,6024522.15,6025303.78,1,9,6,77.10,770,0.770,0.077,671055386,67105538,1279.94,0.69,0.00,-1,-1,0.00
dag_dffce61524874add,sampler_69441ab3,sampler,1837456,5772299.41,6025303.78,6025424.37,6025606.09,2,1000,16,58.31,583,0.583,0.058,560968559,56096855,1069.96,0.95,0.00,-1,-1,0.00
dag_2604b14cf4864967,sampler_105eb681,sampler,1597098,5789473.48,6025606.09,6025607.52,6026397.15,1,13,14,77.89,778,0.778,0.078,574904594,57490459,1096.54,0.72,0.00,-1,-1,0.00
dag_48ce7371571e408e,sampler_2a68066f,sampler,2443694,5792840.54,6026397.15,6026398.58,6026622.21,1,7,2,22.26,222,0.222,0.022,589751428,58975142,1124.86,0.55,0.00,-1,-1,0.00
dag_158e662ab43f41be,unet_denoise_d3a142e8,unet_denoise,1879793,5794307.59,6026622.21,6026623.63,6052272.25,1,6,0,2563.76,25637,25.637,2.564,2740494017,274049401,5227.08,0.87,0.00,-1,-1,0.00
dag_b1b7f34a46354e06,unet_denoise_afb65ac3,unet_denoise,1601341,5794582.62,6052272.25,6052392.84,6052983.66,2,1000,16,467.40,4674,4.674,0.467,2037638323,203763832,3886.49,0.51,0.00,-1,-1,0.00
dag_df9fc3aa30db4ac6,unet_denoise_0f9d8c2a,unet_denoise,955731,5795301.69,6052983.66,6052985.12,6062571.78,1,9,6,957.55,9575,9.575,0.958,4044259493,404425949,7713.81,0.81,0.00,-1,-1,0.00
dag_58f9446bbd3d4230,sampler_f3dfedcf,sampler,2508851,5805026.80,6062571.78,6062573.22,6063179.84,1,10,8,59.51,595,0.595,0.060,609239208,60923920,1162.03,0.83,0.00,-1,-1,0.00
dag_72c99ec3b9a54445,unet_denoise_36985d8b,unet_denoise,788640,5805817.91,6063179.84,6063181.28,6075289.90,1,10,8,1210.72,12107,12.107,1.211,3677538890,367753889,7014.35,0.42,0.00,-1,-1,0.00
dag_c662227e80b24669,unet_denoise_489a5dd9,unet_denoise,1635280,5806311.95,6075289.90,6075291.36,6081278.03,1,6,0,598.52,5985,5.985,0.599,3201065850,320106585,6105.55,0.49,0.00,-1,-1,0.00
dag_301b8aa355cf41a5,sampler_5691f3b8,sampler,1924705,5817432.01,6081278.03,6081279.46,6082023.09,1,11,10,73.25,732,0.732,0.073,401764439,40176443,766.30,0.80,0.00,-1,-1,0.00
dag_7da0a6ba311a4a8d,unet_denoise_4e29e8e4,unet_denoise,2557185,5817764.05,6082023.09,6082024.56,6086526.22,1,7,2,449.05,4490,4.490,0.449,3801028870,380102887,7249.89,0.46,0.00,-1,-1,0.00
dag_087a3e55add54b84,unet_denoise_b1f20e28,unet_denoise,2579922,5818071.16,6086526.22,6086646.91,6087209.66,2,1000,16,439.22,4392,4.392,0.439,3978699820,397869982,7588.77,0.53,0.00,-1,-1,0.00
dag_f4f63875da2a47da,unet_denoise_5cd19449,unet_denoise,2589118,5818470.23,6087209.66,6087330.21,6088005.19,2,1000,16,551.65,5516,5.516,0.552,3694868292,369486829,7047.40,0.60,0.00,-1,-1,0.00
dag_0a118d4db805487c,sampler_65f0c0e5,sampler,2597180,5834592.28,6088005.19,6088125.62,6088350.82,2,1000,16,102.04,1020,1.020,0.102,639521631,63952163,1219.79,0.83,0.00,-1,-1,0.00
dag_bb8425b128964146,unet_denoise_61d650a7,unet_denoise,2714901,5835088.35,6088350.82,6088352.25,6096890.86,1,6,0,852.80,8527,8.527,0.853,3784456397,378445639,7218.28,0.78,0.00,-1,-1,0.00
dag_99104302e6ae4866,unet_denoise_4a761fec,unet_denoise,2736704,5835443.46,6096890.86,6097011.42,6097724.59,2,1000,16,589.81,5898,5.898,0.590,3927968673,392796867,7492.01,0.80,0.00,-1,-1,0.00
dag_3616f9eb4acd4cce,unet_denoise_8e652cdf,unet_denoise,2740620,5836023.50,6097724.59,6097726.06,6104867.72,1,9,6,713.10,7130,7.130,0.713,2188687074,218868707,4174.59,0.49,0.00,-1,-1,0.00
dag_4612b1ef61374610,unet_denoise_b41d2ba8,unet_denoise,2746361,5836587.58,6104867.72,6104988.28,6105815.15,2,1000,16,703.50,7035,7.035,0.704,4792190247,479219024,9140.38,0.63,0.00,-1,-1,0.00
dag_6751fb9a83ed408d,sampler_d97e2e2a,sampler,1980673,5843935.69,6105815.15,6105816.61,6106336.28,1,9,6,50.88,508,0.508,0.051,678796546,67879654,1294.70,0.40,0.00,-1,-1,0.00
dag_e7ccfd39016d4183,sampler_b3f9a102,sampler,2044685,5847256.75,6106336.28,6106337.72,6106585.35,1,8,4,23.67,236,0.236,0.024,283563296,28356329,540.85,0.51,0.00,-1,-1,0.00
dag_2672a5cdae594062,unet_denoise_b530fa8d,unet_denoise,2065622,5847537.62,6106585.35,6106586.81,6111952.48,1,9,6,535.43,5354,5.354,0.535,2851272189,285127218,5438.37,0.41,0.00,-1,-1,0.00
dag_daff787d847b4d66,unet_denoise_a40f0848,unet_denoise,2871924,5847789.67,6111952.48,6111953.91,6115807.53,1,11,10,385.23,3852,3.852,0.385,3889893960,388989396,7419.38,0.62,0.00,-1,-1,0.00
dag_45623821bc4b48ca,unet_denoise_af29b6c5,unet_denoise,2913489,5848227.78,6115807.53,6115808.99,6123717.65,1,10,8,789.76,7897,7.897,0.790,3092697918,309269791,5898.85,0.70,0.00,-1,-1,0.00
dag_66fba26b7c8c4266,unet_denoise_be1d6bf3,unet_denoise,2082853,5848930.82,6123717.65,6123719.08,6134354.69,1,7,2,1062.46,10624,10.624,1.062,2356243841,235624384,4494.18,0.67,0.00,-1,-1,0.00
dag_02c30d07c2df4f53,sampler_f8883356,sampler,2094720,5857405.87,6134354.69,6134356.15,6134848.82,1,8,4,48.12,481,0.481,0.048,508450714,50845071,969.79,0.45,0.00,-1,-1,0.00
dag_8240779e963a41fd,sampler_c073547c,sampler,2195145,5864045.92,6134848.82,6134850.26,6135284.91,1,6,0,42.37,423,0.423,0.042,544592810,54459281,1038.73,0.75,0.00,-1,-1,0.00
dag_8a885e2c63a444bc,sampler_e0b498f1,sampler,1639359,5872542.00,6135284.91,6135286.34,6135893.97,1,11,10,59.62,596,0.596,0.060,534224473,53422447,1018.95,0.87,0.00,-1,-1,0.00
dag_046e5a04b57748db,sampler_2191cee5,sampler,2207056,5879384.11,6135893.97,6135895.40,6136475.01,1,7,2,56.84,568,0.568,0.057,716495919,71649591,1366.61,0.54,0.00,-1,-1,0.00
dag_288726b3084342ae,sampler_bd8232b3,sampler,1475104,5885016.16,6136475.01,6136476.44,6136853.06,1,8,4,36.53,365,0.365,0.037,497893666,49789366,949.66,0.67,0.00,-1,-1,0.00
dag_0e0ca4159e544e86,sampler_3deee2df,sampler,2944176,5895224.24,6136853.06,6136854.48,6137460.10,1,7,2,59.46,594,0.594,0.059,593576673,59357667,1132.16,0.49,0.00,-1,-1,0.00
dag_79b32ae1f64043d1,sampler_51b32820,sampler,1020281,5914167.27,6137460.10,6137461.52,6139102.13,1,8,4,162.96,1629,1.629,0.163,532492820,53249282,1015.65,0.44,0.00,-1,-1,0.00
dag_9c3a4b173dc84179,unet_denoise_40d5410d,unet_denoise,1024634,5914634.39,6139102.13,6139103.57,6147422.22,1,13,14,830.73,8307,8.307,0.831,2851365325,285136532,5438.55,0.74,0.00,-1,-1,0.00
dag_c4fc9dded3924f0a,unet_denoise_3ca5c257,unet_denoise,832179,5914994.51,6147422.22,6147423.64,6151932.26,1,9,6,449.71,4497,4.497,0.450,3457274834,345727483,6594.23,0.50,0.00,-1,-1,0.00
dag_44a26dab89444865,sampler_c1e44dc1,sampler,1234450,5921003.63,6151932.26,6151933.69,6152322.31,1,6,0,37.74,377,0.377,0.038,635735980,63573598,1212.57,0.78,0.00,-1,-1,0.00
dag_58e29ceb412c47dc,unet_denoise_6b20a1b6,unet_denoise,1045271,5921333.70,6152322.31,6152323.74,6157545.36,1,6,0,521.03,5210,5.210,0.521,2288044161,228804416,4364.10,0.73,0.00,-1,-1,0.00
dag_41e89bfae0694fb9,unet_denoise_284af7df,unet_denoise,1367192,5921736.78,6157545.36,6157546.83,6164039.49,1,11,10,648.14,6481,6.481,0.648,2755552630,275555263,5255.80,0.77,0.00,-1,-1,0.00
dag_3ae1fe8af2dd4c57,sampler_aaf57b3a,sampler,1245010,5932308.82,6164039.49,6164040.91,6164577.53,1,6,0,52.53,525,0.525,0.053,431003952,43100395,822.07,0.43,0.00,-1,-1,0.00
dag_46cf51d5c3044117,unet_denoise_8b4c94c9,unet_denoise,3003208,5932762.89,6164577.53,6164578.96,6169674.59,1,11,10,508.42,5084,5.084,0.508,3715251652,371525165,7086.28,0.61,0.00,-1,-1,0.00
dag_46455272cbe54ec8,unet_denoise_289d0f05,unet_denoise,2255434,5933605.93,6169674.59,6169676.03,6182730.66,1,12,12,1304.31,13043,13.043,1.304,3710059868,371005986,7076.38,0.55,0.00,-1,-1,0.00
dag_41ec2176cd454bc4,sampler_73b77c71,sampler,1518045,5940643.99,6182730.66,6182732.08,6183171.70,1,11,10,42.89,428,0.428,0.043,724248032,72424803,1381.39,0.89,0.00,-1,-1,0.00
dag_7f3be6398c5f4569,unet_denoise_ac3d2a97,unet_denoise,1673046,5940970.92,6183171.70,6183173.16,6193719.83,1,8,4,1053.54,10535,10.535,1.054,3547625466,354762546,6766.56,0.85,0.00,-1,-1,0.00
dag_e0bf0b0c3c93417d,sampler_d9af6d70,sampler,1521599,5945113.96,6193719.83,6193840.45,6194002.61,2,1000,16,38.74,387,0.387,0.039,663238636,66323863,1265.03,0.57,0.00,-1,-1,0.00
dag_73f06810d4f94121,unet_denoise_7867ca3c,unet_denoise,1048269,5945572.09,6194002.61,6194004.05,6202109.68,1,8,4,810.48,8104,8.104,0.810,3390742999,339074299,6467.33,0.71,0.00,-1,-1,0.00
dag_66afb2b173ef46b3,unet_denoise_b11af21c,unet_denoise,1689059,5945844.13,6202109.68,6202111.11,6205566.74,1,6,0,344.42,3444,3.444,0.344,2646405148,264640514,5047.62,0.78,0.00,-1,-1,0.00
dag_acef7e389a114bcc,unet_denoise_2c93acbf,unet_denoise,833139,5946272.18,6205566.74,6205568.17,6210911.80,1,13,14,533.21,5332,5.332,0.533,2902262339,290226233,5535.63,0.57,0.00,-1,-1,0.00
dag_06313785c32c493a,sampler_849f84e2,sampler,1253795,5950644.31,6210911.80,6210913.23,6211208.85,1,10,8,29.44,294,0.294,0.029,325952326,32595232,621.70,0.49,0.00,-1,-1,0.00
dag_4223921a13d94f85,sampler_2bbf066a,sampler,1528507,5960389.37,6211208.85,6211210.27,6212105.89,1,10,8,89.42,894,0.894,0.089,747794596,74779459,1426.31,0.62,0.00,-1,-1,0.00
dag_6c49e8f33c75421e,sampler_979150b1,sampler,2304077,5968995.44,6212105.89,6212107.33,6212622.96,1,8,4,50.48,504,0.504,0.050,339393942,33939394,647.34,0.48,0.00,-1,-1,0.00
dag_e4d333c3eab5448d,sampler_e1ac0bbd,sampler,1697292,5973244.51,6212622.96,6212624.39,6212910.02,1,12,12,27.47,274,0.274,0.027,497198298,49719829,948.33,0.89,0.00,-1,-1,0.00
dag_eb11baf7ee404c2f,sampler_bff86af5,sampler,1530044,5974025.98,6212910.02,6212911.46,6213171.09,1,9,6,24.85,248,0.248,0.025,458088868,45808886,873.74,0.75,0.00,-1,-1,0.00
dag_7eeaa25eb2024286,sampler_7330d703,sampler,846479,5979283.11,6213171.09,6213172.55,6213542.22,1,8,4,35.82,358,0.358,0.036,534994037,53499403,1020.42,0.82,0.00,-1,-1,0.00
dag_628c617e7c804df0,sampler_d39cc0f7,sampler,3058035,5980119.80,6213542.22,6213543.65,6213916.28,1,8,4,36.16,361,0.361,0.036,407701013,40770101,777.63,0.58,0.00,-1,-1,0.00
dag_a7af186451ff4870,unet_denoise_9931ff22,unet_denoise,1076091,5980778.87,6213916.28,6213917.72,6222984.35,1,10,8,905.59,9055,9.055,0.906,3440432047,344043204,6562.10,0.89,0.00,-1,-1,0.00
dag_c939c36c249f4616,sampler_5eed4157,sampler,852984,5981544.53,6222984.35,6222985.77,6223324.39,1,7,2,32.79,327,0.327,0.033,637441334,63744133,1215.82,0.60,0.00,-1,-1,0.00
dag_475955bb70184b83,sampler_b11e09f2,sampler,877914,5989347.58,6223324.39,6223325.83,6223866.46,1,10,8,52.99,529,0.529,0.053,512957234,51295723,978.39,0.93,0.00,-1,-1,0.00
dag_3d98a7542f9e4c06,sampler_b0e1a761,sampler,665144,5990270.29,6223866.46,6223867.92,6224322.59,1,11,10,44.38,443,0.443,0.044,453668358,45366835,865.30,0.50,0.00,-1,-1,0.00
dag_460c3a8ec45a455a,unet_denoise_43955a28,unet_denoise,3071505,5991066.37,6224322.59,6224443.86,6225728.77,2,1000,16,1160.68,11606,11.606,1.161,2175845543,217584554,4150.10,0.50,0.00,-1,-1,0.00
dag_12e6b55766fb4483,unet_denoise_ff827a48,unet_denoise,1397302,5991553.49,6225728.77,6225730.19,6233769.81,1,10,8,803.86,8038,8.038,0.804,4041236744,404123674,7708.05,0.44,0.00,-1,-1,0.00
dag_0605d9f01775453c,unet_denoise_02fe445a,unet_denoise,638666,5992250.55,6233769.81,6233771.24,6241812.87,1,12,12,803.03,8030,8.030,0.803,2600718854,260071885,4960.48,0.90,0.00,-1,-1,0.00
dag_52fb11ac19314df7,sampler_67d97f06,sampler,3088750,5993170.48,6241812.87,6241814.31,6242301.94,1,7,2,47.69,476,0.476,0.048,623066874,62306687,1188.41,0.59,0.00,-1,-1,0.00
dag_26efd09e7e754609,unet_denoise_c5f23c43,unet_denoise,421232,5993659.54,6242301.94,6242303.37,6249367.00,1,6,0,705.27,7052,7.052,0.705,3031016658,303101665,5781.21,0.72,0.00,-1,-1,0.00
dag_1f52bd4c90834fa8,unet_denoise_2a734c2c,unet_denoise,360567,5993945.60,6249367.00,6249368.43,6252912.05,1,9,6,353.30,3532,3.532,0.353,3840920247,384092024,7325.97,0.93,0.00,-1,-1,0.00
dag_3977d777d6e44106,unet_denoise_77d3eb92,unet_denoise,1413843,5994314.68,6252912.05,6252913.48,6260278.11,1,12,12,735.37,7353,7.353,0.735,2924887570,292488757,5578.78,0.44,0.00,-1,-1,0.00
dag_53ac1a8f51e34e5c,unet_denoise_c230e4c4,unet_denoise,1745860,5994594.21,6260278.11,6260279.53,6265776.15,1,13,14,548.54,5485,5.485,0.549,3047119615,304711961,5811.92,0.62,0.00,-1,-1,0.00
dag_38ec206859024673,unet_denoise_547770b2,unet_denoise,364301,5995419.27,6265776.15,6265777.57,6275598.20,1,8,4,980.95,9809,9.809,0.981,3601305910,360130591,6868.95,0.78,0.00,-1,-1,0.00
dag_1f23f3a4c41b4836,unet_denoise_d71bf33a,unet_denoise,290674,5995696.60,6275598.20,6275599.63,6280480.26,1,12,12,486.99,4869,4.869,0.487,2495116119,249511611,4759.06,0.92,0.00,-1,-1,0.00
dag_5d27d0b9ef574f30,unet_denoise_97eb4058,unet_denoise,445937,5996167.68,6280480.26,6280481.70,6287670.34,1,8,4,717.71,7177,7.177,0.718,3286357367,328635736,6268.23,0.91,0.00,-1,-1,0.00
dag_1225345267d447cc,unet_denoise_27bc54a0,unet_denoise,3131479,5996732.75,6287670.34,6287671.78,6295856.42,1,12,12,817.36,8173,8.173,0.817,2647524980,264752498,5049.75,0.45,0.00,-1,-1,0.00
dag_bea8b8165f864dbb,unet_denoise_b0c27078,unet_denoise,1776489,5997343.81,6295856.42,6295977.55,6296962.98,2,1000,16,861.31,8613,8.613,0.861,3066004884,306600488,5847.94,0.61,0.00,-1,-1,0.00
dag_ad36e74386b9411c,unet_denoise_5948293b,unet_denoise,311979,5997600.12,6296962.98,6297083.31,6297427.29,2,1000,16,220.94,2209,2.209,0.221,2828634494,282863449,5395.19,0.78,0.00,-1,-1,0.00
dag_2ef9fa6af23a4570,unet_denoise_4a68c0ab,unet_denoise,531091,5998185.19,6297427.29,6297428.72,6305396.34,1,7,2,795.64,7956,7.956,0.796,3593084005,359308400,6853.26,0.65,0.00,-1,-1,0.00
dag_a4eb8e47d4f34c31,unet_denoise_d0891861,unet_denoise,1812352,5998555.32,6305396.34,6305516.71,6306096.33,2,1000,16,456.58,4565,4.565,0.457,3486397400,348639740,6649.78,0.56,0.00,-1,-1,0.00
dag_959798270e604592,unet_denoise_11ce4eb5,unet_denoise,3166836,5998836.15,6306096.33,6306216.92,6306907.94,2,1000,16,567.70,5676,5.676,0.568,3105247019,310524701,5922.79,0.58,0.00,-1,-1,0.00
dag_63efbf42a747449f,unet_denoise_a3bfa706,unet_denoise,3173288,5999283.22,6306907.94,6306909.37,6316114.00,1,13,14,919.36,9193,9.193,0.919,2693658679,269365867,5137.75,0.66,0.00,-1,-1,0.00
dag_475c47767ca54a4b,unet_denoise_6a4f3416,unet_denoise,239931,6000386.29,6316114.00,6316115.43,6331822.06,1,9,6,1570.54,15705,15.705,1.571,3497471253,349747125,6670.90,0.92,0.00,-1,-1,0.00
dag_819bfa9f377c43e3,unet_denoise_8f755ede,unet_denoise,2392891,6002529.35,6331822.06,6331823.50,6357652.13,1,10,8,2581.72,25817,25.817,2.582,3048094526,304809452,5813.78,0.83,0.00,-1,-1,0.00
dag_c4506bff0691461e,sampler_1005dd43,sampler,411601,6005739.40,6357652.13,6357653.56,6357904.19,1,11,10,24.00,239,0.239,0.024,368091823,36809182,702.08,0.43,0.00,-1,-1,0.00
dag_1b8611f4a71b4f21,sampler_29d47af2,sampler,216800,6014000.53,6357904.19,6357905.62,6358537.25,1,8,4,62.06,620,0.620,0.062,547742703,54774270,1044.74,0.60,0.00,-1,-1,0.00
dag_7fcfd30e057e4720,sampler_36e60c05,sampler,2402161,6017406.58,6358537.25,6358538.71,6358792.38,1,6,0,25.21,252,0.252,0.025,329591086,32959108,628.65,0.80,0.00,-1,-1,0.00
dag_7aa23edc3f9b4d7f,sampler_634b0a96,sampler,663547,6024520.71,6358792.38,6358793.81,6359191.44,1,11,10,38.61,386,0.386,0.039,375578374,37557837,716.36,0.84,0.00,-1,-1,0.00
dag_41d8494265914bda,unet_denoise_3616d7af,unet_denoise,2407936,6025303.78,6359191.44,6359192.87,6370452.50,1,10,8,1124.89,11248,11.248,1.125,2652582206,265258220,5059.40,0.44,0.00,-1,-1,0.00
dag_dffce61524874add,unet_denoise_b4861a20,unet_denoise,1837456,6025606.09,6370452.50,6370453.93,6378696.55,1,9,6,823.17,8231,8.231,0.823,4757706805,475770680,9074.61,0.77,0.00,-1,-1,0.00
dag_2604b14cf4864967,unet_denoise_b969d571,unet_denoise,1597098,6026397.15,6378696.55,6378697.99,6392621.61,1,7,2,1391.27,13912,13.912,1.391,1887095405,188709540,3599.35,0.63,0.00,-1,-1,0.00
dag_48ce7371571e408e,unet_denoise_26be87e4,unet_denoise,2443694,6026622.21,6392621.61,6392623.04,6395667.67,1,10,8,303.34,3033,3.033,0.303,2795594769,279559476,5332.17,0.74,0.00,-1,-1,0.00
dag_158e662ab43f41be,sampler_c217b4e7,sampler,1879793,6052272.25,6395667.67,6395669.11,6397046.74,1,11,10,136.62,1366,1.366,0.137,629801262,62980126,1201.25,0.72,0.00,-1,-1,0.00
dag_b1b7f34a46354e06,sampler_9daaabb2,sampler,1601341,6052983.66,6397046.74,6397048.17,6397337.80,1,12,12,27.85,278,0.278,0.028,464087893,46408789,885.18,0.62,0.00,-1,-1,0.00
dag_df9fc3aa30db4ac6,sampler_355ecc82,sampler,955731,6062571.78,6397337.80,6397339.26,6397888.92,1,6,0,54.81,548,0.548,0.055,535499002,53549900,1021.38,0.53,0.00,-1,-1,0.00
dag_58f9446bbd3d4230,unet_denoise_d6d215a2,unet_denoise,2508851,6063179.84,6397888.92,6398010.09,6398976.75,2,1000,16,842.52,8425,8.425,0.843,4022461357,402246135,7672.24,0.80,0.00,-1,-1,0.00
dag_72c99ec3b9a54445,sampler_e1d7a929,sampler,788640,6075289.90,6398976.75,6398978.20,6399855.84,1,13,14,86.65,866,0.866,0.087,536510331,53651033,1023.31,0.84,0.00,-1,-1,0.00
dag_c662227e80b24669,sampler_589cfa7a,sampler,1635280,6081278.03,6399855.84,6399857.27,6400318.91,1,7,2,45.00,450,0.450,0.045,677772134,67777213,1292.75,0.73,0.00,-1,-1,0.00
dag_301b8aa355cf41a5,unet_denoise_926de1e5,unet_denoise,1924705,6082023.09,6400318.91,6400320.35,6410008.99,1,12,12,967.74,9677,9.677,0.968,3484869816,348486981,6646.86,0.82,0.00,-1,-1,0.00
dag_7da0a6ba311a4a8d,sampler_2c822a84,sampler,2557185,6086526.22,6410008.99,6410010.43,6410444.07,1,9,6,42.24,422,0.422,0.042,652653646,65265364,1244.84,0.67,0.00,-1,-1,0.00
dag_087a3e55add54b84,sampler_f68b135f,sampler,2579922,6087209.66,6410444.07,6410564.66,6410718.38,2,1000,16,30.39,303,0.303,0.030,492171565,49217156,938.74,0.44,0.00,-1,-1,0.00
dag_f4f63875da2a47da,sampler_29a2c863,sampler,2589118,6088005.19,6410718.38,6410719.81,6411107.44,1,7,2,37.64,376,0.376,0.038,383288349,38328834,731.06,0.77,0.00,-1,-1,0.00
dag_0a118d4db805487c,unet_denoise_7e9c5534,unet_denoise,2597180,6088350.82,6411107.44,6411108.87,6426332.50,1,9,6,1521.26,15212,15.212,1.521,4143753157,414375315,7903.58,0.64,0.00,-1,-1,0.00
dag_bb8425b128964146,sampler_b7e88c38,sampler,2714901,6096890.86,6426332.50,6426453.32,6426623.94,2,1000,16,46.99,469,0.469,0.047,694135784,69413578,1323.96,0.47,0.00,-1,-1,0.00
dag_99104302e6ae4866,sampler_86662500,sampler,2736704,6097724.59,6426623.94,6426625.40,6427101.06,1,11,10,46.49,464,0.464,0.046,555604082,55560408,1059.73,0.93,0.00,-1,-1,0.00
dag_3616f9eb4acd4cce,sampler_f8dbaca4,sampler,2740620,6104867.72,6427101.06,6427102.51,6427715.17,1,9,6,60.11,601,0.601,0.060,443314624,44331462,845.56,0.66,0.00,-1,-1,0.00
dag_4612b1ef61374610,sampler_ae8016f6,sampler,2746361,6105815.15,6427715.17,6427716.61,6428311.25,1,11,10,58.33,583,0.583,0.058,406349424,40634942,775.05,0.47,0.00,-1,-1,0.00
dag_6751fb9a83ed408d,unet_denoise_63f9e75f,unet_denoise,1980673,6106336.28,6428311.25,6428312.71,6433767.37,1,13,14,544.35,5443,5.443,0.544,4089777262,408977726,7800.63,0.60,0.00,-1,-1,0.00
dag_e7ccfd39016d4183,unet_denoise_6016249a,unet_denoise,2044685,6106585.35,6433767.37,6433768.80,6438039.44,1,13,14,425.98,4259,4.259,0.426,3578706462,357870646,6825.84,0.79,0.00,-1,-1,0.00
dag_2672a5cdae594062,sampler_6e5fda34,sampler,2065622,6111952.48,6438039.44,6438040.87,6438385.50,1,11,10,33.38,333,0.333,0.033,554632132,55463213,1057.88,0.87,0.00,-1,-1,0.00
dag_daff787d847b4d66,sampler_0c1af6bc,sampler,2871924,6115807.53,6438385.50,6438386.95,6438678.58,1,9,6,28.09,280,0.280,0.028,397086107,39708610,757.38,0.74,0.00,-1,-1,0.00
dag_45623821bc4b48ca,sampler_b0afc31e,sampler,2913489,6123717.65,6438678.58,6438798.95,6438970.57,2,1000,16,48.52,485,0.485,0.049,516202817,51620281,984.58,0.54,0.00,-1,-1,0.00
dag_66fba26b7c8c4266,sampler_d04d8df4,sampler,2082853,6134354.69,6438970.57,6438972.01,6439611.65,1,7,2,63.89,638,0.638,0.064,678006902,67800690,1293.20,0.69,0.00,-1,-1,0.00
dag_02c30d07c2df4f53,unet_denoise_152253e7,unet_denoise,2094720,6134848.82,6439611.65,6439613.09,6450164.73,1,11,10,1054.04,10540,10.540,1.054,2293253794,229325379,4374.03,0.81,0.00,-1,-1,0.00
dag_8240779e963a41fd,unet_denoise_449e3067,unet_denoise,2195145,6135284.91,6450164.73,6450166.16,6456545.79,1,6,0,636.89,6368,6.368,0.637,3902099453,390209945,7442.66,0.75,0.00,-1,-1,0.00
dag_8a885e2c63a444bc,unet_denoise_052ca448,unet_denoise,1639359,6135893.97,6456545.79,6456547.23,6464774.87,1,11,10,822.66,8226,8.226,0.823,3135775122,313577512,5981.02,0.64,0.00,-1,-1,0.00
dag_046e5a04b57748db,unet_denoise_ef25e150,unet_denoise,2207056,6136475.01,6464774.87,6464776.28,6469762.89,1,6,0,497.57,4975,4.975,0.498,2682189736,268218973,5115.87,0.60,0.00,-1,-1,0.00
dag_288726b3084342ae,unet_denoise_457efadb,unet_denoise,1475104,6136853.06,6469762.89,6469764.32,6475488.94,1,13,14,571.30,5713,5.713,0.571,2744905824,274490582,5235.49,0.59,0.00,-1,-1,0.00
dag_0e0ca4159e544e86,unet_denoise_25bdfc97,unet_denoise,2944176,6137460.10,6475488.94,6475490.37,6485100.00,1,11,10,959.85,9598,9.598,0.960,4364968310,436496831,8325.52,0.68,0.00,-1,-1,0.00
dag_79b32ae1f64043d1,unet_denoise_3969b9c2,unet_denoise,1020281,6139102.13,6485100.00,6485101.44,6510236.08,1,9,6,2512.36,25123,25.123,2.512,2855709037,285570903,5446.83,0.70,0.00,-1,-1,0.00
dag_9c3a4b173dc84179,sampler_d1b43615,sampler,1024634,6147422.22,6510236.08,6510237.52,6510741.16,1,7,2,50.25,502,0.502,0.050,372869474,37286947,711.19,0.53,0.00,-1,-1,0.00
dag_c4fc9dded3924f0a,sampler_a770aa14,sampler,832179,6151932.26,6510741.16,6510862.16,6511017.20,2,1000,16,31.11,311,0.311,0.031,506233880,50623388,965.56,0.86,0.00,-1,-1,0.00
dag_44a26dab89444865,unet_denoise_65957601,unet_denoise,1234450,6152322.31,6511017.20,6511018.64,6517259.28,1,6,0,622.95,6229,6.229,0.623,2994978327,299497832,5712.47,0.64,0.00,-1,-1,0.00
dag_58e29ceb412c47dc,sampler_5beffa78,sampler,1045271,6157545.36,6517259.28,6517260.73,6517571.39,1,11,10,29.99,299,0.299,0.030,308799047,30879904,588.99,0.72,0.00,-1,-1,0.00
dag_41e89bfae0694fb9,sampler_e7399461,sampler,1367192,6164039.49,6517571.39,6517572.83,6518006.47,1,7,2,43.21,432,0.432,0.043,661765855,66176585,1262.22,0.85,0.00,-1,-1,0.00
dag_3ae1fe8af2dd4c57,unet_denoise_074c7400,unet_denoise,1245010,6164577.53,6518006.47,6518007.90,6528241.53,1,11,10,1022.20,10222,10.222,1.022,4244916698,424491669,8096.54,0.44,0.00,-1,-1,0.00
dag_46cf51d5c3044117,sampler_339b29d0,sampler,3003208,6169674.59,6528241.53,6528242.98,6528752.62,1,12,12,49.88,498,0.498,0.050,456359702,45635970,870.44,0.81,0.00,-1,-1,0.00
dag_46455272cbe54ec8,sampler_89a08613,sampler,2255434,6182730.66,6528752.62,6528754.07,6529499.72,1,7,2,73.43,734,0.734,0.073,681741299,68174129,1300.32,0.94,0.00,-1,-1,0.00
dag_41ec2176cd454bc4,unet_denoise_c93c6f49,unet_denoise,1518045,6183171.70,6529499.72,6529501.17,6535517.83,1,13,14,600.57,6005,6.005,0.601,2846106553,284610655,5428.52,0.69,0.00,-1,-1,0.00
dag_7f3be6398c5f4569,sampler_bc23400c,sampler,1673046,6193719.83,6535517.83,6535519.27,6536220.92,1,6,0,69.02,690,0.690,0.069,396215590,39621559,755.72,0.78,0.00,-1,-1,0.00
dag_e0bf0b0c3c93417d,unet_denoise_1bae362c,unet_denoise,1521599,6194002.61,6536220.92,6536222.36,6541933.00,1,13,14,569.90,5699,5.699,0.570,1755692565,175569256,3348.72,0.78,0.00,-1,-1,0.00
dag_73f06810d4f94121,sampler_37642104,sampler,1048269,6202109.68,6541933.00,6541934.44,6542474.06,1,8,4,53.81,538,0.538,0.054,357788426,35778842,682.43,0.52,0.00,-1,-1,0.00
dag_66afb2b173ef46b3,sampler_dac0b8fe,sampler,1689059,6205566.74,6542474.06,6542475.51,6542724.17,1,6,0,24.79,247,0.247,0.025,324920467,32492046,619.74,0.81,0.00,-1,-1,0.00
dag_acef7e389a114bcc,sampler_688744bf,sampler,833139,6210911.80,6542724.17,6542725.60,6543087.22,1,6,0,35.04,350,0.350,0.035,606197227,60619722,1156.23,0.82,0.00,-1,-1,0.00
dag_06313785c32c493a,unet_denoise_b8749247,unet_denoise,1253795,6211208.85,6543087.22,6543088.66,6547431.29,1,8,4,433.16,4331,4.331,0.433,4042299727,404229972,7710.07,0.72,0.00,-1,-1,0.00
dag_4223921a13d94f85,unet_denoise_1c1b6d58,unet_denoise,1528507,6212105.89,6547431.29,6547432.73,6559436.38,1,10,8,1199.25,11992,11.992,1.199,4229640457,422964045,8067.40,0.79,0.00,-1,-1,0.00
dag_6c49e8f33c75421e,unet_denoise_efa43145,unet_denoise,2304077,6212622.96,6559436.38,6559437.83,6566384.49,1,11,10,693.59,6935,6.935,0.694,2889316174,288931617,5510.93,0.73,0.00,-1,-1,0.00
dag_e4d333c3eab5448d,unet_denoise_c4ca5c23,unet_denoise,1697292,6212910.02,6566384.49,6566505.11,6566988.37,2,1000,16,359.85,3598,3.598,0.360,2498381732,249838173,4765.28,0.87,0.00,-1,-1,0.00
dag_eb11baf7ee404c2f,unet_denoise_873b002e,unet_denoise,1530044,6213171.09,6566988.37,6566989.82,6571897.47,1,11,10,489.68,4896,4.896,0.490,2356914750,235691475,4495.46,0.91,0.00,-1,-1,0.00
dag_7eeaa25eb2024286,unet_denoise_0c3233c0,unet_denoise,846479,6213542.22,6571897.47,6571898.89,6577162.50,1,6,0,525.24,5252,5.252,0.525,2580524520,258052452,4921.96,0.43,0.00,-1,-1,0.00
dag_628c617e7c804df0,unet_denoise_e72466f6,unet_denoise,3058035,6213916.28,6577162.50,6577163.94,6581817.59,1,12,12,464.27,4642,4.642,0.464,1980541956,198054195,3777.58,0.59,0.00,-1,-1,0.00
dag_a7af186451ff4870,sampler_c23d4e78,sampler,1076091,6222984.35,6581817.59,6581819.03,6582543.66,1,9,6,71.36,713,0.713,0.071,593810175,59381017,1132.60,0.65,0.00,-1,-1,0.00
dag_c939c36c249f4616,unet_denoise_2042e90d,unet_denoise,852984,6223324.39,6582543.66,6582545.09,6586337.71,1,7,2,378.20,3781,3.781,0.378,3042461580,304246158,5803.03,0.42,0.00,-1,-1,0.00
dag_475955bb70184b83,unet_denoise_f205acc8,unet_denoise,877914,6223866.46,6586337.71,6586339.14,6592992.76,1,8,4,664.27,6642,6.642,0.664,5446281887,544628188,10387.96,0.41,0.00,-1,-1,0.00
dag_3d98a7542f9e4c06,unet_denoise_39829288,unet_denoise,665144,6224322.59,6592992.76,6592994.21,6599500.86,1,13,14,649.57,6495,6.495,0.650,3653878668,365387866,6969.22,0.56,0.00,-1,-1,0.00
dag_460c3a8ec45a455a,sampler_68e02b87,sampler,3071505,6225728.77,6599500.86,6599502.29,6600357.92,1,8,4,85.41,854,0.854,0.085,372724428,37272442,710.92,0.90,0.00,-1,-1,0.00
dag_12e6b55766fb4483,sampler_407b4ec5,sampler,1397302,6233769.81,6600357.92,6600478.91,6600662.55,2,1000,16,59.71,597,0.597,0.060,305556013,30555601,582.80,0.89,0.00,-1,-1,0.00
dag_0605d9f01775453c,sampler_217dd304,sampler,638666,6241812.87,6600662.55,6600663.98,6601378.61,1,6,0,70.31,703,0.703,0.070,732516812,73251681,1397.16,0.88,0.00,-1,-1,0.00
dag_52fb11ac19314df7,unet_denoise_c5815b44,unet_denoise,3088750,6242301.94,6601378.61,6601380.04,6609306.66,1,12,12,791.51,7915,7.915,0.792,3138665344,313866534,5986.53,0.87,0.00,-1,-1,0.00
dag_26efd09e7e754609,sampler_0e3ce260,sampler,421232,6249367.00,6609306.66,6609308.11,6609738.77,1,7,2,42.98,429,0.429,0.043,824259108,82425910,1572.15,0.75,0.00,-1,-1,0.00
dag_1f52bd4c90834fa8,sampler_0a2cb886,sampler,360567,6252912.05,6609738.77,6609859.76,6610010.00,2,1000,16,26.36,263,0.263,0.026,396451899,39645189,756.17,0.43,0.00,-1,-1,0.00
dag_3977d777d6e44106,sampler_98cfaa4e,sampler,1413843,6260278.11,6610010.00,6610011.45,6610317.11,1,9,6,29.46,294,0.294,0.029,651659360,65165936,1242.94,0.49,0.00,-1,-1,0.00
dag_53ac1a8f51e34e5c,sampler_4966214e,sampler,1745860,6265776.15,6610317.11,6610318.54,6610702.18,1,12,12,37.20,372,0.372,0.037,679960251,67996025,1296.92,0.84,0.00,-1,-1,0.00
dag_38ec206859024673,sampler_5e122be3,sampler,364301,6275598.20,6610702.18,6610823.20,6611029.49,2,1000,16,82.34,823,0.823,0.082,451484157,45148415,861.14,0.70,0.00,-1,-1,0.00
dag_1f23f3a4c41b4836,sampler_c969bc9f,sampler,290674,6280480.26,6611029.49,6611030.94,6611334.60,1,12,12,29.20,292,0.292,0.029,703919428,70391942,1342.62,0.44,0.00,-1,-1,0.00
dag_5d27d0b9ef574f30,sampler_a29ab91b,sampler,445937,6287670.34,6611334.60,6611454.99,6611623.86,2,1000,16,45.76,457,0.457,0.046,948643806,94864380,1809.39,0.75,0.00,-1,-1,0.00
dag_1225345267d447cc,sampler_eb80ce2d,sampler,3131479,6295856.42,6611623.86,6611625.31,6612231.97,1,12,12,59.56,595,0.595,0.060,633358302,63335830,1208.04,0.58,0.00,-1,-1,0.00
dag_bea8b8165f864dbb,sampler_5f8dbfbf,sampler,1776489,6296962.98,6612231.97,6612233.42,6612815.07,1,11,10,57.04,570,0.570,0.057,626537390,62653739,1195.03,0.70,0.00,-1,-1,0.00
dag_ad36e74386b9411c,sampler_d6b8be92,sampler,311979,6297427.29,6612815.07,6612816.50,6612940.12,1,8,4,12.24,122,0.122,0.012,453219404,45321940,864.45,0.70,0.00,-1,-1,0.00
dag_2ef9fa6af23a4570,sampler_2409c352,sampler,531091,6305396.34,6612940.12,6612941.54,6613515.15,1,7,2,56.27,562,0.562,0.056,602915437,60291543,1149.97,0.64,0.00,-1,-1,0.00
dag_a4eb8e47d4f34c31,sampler_0aff3ac2,sampler,1812352,6306096.33,6613515.15,6613516.60,6613804.25,1,7,2,28.69,286,0.286,0.029,378520571,37852057,721.97,0.54,0.00,-1,-1,0.00
dag_959798270e604592,sampler_2dffdf8e,sampler,3166836,6306907.94,6613804.25,6613805.68,6614232.31,1,8,4,41.52,415,0.415,0.042,651390202,65139020,1242.43,0.65,0.00,-1,-1,0.00
dag_63efbf42a747449f,sampler_8824b7be,sampler,3173288,6316114.00,6614232.31,6614233.76,6614747.42,1,12,12,50.28,502,0.502,0.050,485843958,48584395,926.67,0.47,0.00,-1,-1,0.00
dag_475c47767ca54a4b,sampler_6aacbaca,sampler,239931,6331822.06,6614747.42,6614748.84,6616040.46,1,6,0,128.04,1280,1.280,0.128,662150187,66215018,1262.95,0.72,0.00,-1,-1,0.00
dag_819bfa9f377c43e3,sampler_8e64703f,sampler,2392891,6357652.13,6616040.46,6616041.90,6617755.54,1,8,4,170.22,1702,1.702,0.170,591144646,59114464,1127.52,0.79,0.00,-1,-1,0.00
dag_c4506bff0691461e,unet_denoise_547a2ee0,unet_denoise,411601,6357904.19,6617755.54,6617756.95,6620690.56,1,6,0,292.21,2922,2.922,0.292,2239866183,223986618,4272.21,0.82,0.00,-1,-1,0.00
dag_1b8611f4a71b4f21,unet_denoise_673bd10e,unet_denoise,216800,6358537.25,6620690.56,6620691.98,6629018.60,1,7,2,831.56,8315,8.315,0.832,3647924652,364792465,6957.86,0.69,0.00,-1,-1,0.00
dag_7fcfd30e057e4720,unet_denoise_400a8efb,unet_denoise,2402161,6358792.38,6629018.60,6629020.05,6632795.70,1,11,10,376.45,3764,3.764,0.376,2633495215,263349521,5022.99,0.92,0.00,-1,-1,0.00
dag_7aa23edc3f9b4d7f,unet_denoise_0cc6841d,unet_denoise,663547,6359191.44,6632795.70,6632797.16,6637808.81,1,6,0,500.03,5000,5.000,0.500,2538815925,253881592,4842.41,0.86,0.00,-1,-1,0.00
dag_41d8494265914bda,sampler_b5052840,sampler,2407936,6370452.50,6637808.81,6637810.27,6638509.92,1,11,10,68.84,688,0.688,0.069,406262417,40626241,774.88,0.89,0.00,-1,-1,0.00
dag_dffce61524874add,sampler_a74ebfea,sampler,1837456,6378696.55,6638509.92,6638511.38,6639174.03,1,9,6,65.14,651,0.651,0.065,494131995,49413199,942.48,0.59,0.00,-1,-1,0.00
dag_2604b14cf4864967,sampler_09eedaf6,sampler,1597098,6392621.61,6639174.03,6639175.46,6639996.09,1,12,12,80.98,809,0.809,0.081,503071115,50307111,959.53,0.70,0.00,-1,-1,0.00
dag_48ce7371571e408e,sampler_f80ea19b,sampler,2443694,6395667.67,6639996.09,6639997.54,6640196.20,1,9,6,18.73,187,0.187,0.019,464052732,46405273,885.11,0.81,0.00,-1,-1,0.00
dag_158e662ab43f41be,unet_denoise_2b0bafe8,unet_denoise,1879793,6397046.74,6640196.20,6640197.65,6664252.30,1,10,8,2404.33,24043,24.043,2.404,2443333242,244333324,4660.29,0.80,0.00,-1,-1,0.00
dag_b1b7f34a46354e06,unet_denoise_1ae37c5a,unet_denoise,1601341,6397337.80,6664252.30,6664253.76,6668813.41,1,6,0,455.82,4558,4.558,0.456,3096760409,309676040,5906.60,0.59,0.00,-1,-1,0.00
dag_df9fc3aa30db4ac6,unet_denoise_8a3059af,unet_denoise,955731,6397888.92,6668813.41,6668814.86,6679252.52,1,8,4,1042.63,10426,10.426,1.043,2546054233,254605423,4856.21,0.64,0.00,-1,-1,0.00
dag_58f9446bbd3d4230,sampler_e8a2a28a,sampler,2508851,6398976.75,6679252.52,6679373.17,6679558.28,2,1000,16,61.63,616,0.616,0.062,689877286,68987728,1315.84,0.40,0.00,-1,-1,0.00
dag_72c99ec3b9a54445,unet_denoise_49df41a1,unet_denoise,788640,6399855.84,6679558.28,6679559.73,6690293.38,1,7,2,1072.28,10722,10.722,1.072,3131743768,313174376,5973.33,0.53,0.00,-1,-1,0.00
dag_c662227e80b24669,unet_denoise_af891986,unet_denoise,1635280,6400318.91,6690293.38,6690294.80,6694182.42,1,9,6,387.63,3876,3.876,0.388,3164121169,316412116,6035.08,0.50,0.00,-1,-1,0.00
dag_301b8aa355cf41a5,sampler_169b920f,sampler,1924705,6410008.99,6694182.42,6694183.85,6694847.47,1,9,6,65.22,652,0.652,0.065,744605519,74460551,1420.22,0.46,0.00,-1,-1,0.00
dag_7da0a6ba311a4a8d,unet_denoise_652c0041,unet_denoise,2557185,6410444.07,6694847.47,6694848.90,6698913.53,1,7,2,405.34,4053,4.053,0.405,3360917117,336091711,6410.44,0.92,0.00,-1,-1,0.00
dag_087a3e55add54b84,unet_denoise_3bda84bd,unet_denoise,2579922,6410718.38,6698913.53,6698914.96,6703521.59,1,8,4,459.51,4595,4.595,0.460,3055689047,305568904,5828.26,0.79,0.00,-1,-1,0.00
dag_f4f63875da2a47da,unet_denoise_aae1a1e9,unet_denoise,2589118,6411107.44,6703521.59,6703523.01,6710099.63,1,9,6,656.59,6565,6.565,0.657,4908576616,490857661,9362.37,0.51,0.00,-1,-1,0.00
dag_0a118d4db805487c,sampler_e420f6aa,sampler,2597180,6426332.50,6710099.63,6710220.22,6710456.64,2,1000,16,113.04,1130,1.130,0.113,639531327,63953132,1219.81,0.83,0.00,-1,-1,0.00
dag_bb8425b128964146,unet_denoise_5d0d2307,unet_denoise,2714901,6426623.94,6710456.64,6710458.09,6715985.74,1,7,2,551.61,5516,5.516,0.552,2738903671,273890367,5224.04,0.84,0.00,-1,-1,0.00
dag_99104302e6ae4866,unet_denoise_86bf3e0d,unet_denoise,2736704,6427101.06,6715985.74,6715987.17,6721999.80,1,11,10,601.13,6011,6.011,0.601,2267751653,226775165,4325.39,0.65,0.00,-1,-1,0.00
dag_3616f9eb4acd4cce,unet_denoise_a4263781,unet_denoise,2740620,6427715.17,6721999.80,6722001.23,6728804.86,1,9,6,680.25,6802,6.802,0.680,3488049889,348804988,6652.93,0.93,0.00,-1,-1,0.00
dag_4612b1ef61374610,unet_denoise_e0c9a68a,unet_denoise,2746361,6428311.25,6728804.86,6728806.31,6738031.97,1,9,6,921.47,9214,9.214,0.921,4228177720,422817772,8064.61,0.54,0.00,-1,-1,0.00
dag_6751fb9a83ed408d,sampler_cb70c269,sampler,1980673,6433767.37,6738031.97,6738033.42,6738437.08,1,6,0,40.22,402,0.402,0.040,529869842,52986984,1010.65,0.90,0.00,-1,-1,0.00
dag_e7ccfd39016d4183,sampler_668069e8,sampler,2044685,6438039.44,6738437.08,6738438.51,6738702.13,1,8,4,26.23,262,0.262,0.026,338989762,33898976,646.57,0.58,0.00,-1,-1,0.00
dag_2672a5cdae594062,unet_denoise_0136843a,unet_denoise,2065622,6438385.50,6738702.13,6738703.58,6743334.24,1,8,4,461.95,4619,4.619,0.462,4886329312,488632931,9319.93,0.67,0.00,-1,-1,0.00
dag_daff787d847b4d66,unet_denoise_683acf84,unet_denoise,2871924,6438678.58,6743334.24,6743335.70,6747236.36,1,11,10,388.94,3889,3.889,0.389,2875905185,287590518,5485.35,0.45,0.00,-1,-1,0.00
dag_45623821bc4b48ca,unet_denoise_da8f587e,unet_denoise,2913489,6438970.57,6747236.36,6747237.82,6755095.48,1,11,10,784.69,7846,7.846,0.785,1451608582,145160858,2768.72,0.59,0.00,-1,-1,0.00
dag_66fba26b7c8c4266,unet_denoise_fc153d44,unet_denoise,2082853,6439611.65,6755095.48,6755096.91,6766737.54,1,8,4,1162.94,11629,11.629,1.163,3104144644,310414464,5920.69,0.93,0.00,-1,-1,0.00
dag_02c30d07c2df4f53,sampler_0ae22962,sampler,2094720,6450164.73,6766737.54,6766739.00,6767389.66,1,6,0,63.97,639,0.639,0.064,747265014,74726501,1425.29,0.62,0.00,-1,-1,0.00
dag_8240779e963a41fd,sampler_534e539a,sampler,2195145,6456545.79,6767389.66,6767510.18,6767672.31,2,1000,16,38.87,388,0.388,0.039,392673185,39267318,748.96,0.46,0.00,-1,-1,0.00
dag_8a885e2c63a444bc,sampler_f9a44b12,sampler,1639359,6464774.87,6767672.31,6767673.77,6768173.43,1,7,2,49.90,498,0.498,0.050,518984871,51898487,989.89,0.61,0.00,-1,-1,0.00
dag_046e5a04b57748db,sampler_41de8156,sampler,2207056,6469762.89,6768173.43,6768174.88,6768620.54,1,10,8,43.49,434,0.434,0.043,456982706,45698270,871.63,0.74,0.00,-1,-1,0.00
dag_288726b3084342ae,sampler_1fbf7245,sampler,1475104,6475488.94,6768620.54,6768622.00,6768976.65,1,8,4,34.33,343,0.343,0.034,497194419,49719441,948.32,0.77,0.00,-1,-1,0.00
dag_0e0ca4159e544e86,sampler_8381f865,sampler,2944176,6485100.00,6768976.65,6768978.11,6769509.77,1,7,2,53.04,530,0.530,0.053,297250557,29725055,566.96,0.94,0.00,-1,-1,0.00
dag_79b32ae1f64043d1,sampler_7caaf958,sampler,1020281,6510236.08,6769509.77,6769511.22,6770977.88,1,7,2,146.55,1465,1.465,0.147,447898508,44789850,854.30,0.73,0.00,-1,-1,0.00
dag_9c3a4b173dc84179,unet_denoise_4d74dfc8,unet_denoise,1024634,6510741.16,6770977.88,6770979.33,6778163.98,1,13,14,717.32,7173,7.173,0.717,2194629590,219462959,4185.92,0.48,0.00,-1,-1,0.00
dag_c4fc9dded3924f0a,unet_denoise_52e8ad28,unet_denoise,832179,6511017.20,6778163.98,6778165.44,6782841.09,1,13,14,466.44,4664,4.664,0.466,3739863762,373986376,7133.22,0.52,0.00,-1,-1,0.00
dag_44a26dab89444865,sampler_da3b6ff0,sampler,1234450,6517259.28,6782841.09,6782842.52,6783353.14,1,10,8,50.96,509,0.509,0.051,385902078,38590207,736.05,0.56,0.00,-1,-1,0.00
dag_58e29ceb412c47dc,unet_denoise_c9387a6f,unet_denoise,1045271,6517571.39,6783353.14,6783354.56,6786612.17,1,11,10,324.62,3246,3.246,0.325,2472353527,247235352,4715.64,0.73,0.00,-1,-1,0.00
dag_41e89bfae0694fb9,unet_denoise_c933d55f,unet_denoise,1367192,6518006.47,6786612.17,6786613.62,6793483.27,1,11,10,685.85,6858,6.858,0.686,2889222717,288922271,5510.76,0.58,0.00,-1,-1,0.00
dag_3ae1fe8af2dd4c57,sampler_67c83603,sampler,1245010,6528241.53,6793483.27,6793484.70,6794255.34,1,8,4,75.99,759,0.759,0.076,515545288,51554528,983.32,0.65,0.00,-1,-1,0.00
dag_46cf51d5c3044117,unet_denoise_652760ef,unet_denoise,3003208,6528752.62,6794255.34,6794256.75,6801461.36,1,8,4,719.38,7193,7.193,0.719,3819297086,381929708,7284.73,0.41,0.00,-1,-1,0.00
dag_46455272cbe54ec8,unet_denoise_c04ed271,unet_denoise,2255434,6529499.72,6801461.36,6801462.82,6812905.48,1,6,0,1144.15,11441,11.441,1.144,4855553376,485555337,9261.23,0.78,0.00,-1,-1,0.00
dag_41ec2176cd454bc4,sampler_bf3b593a,sampler,1518045,6535517.83,6812905.48,6812906.89,6813373.50,1,8,4,45.52,455,0.455,0.046,398163336,39816333,759.44,0.67,0.00,-1,-1,0.00
dag_7f3be6398c5f4569,unet_denoise_ee57b19b,unet_denoise,1673046,6536220.92,6813373.50,6813374.95,6824735.59,1,13,14,1134.97,11349,11.349,1.135,3691811013,369181101,7041.57,0.45,0.00,-1,-1,0.00
dag_e0bf0b0c3c93417d,sampler_75ae4268,sampler,1521599,6541933.00,6824735.59,6824737.05,6825080.71,1,10,8,33.22,332,0.332,0.033,660497424,66049742,1259.80,0.48,0.00,-1,-1,0.00
dag_73f06810d4f94121,unet_denoise_eaaf20ea,unet_denoise,1048269,6542474.06,6825080.71,6825082.15,6831732.78,1,13,14,663.94,6639,6.639,0.664,4593405725,459340572,8761.23,0.92,0.00,-1,-1,0.00
dag_66afb2b173ef46b3,unet_denoise_7d4e3cd7,unet_denoise,1689059,6542724.17,6831732.78,6831734.21,6835073.84,1,7,2,332.87,3328,3.328,0.333,2578132191,257813219,4917.40,0.86,0.00,-1,-1,0.00
dag_acef7e389a114bcc,unet_denoise_c655a10b,unet_denoise,833139,6543087.22,6835073.84,6835075.28,6841414.91,1,13,14,632.88,6328,6.328,0.633,3111928299,311192829,5935.53,0.51,0.00,-1,-1,0.00
dag_06313785c32c493a,sampler_43f42809,sampler,1253795,6547431.29,6841414.91,6841416.35,6841742.99,1,12,12,31.57,315,0.315,0.032,518422516,51842251,988.81,0.50,0.00,-1,-1,0.00
dag_4223921a13d94f85,sampler_78d19171,sampler,1528507,6559436.38,6841742.99,6841744.45,6842471.11,1,8,4,71.55,715,0.715,0.072,464379308,46437930,885.73,0.47,0.00,-1,-1,0.00
dag_6c49e8f33c75421e,sampler_3ec8c867,sampler,2304077,6566384.49,6842471.11,6842472.55,6842952.18,1,6,0,46.81,468,0.468,0.047,715628644,71562864,1364.95,0.59,0.00,-1,-1,0.00
dag_e4d333c3eab5448d,sampler_40be9988,sampler,1697292,6566988.37,6842952.18,6842953.61,6843207.23,1,6,0,24.23,242,0.242,0.024,533913400,53391340,1018.36,0.50,0.00,-1,-1,0.00
dag_eb11baf7ee404c2f,sampler_9c472497,sampler,1530044,6571897.47,6843207.23,6843208.69,6843567.36,1,12,12,34.78,347,0.347,0.035,213893656,21389365,407.97,0.62,0.00,-1,-1,0.00
dag_7eeaa25eb2024286,sampler_c4193486,sampler,846479,6577162.50,6843567.36,6843568.79,6843917.42,1,6,0,33.78,337,0.337,0.034,302762856,30276285,577.47,0.50,0.00,-1,-1,0.00
dag_628c617e7c804df0,sampler_5aa086a8,sampler,3058035,6581817.59,6843917.42,6843918.85,6844250.48,1,7,2,32.04,320,0.320,0.032,369734220,36973422,705.21,0.45,0.00,-1,-1,0.00
dag_a7af186451ff4870,unet_denoise_15c32364,unet_denoise,1076091,6582543.66,6844250.48,6844251.91,6850945.54,1,9,6,669.29,6692,6.692,0.669,2330191945,233019194,4444.49,0.60,0.00,-1,-1,0.00
dag_c939c36c249f4616,sampler_cc853bbb,sampler,852984,6586337.71,6850945.54,6850946.97,6851266.61,1,6,0,30.88,308,0.308,0.031,630332506,63033250,1202.26,0.75,0.00,-1,-1,0.00
dag_475955bb70184b83,sampler_d32b8eba,sampler,877914,6592992.76,6851266.61,6851268.04,6851862.67,1,11,10,59.38,593,0.593,0.059,492068611,49206861,938.55,0.89,0.00,-1,-1,0.00
dag_3d98a7542f9e4c06,sampler_e2d95f0b,sampler,665144,6599500.86,6851862.67,6851864.12,6852325.76,1,8,4,45.01,450,0.450,0.045,654679543,65467954,1248.70,0.68,0.00,-1,-1,0.00
dag_460c3a8ec45a455a,unet_denoise_3ba650c6,unet_denoise,3071505,6600357.92,6852325.76,6852327.22,6862681.88,1,10,8,1034.30,10343,10.343,1.034,2760361768,276036176,5264.97,0.71,0.00,-1,-1,0.00
dag_12e6b55766fb4483,unet_denoise_ac215769,unet_denoise,1397302,6600662.55,6862681.88,6862683.34,6871526.00,1,11,10,883.13,8831,8.831,0.883,3697047952,369704795,7051.56,0.55,0.00,-1,-1,0.00
dag_0605d9f01775453c,unet_denoise_a43b9525,unet_denoise,638666,6601378.61,6871526.00,6871647.13,6872750.15,2,1000,16,978.98,9789,9.789,0.979,2960493641,296049364,5646.69,0.47,0.00,-1,-1,0.00
dag_52fb11ac19314df7,sampler_f24234d8,sampler,3088750,6609306.66,6872750.15,6872871.01,6873045.67,2,1000,16,50.93,509,0.509,0.051,629136204,62913620,1199.98,0.48,0.00,-1,-1,0.00
dag_26efd09e7e754609,unet_denoise_7b414445,unet_denoise,421232,6609738.77,6873045.67,6873047.13,6879983.79,1,9,6,692.57,6925,6.925,0.693,3960333245,396033324,7553.74,0.92,0.00,-1,-1,0.00
dag_1f52bd4c90834fa8,unet_denoise_82885244,unet_denoise,360567,6610010.00,6879983.79,6879985.25,6884054.92,1,12,12,405.88,4058,4.058,0.406,2655508928,265550892,5064.98,0.93,0.00,-1,-1,0.00
dag_3977d777d6e44106,unet_denoise_007306b3,unet_denoise,1413843,6610317.11,6884054.92,6884176.12,6884798.73,2,1000,16,498.44,4984,4.984,0.498,2747534199,274753419,5240.51,0.51,0.00,-1,-1,0.00
dag_53ac1a8f51e34e5c,unet_denoise_4f42a594,unet_denoise,1745860,6610702.18,6884798.73,6884800.17,6891570.82,1,6,0,675.92,6759,6.759,0.676,4371739210,437173921,8338.43,0.67,0.00,-1,-1,0.00
dag_38ec206859024673,unet_denoise_d48d0422,unet_denoise,364301,6611029.49,6891570.82,6891691.98,6892838.25,2,1000,16,1022.18,10221,10.221,1.022,2379559789,237955978,4538.65,0.46,0.00,-1,-1,0.00
dag_1f23f3a4c41b4836,unet_denoise_16488142,unet_denoise,290674,6611334.60,6892838.25,6892839.71,6897557.38,1,10,8,470.60,4706,4.706,0.471,2596481334,259648133,4952.40,0.93,0.00,-1,-1,0.00
dag_5d27d0b9ef574f30,unet_denoise_3c580eb2,unet_denoise,445937,6611623.86,6897557.38,6897558.81,6906047.43,1,9,6,847.74,8477,8.477,0.848,3502193033,350219303,6679.90,0.82,0.00,-1,-1,0.00
dag_1225345267d447cc,unet_denoise_b0585a4c,unet_denoise,3131479,6612231.97,6906047.43,6906048.87,6913043.51,1,9,6,698.37,6983,6.983,0.698,3257133484,325713348,6212.49,0.91,0.00,-1,-1,0.00
dag_bea8b8165f864dbb,unet_denoise_cf332f46,unet_denoise,1776489,6612815.07,6913043.51,6913044.97,6922120.63,1,9,6,906.45,9064,9.064,0.906,3396404157,339640415,6478.13,0.50,0.00,-1,-1,0.00
dag_ad36e74386b9411c,unet_denoise_01876fc4,unet_denoise,311979,6612940.12,6922120.63,6922122.09,6923991.75,1,12,12,185.83,1858,1.858,0.186,2798711201,279871120,5338.12,0.46,0.00,-1,-1,0.00
dag_2ef9fa6af23a4570,unet_denoise_509bba66,unet_denoise,531091,6613515.15,6923991.75,6923993.19,6932062.82,1,8,4,805.82,8058,8.058,0.806,2660838761,266083876,5075.15,0.51,0.00,-1,-1,0.00
dag_a4eb8e47d4f34c31,unet_denoise_19b1ca9d,unet_denoise,1812352,6613804.25,6932062.82,6932064.28,6938160.94,1,9,6,608.59,6085,6.085,0.609,2691148575,269114857,5132.96,0.82,0.00,-1,-1,0.00
dag_959798270e604592,unet_denoise_577ac6a6,unet_denoise,3166836,6614232.31,6938160.94,6938162.39,6944040.04,1,11,10,586.63,5866,5.866,0.587,3137566150,313756615,5984.43,0.65,0.00,-1,-1,0.00
dag_63efbf42a747449f,unet_denoise_cca87e66,unet_denoise,3173288,6614747.42,6944040.04,6944041.50,6952409.17,1,8,4,835.69,8356,8.356,0.836,3112023533,311202353,5935.71,0.66,0.00,-1,-1,0.00
dag_475c47767ca54a4b,unet_denoise_4ddab569,unet_denoise,239931,6616040.46,6952409.17,6952410.61,6973108.24,1,13,14,2068.63,20686,20.686,2.069,3989025286,398902528,7608.46,0.51,0.00,-1,-1,0.00
dag_819bfa9f377c43e3,unet_denoise_28b1a554,unet_denoise,2392891,6617755.54,6973108.24,6973109.71,6996455.37,1,9,6,2333.47,23334,23.334,2.333,4646771193,464677119,8863.01,0.48,0.00,-1,-1,0.00
dag_c4506bff0691461e,sampler_05ea94d6,sampler,411601,6620690.56,6996455.37,6996456.81,6996644.43,1,8,4,17.63,176,0.176,0.018,430032056,43003205,820.22,0.82,0.00,-1,-1,0.00
dag_1b8611f4a71b4f21,sampler_c1ee6373,sampler,216800,6629018.60,6996644.43,6996645.86,6997205.48,1,7,2,54.82,548,0.548,0.055,565331493,56533149,1078.28,0.86,0.00,-1,-1,0.00
dag_7fcfd30e057e4720,sampler_31bc6337,sampler,2402161,6632795.70,6997205.48,6997206.91,6997436.53,1,6,0,21.83,218,0.218,0.022,511283927,51128392,975.20,0.92,0.00,-1,-1,0.00
dag_7aa23edc3f9b4d7f,sampler_381f4adf,sampler,663547,6637808.81,6997436.53,6997437.97,6997866.62,1,12,12,41.73,417,0.417,0.042,353492595,35349259,674.23,0.84,0.00,-1,-1,0.00
dag_41d8494265914bda,unet_denoise_d1353374,unet_denoise,2407936,6638509.92,6997866.62,6997868.08,7008821.75,1,7,2,1094.20,10942,10.942,1.094,4218261459,421826145,8045.70,0.79,0.00,-1,-1,0.00
dag_dffce61524874add,unet_denoise_f3a27681,unet_denoise,1837456,6639174.03,7008821.75,7008823.17,7016495.80,1,10,8,766.11,7661,7.661,0.766,3310834000,331083400,6314.91,0.88,0.00,-1,-1,0.00
dag_2604b14cf4864967,unet_denoise_8d12de1a,unet_denoise,1597098,6639996.09,7016495.80,7016497.22,7026762.85,1,12,12,1025.49,10254,10.254,1.025,2712688934,271268893,5174.04,0.70,0.00,-1,-1,0.00
dag_48ce7371571e408e,unet_denoise_04e3757e,unet_denoise,2443694,6640196.20,7026762.85,7026764.28,7030152.90,1,12,12,337.72,3377,3.377,0.338,4025673914,402567391,7678.36,0.89,0.00,-1,-1,0.00
dag_158e662ab43f41be,sampler_721f8aeb,sampler,1879793,6664252.30,7030152.90,7030154.33,7031381.95,1,9,6,121.63,1216,1.216,0.122,447332702,44733270,853.22,0.74,0.00,-1,-1,0.00
dag_b1b7f34a46354e06,sampler_a1bf1800,sampler,1601341,6668813.41,7031381.95,7031383.38,7031676.00,1,6,0,28.17,281,0.281,0.028,473252428,47325242,902.66,0.66,0.00,-1,-1,0.00
dag_df9fc3aa30db4ac6,sampler_bf73b7b9,sampler,955731,6679252.52,7031676.00,7031677.43,7032330.06,1,11,10,64.11,641,0.641,0.064,842378746,84237874,1606.71,0.75,0.00,-1,-1,0.00
dag_58f9446bbd3d4230,unet_denoise_d28d8493,unet_denoise,2508851,6679558.28,7032330.06,7032451.26,7033670.61,2,1000,16,1095.13,10951,10.951,1.095,2900064543,290006454,5531.43,0.53,0.00,-1,-1,0.00
dag_72c99ec3b9a54445,sampler_afc67c75,sampler,788640,6690293.38,7033670.61,7033672.04,7034428.65,1,13,14,75.52,755,0.755,0.076,337634234,33763423,643.99,0.48,0.00,-1,-1,0.00
dag_c662227e80b24669,sampler_c9f39d70,sampler,1635280,6694182.42,7034428.65,7034430.08,7034857.69,1,12,12,42.63,426,0.426,0.043,507034980,50703498,967.09,0.65,0.00,-1,-1,0.00
dag_301b8aa355cf41a5,unet_denoise_d6af7020,unet_denoise,1924705,6694847.47,7034857.69,7034859.15,7046102.82,1,13,14,1123.24,11232,11.232,1.123,2074930647,207493064,3957.62,0.95,0.00,-1,-1,0.00
dag_7da0a6ba311a4a8d,sampler_80a4c4e0,sampler,2557185,6698913.53,7046102.82,7046104.25,7046428.87,1,7,2,31.32,313,0.313,0.031,514044978,51404497,980.46,0.58,0.00,-1,-1,0.00
dag_087a3e55add54b84,sampler_e15d18e5,sampler,2579922,6703521.59,7046428.87,7046430.30,7046694.92,1,7,2,25.36,253,0.253,0.025,387655046,38765504,739.39,0.50,0.00,-1,-1,0.00
dag_f4f63875da2a47da,sampler_b7193ff9,sampler,2589118,6710099.63,7046694.92,7046696.34,7047069.96,1,8,4,36.25,362,0.362,0.036,369608576,36960857,704.97,0.86,0.00,-1,-1,0.00
dag_0a118d4db805487c,unet_denoise_2989f7e0,unet_denoise,2597180,6710456.64,7047069.96,7047071.39,7063421.01,1,11,10,1633.81,16338,16.338,1.634,2599773407,259977340,4958.67,0.76,0.00,-1,-1,0.00
dag_bb8425b128964146,sampler_d1b4558e,sampler,2714901,6715985.74,7063421.01,7063422.47,7063977.14,1,13,14,54.34,543,0.543,0.054,580194677,58019467,1106.63,0.85,0.00,-1,-1,0.00
dag_99104302e6ae4866,sampler_e130ec71,sampler,2736704,6721999.80,7063977.14,7063978.61,7064454.28,1,9,6,46.47,464,0.464,0.046,456316909,45631690,870.36,0.43,0.00,-1,-1,0.00
dag_3616f9eb4acd4cce,sampler_99a18887,sampler,2740620,6728804.86,7064454.28,7064455.70,7065003.32,1,9,6,53.64,536,0.536,0.054,351096970,35109697,669.66,0.62,0.00,-1,-1,0.00
dag_4612b1ef61374610,sampler_83b20058,sampler,2746361,6738031.97,7065003.32,7065004.75,7065673.37,1,11,10,66.74,667,0.667,0.067,430449495,43044949,821.02,0.75,0.00,-1,-1,0.00
dag_6751fb9a83ed408d,unet_denoise_206c31c1,unet_denoise,1980673,6738437.08,7065673.37,7065794.03,7066498.03,2,1000,16,580.59,5805,5.805,0.581,3206242809,320624280,6115.42,0.46,0.00,-1,-1,0.00
dag_e7ccfd39016d4183,unet_denoise_f92123cd,unet_denoise,2044685,6738702.13,7066498.03,7066499.47,7070675.10,1,10,8,416.42,4164,4.164,0.416,2104864088,210486408,4014.71,0.72,0.00,-1,-1,0.00
dag_2672a5cdae594062,sampler_a271069e,sampler,2065622,6743334.24,7070675.10,7070676.53,7071086.15,1,12,12,39.83,398,0.398,0.040,321828822,32182882,613.84,0.81,0.00,-1,-1,0.00
dag_daff787d847b4d66,sampler_ef4b481e,sampler,2871924,6747236.36,7071086.15,7071087.58,7071439.20,1,8,4,34.03,340,0.340,0.034,540015313,54001531,1030.00,0.61,0.00,-1,-1,0.00
dag_45623821bc4b48ca,sampler_2be17200,sampler,2913489,6755095.48,7071439.20,7071440.63,7071946.26,1,11,10,49.41,494,0.494,0.049,475542648,47554264,907.03,0.55,0.00,-1,-1,0.00
dag_66fba26b7c8c4266,sampler_d5802a6f,sampler,2082853,6766737.54,7071946.26,7071947.69,7072700.32,1,13,14,74.15,741,0.741,0.074,369803598,36980359,705.34,0.74,0.00,-1,-1,0.00
dag_02c30d07c2df4f53,unet_denoise_e32bc627,unet_denoise,2094720,6767389.66,7072700.32,7072701.74,7082749.37,1,11,10,1004.62,10046,10.046,1.005,2616134644,261613464,4989.88,0.46,0.00,-1,-1,0.00
dag_8240779e963a41fd,unet_denoise_5353614b,unet_denoise,2195145,6767672.31,7082749.37,7082750.80,7088410.43,1,11,10,564.81,5648,5.648,0.565,2639178659,263917865,5033.83,0.79,0.00,-1,-1,0.00
dag_8a885e2c63a444bc,unet_denoise_8dc2dcf0,unet_denoise,1639359,6768173.43,7088410.43,7088411.89,7096122.56,1,6,0,770.93,7709,7.709,0.771,2337688022,233768802,4458.79,0.48,0.00,-1,-1,0.00
dag_046e5a04b57748db,unet_denoise_d1b8d11c,unet_denoise,2207056,6768620.54,7096122.56,7096123.99,7102052.61,1,8,4,591.73,5917,5.917,0.592,2275293172,227529317,4339.78,0.91,0.00,-1,-1,0.00
dag_288726b3084342ae,unet_denoise_371f651a,unet_denoise,1475104,6768976.65,7102052.61,7102054.07,7107092.74,1,6,0,503.74,5037,5.037,0.504,3623821667,362382166,6911.89,0.90,0.00,-1,-1,0.00
dag_0e0ca4159e544e86,unet_denoise_16dc20fb,unet_denoise,2944176,6769509.77,7107092.74,7107094.16,7115431.78,1,12,12,832.69,8326,8.326,0.833,2391573309,239157330,4561.56,0.74,0.00,-1,-1,0.00
dag_79b32ae1f64043d1,unet_denoise_f6f66da6,unet_denoise,1020281,6770977.88,7115431.78,7115433.22,7139518.87,1,7,2,2408.50,24084,24.084,2.408,5265630307,526563030,10043.39,0.73,0.00,-1,-1,0.00
dag_9c3a4b173dc84179,sampler_722bc7bb,sampler,1024634,6778163.98,7139518.87,7139520.30,7139985.93,1,11,10,46.43,464,0.464,0.046,532429142,53242914,1015.53,0.40,0.00,-1,-1,0.00
dag_c4fc9dded3924f0a,sampler_157ac3ed,sampler,832179,6782841.09,7139985.93,7139987.36,7140354.99,1,7,2,35.68,356,0.356,0.036,348517483,34851748,664.74,0.47,0.00,-1,-1,0.00
dag_44a26dab89444865,unet_denoise_f7506856,unet_denoise,1234450,6783353.14,7140354.99,7140476.09,7141249.66,2,1000,16,649.55,6495,6.495,0.650,3086291842,308629184,5886.63,0.48,0.00,-1,-1,0.00
dag_58e29ceb412c47dc,sampler_76e10d17,sampler,1045271,6786612.17,7141249.66,7141251.10,7141543.73,1,6,0,28.14,281,0.281,0.028,550791925,55079192,1050.55,0.74,0.00,-1,-1,0.00
dag_41e89bfae0694fb9,sampler_0e2cd05b,sampler,1367192,6793483.27,7141543.73,7141545.18,7142038.84,1,9,6,48.25,482,0.482,0.048,548982642,54898264,1047.10,0.68,0.00,-1,-1,0.00
dag_3ae1fe8af2dd4c57,unet_denoise_fc28a400,unet_denoise,1245010,6794255.34,7142038.84,7142159.94,7143381.51,2,1000,16,1097.56,10975,10.975,1.098,3418099842,341809984,6519.51,0.59,0.00,-1,-1,0.00
dag_46cf51d5c3044117,sampler_85d424d5,sampler,3003208,6801461.36,7143381.51,7143382.97,7143802.63,1,7,2,40.85,408,0.408,0.041,763373720,76337372,1456.02,0.46,0.00,-1,-1,0.00
dag_46455272cbe54ec8,sampler_ba4e4c45,sampler,2255434,6812905.48,7143802.63,7143804.09,7144557.75,1,10,8,74.25,742,0.742,0.074,659939233,65993923,1258.73,0.45,0.00,-1,-1,0.00
dag_41ec2176cd454bc4,unet_denoise_14f4dcf5,unet_denoise,1518045,6813373.50,7144557.75,7144559.17,7150840.79,1,13,14,627.01,6270,6.270,0.627,3885694856,388569485,7411.37,0.94,0.00,-1,-1,0.00
dag_7f3be6398c5f4569,sampler_41e125d7,sampler,1673046,6824735.59,7150840.79,7150961.35,7151161.73,2,1000,16,77.06,770,0.770,0.077,373803155,37380315,712.97,0.72,0.00,-1,-1,0.00
dag_e0bf0b0c3c93417d,unet_denoise_0748c8fa,unet_denoise,1521599,6825080.71,7151161.73,7151163.16,7155188.79,1,11,10,402.48,4024,4.024,0.402,3599925921,359992592,6866.31,0.65,0.00,-1,-1,0.00
dag_73f06810d4f94121,sampler_79d8b989,sampler,1048269,6831732.78,7155188.79,7155190.25,7155781.90,1,8,4,58.01,580,0.580,0.058,431707738,43170773,823.42,0.48,0.00,-1,-1,0.00
dag_66afb2b173ef46b3,sampler_47e49dad,sampler,1689059,6835073.84,7155781.90,7155783.34,7156042.97,1,9,6,24.83,248,0.248,0.025,563472246,56347224,1074.74,0.43,0.00,-1,-1,0.00
dag_acef7e389a114bcc,sampler_22c13590,sampler,833139,6841414.91,7156042.97,7156044.39,7156444.00,1,10,8,38.80,388,0.388,0.039,453675245,45367524,865.32,0.48,0.00,-1,-1,0.00
dag_06313785c32c493a,unet_denoise_5a59594a,unet_denoise,1253795,6841742.99,7156444.00,7156445.44,7160601.07,1,13,14,414.44,4144,4.144,0.414,3556775789,355677578,6784.01,0.93,0.00,-1,-1,0.00
dag_4223921a13d94f85,unet_denoise_0ddbc902,unet_denoise,1528507,6842471.11,7160601.07,7160602.52,7170119.18,1,10,8,950.59,9505,9.505,0.951,1923441737,192344173,3668.67,0.44,0.00,-1,-1,0.00
dag_6c49e8f33c75421e,unet_denoise_f7fa771b,unet_denoise,2304077,6842952.18,7170119.18,7170120.62,7178944.26,1,11,10,881.30,8812,8.812,0.881,2264722969,226472296,4319.62,0.76,0.00,-1,-1,0.00
dag_e4d333c3eab5448d,unet_denoise_da16816c,unet_denoise,1697292,6843207.23,7178944.26,7178945.70,7183221.34,1,12,12,426.49,4264,4.264,0.426,3946159159,394615915,7526.70,0.82,0.00,-1,-1,0.00
dag_eb11baf7ee404c2f,unet_denoise_59384d6b,unet_denoise,1530044,6843567.36,7183221.34,7183222.77,7188536.41,1,6,0,530.22,5302,5.302,0.530,4137450193,413745019,7891.56,0.70,0.00,-1,-1,0.00
dag_7eeaa25eb2024286,unet_denoise_7179fcde,unet_denoise,846479,6843917.42,7188536.41,7188537.86,7193927.52,1,6,0,538.82,5388,5.388,0.539,1964863652,196486365,3747.68,0.53,0.00,-1,-1,0.00
dag_628c617e7c804df0,unet_denoise_0ef997b5,unet_denoise,3058035,6844250.48,7193927.52,7193928.97,7199366.63,1,7,2,542.62,5426,5.426,0.543,3434757907,343475790,6551.28,0.76,0.00,-1,-1,0.00
dag_a7af186451ff4870,sampler_840fefdc,sampler,1076091,6850945.54,7199366.63,7199368.08,7199959.73,1,6,0,59.07,590,0.590,0.059,626486618,62648661,1194.93,0.65,0.00,-1,-1,0.00
dag_c939c36c249f4616,unet_denoise_4b08eca9,unet_denoise,852984,6851266.61,7199959.73,7199961.17,7205177.80,1,12,12,520.51,5205,5.205,0.521,3254416849,325441684,6207.31,0.95,0.00,-1,-1,0.00
dag_475955bb70184b83,unet_denoise_f9761676,unet_denoise,877914,6851862.67,7205177.80,7205179.25,7212258.89,1,9,6,706.88,7068,7.068,0.707,2563750564,256375056,4889.97,0.93,0.00,-1,-1,0.00
dag_3d98a7542f9e4c06,unet_denoise_a14f15fc,unet_denoise,665144,6852325.76,7212258.89,7212260.33,7219692.97,1,11,10,742.12,7421,7.421,0.742,2586079743,258607974,4932.56,0.94,0.00,-1,-1,0.00
dag_460c3a8ec45a455a,sampler_9bd6ab5c,sampler,3071505,6862681.88,7219692.97,7219694.41,7220532.05,1,13,14,82.67,826,0.826,0.083,455321180,45532118,868.46,0.52,0.00,-1,-1,0.00
dag_12e6b55766fb4483,sampler_3f13afd3,sampler,1397302,6871526.00,7220532.05,7220533.49,7221197.13,1,12,12,65.25,652,0.652,0.065,543241817,54324181,1036.15,0.44,0.00,-1,-1,0.00
dag_0605d9f01775453c,sampler_5414cdb3,sampler,638666,6872750.15,7221197.13,7221198.55,7221873.16,1,10,8,66.34,663,0.663,0.066,355913881,35591388,678.85,0.78,0.00,-1,-1,0.00
dag_52fb11ac19314df7,unet_denoise_0cf1cd37,unet_denoise,3088750,6873045.67,7221873.16,7221874.61,7228947.27,1,8,4,706.14,7061,7.061,0.706,2519472093,251947209,4805.51,0.90,0.00,-1,-1,0.00
dag_26efd09e7e754609,sampler_a6f4a817,sampler,421232,6879983.79,7228947.27,7228948.71,7229530.35,1,6,0,57.07,570,0.570,0.057,411324170,41132417,784.54,0.79,0.00,-1,-1,0.00
dag_1f52bd4c90834fa8,sampler_3535eae7,sampler,360567,6884054.92,7229530.35,7229531.79,7229797.43,1,8,4,25.47,254,0.254,0.025,609751453,60975145,1163.01,0.74,0.00,-1,-1,0.00
dag_3977d777d6e44106,sampler_8a5f9819,sampler,1413843,6884798.73,7229797.43,7229798.86,7230106.48,1,13,14,29.66,296,0.296,0.030,510022117,51002211,972.79,0.65,0.00,-1,-1,0.00
dag_53ac1a8f51e34e5c,sampler_28b2dd2b,sampler,1745860,6891570.82,7230106.48,7230107.92,7230512.55,1,6,0,39.40,393,0.393,0.039,580551958,58055195,1107.31,0.91,0.00,-1,-1,0.00
dag_38ec206859024673,sampler_42b2c77c,sampler,364301,6892838.25,7230512.55,7230513.99,7231153.63,1,13,14,62.90,628,0.628,0.063,359032663,35903266,684.80,0.73,0.00,-1,-1,0.00
dag_1f23f3a4c41b4836,sampler_b1e4ee76,sampler,290674,6897557.38,7231153.63,7231155.07,7231413.71,1,9,6,24.76,247,0.247,0.025,433847860,43384786,827.50,0.68,0.00,-1,-1,0.00
dag_5d27d0b9ef574f30,sampler_f58b2353,sampler,445937,6906047.43,7231413.71,7231415.15,7232003.79,1,7,2,58.72,587,0.587,0.059,444268585,44426858,847.38,0.91,0.00,-1,-1,0.00
dag_1225345267d447cc,sampler_d61f97f0,sampler,3131479,6913043.51,7232003.79,7232005.24,7232578.90,1,7,2,56.29,562,0.562,0.056,402239981,40223998,767.21,0.67,0.00,-1,-1,0.00
dag_bea8b8165f864dbb,sampler_24371252,sampler,1776489,6922120.63,7232578.90,7232580.34,7233250.98,1,6,0,65.99,659,0.659,0.066,493047248,49304724,940.41,0.55,0.00,-1,-1,0.00
dag_ad36e74386b9411c,sampler_96ad83c4,sampler,311979,6923991.75,7233250.98,7233252.42,7233365.06,1,9,6,10.15,101,0.101,0.010,561843712,56184371,1071.63,0.72,0.00,-1,-1,0.00
dag_2ef9fa6af23a4570,sampler_d3e47f83,sampler,531091,6932062.82,7233365.06,7233485.81,7233671.85,2,1000,16,62.49,624,0.624,0.062,603763528,60376352,1151.59,0.42,0.00,-1,-1,0.00
dag_a4eb8e47d4f34c31,sampler_895a7d4c,sampler,1812352,6938160.94,7233671.85,7233673.30,7234025.95,1,6,0,35.17,351,0.351,0.035,661255123,66125512,1261.24,0.70,0.00,-1,-1,0.00
dag_959798270e604592,sampler_b7fa4a5b,sampler,3166836,6944040.04,7234025.95,7234027.41,7234412.06,1,7,2,37.38,373,0.373,0.037,597005203,59700520,1138.70,0.63,0.00,-1,-1,0.00
dag_63efbf42a747449f,sampler_cab8536c,sampler,3173288,6952409.17,7234412.06,7234413.49,7235005.11,1,10,8,58.10,580,0.580,0.058,396626903,39662690,756.51,0.47,0.00,-1,-1,0.00
dag_475c47767ca54a4b,sampler_b669226c,sampler,239931,6973108.24,7235005.11,7235006.56,7236486.22,1,10,8,146.86,1468,1.468,0.147,654673800,65467380,1248.69,0.70,0.00,-1,-1,0.00
dag_819bfa9f377c43e3,sampler_39efb878,sampler,2392891,6996455.37,7236486.22,7236487.67,7238229.32,1,8,4,173.10,1730,1.730,0.173,675115093,67511509,1287.68,0.60,0.00,-1,-1,0.00
dag_c4506bff0691461e,unet_denoise_3b7744e7,unet_denoise,411601,6996644.43,7238229.32,7238230.75,7241412.38,1,6,0,317.02,3170,3.170,0.317,2721035312,272103531,5189.96,0.72,0.00,-1,-1,0.00
dag_1b8611f4a71b4f21,unet_denoise_080a4f69,unet_denoise,216800,6997205.48,7241412.38,7241413.82,7250350.47,1,10,8,892.57,8925,8.925,0.893,2864459339,286445933,5463.52,0.61,0.00,-1,-1,0.00
dag_7fcfd30e057e4720,unet_denoise_e51a1d62,unet_denoise,2402161,6997436.53,7250350.47,7250351.91,7254102.56,1,7,2,373.91,3739,3.739,0.374,2213838456,221383845,4222.56,0.83,0.00,-1,-1,0.00
dag_7aa23edc3f9b4d7f,unet_denoise_6243983f,unet_denoise,663547,6997866.62,7254102.56,7254103.99,7260676.61,1,11,10,656.12,6561,6.561,0.656,3464569400,346456940,6608.14,0.60,0.00,-1,-1,0.00
dag_41d8494265914bda,sampler_5092882b,sampler,2407936,7008821.75,7260676.61,7260678.03,7261612.64,1,6,0,92.31,923,0.923,0.092,571719322,57171932,1090.47,0.67,0.00,-1,-1,0.00
dag_dffce61524874add,sampler_a6ffe1a2,sampler,1837456,7016495.80,7261612.64,7261614.09,7262273.73,1,12,12,64.88,648,0.648,0.065,605590603,60559060,1155.07,0.54,0.00,-1,-1,0.00
dag_2604b14cf4864967,sampler_7a747ab6,sampler,1597098,7026762.85,7262273.73,7262275.16,7263127.78,1,9,6,84.14,841,0.841,0.084,521161959,52116195,994.04,0.73,0.00,-1,-1,0.00
dag_48ce7371571e408e,sampler_11c03792,sampler,2443694,7030152.90,7263127.78,7263129.23,7263312.88,1,11,10,17.21,172,0.172,0.017,673285785,67328578,1284.19,0.76,0.00,-1,-1,0.00
dag_158e662ab43f41be,unet_denoise_7b989ba1,unet_denoise,1879793,7031381.95,7263312.88,7263314.33,7284554.97,1,13,14,2122.94,21229,21.229,2.123,2268945729,226894572,4327.67,0.87,0.00,-1,-1,0.00
dag_b1b7f34a46354e06,unet_denoise_e0bfc66c,unet_denoise,1601341,7031676.00,7284554.97,7284675.53,7285293.90,2,1000,16,495.05,4950,4.950,0.495,2767682705,276768270,5278.94,0.46,0.00,-1,-1,0.00
dag_df9fc3aa30db4ac6,unet_denoise_24cb1440,unet_denoise,955731,7032330.06,7285293.90,7285295.35,7294381.99,1,10,8,907.54,9075,9.075,0.908,3110647340,311064734,5933.09,0.42,0.00,-1,-1,0.00
dag_58f9446bbd3d4230,sampler_f4ed86ca,sampler,2508851,7033670.61,7294381.99,7294383.44,7295009.08,1,8,4,61.49,614,0.614,0.061,372567501,37256750,710.62,0.59,0.00,-1,-1,0.00
dag_72c99ec3b9a54445,unet_denoise_d944969a,unet_denoise,788640,7034428.65,7295009.08,7295010.53,7306527.16,1,9,6,1150.57,11505,11.505,1.151,2087064530,208706453,3980.76,0.92,0.00,-1,-1,0.00
dag_c662227e80b24669,unet_denoise_66ee8b28,unet_denoise,1635280,7034857.69,7306527.16,7306528.61,7312498.26,1,6,0,595.87,5958,5.958,0.596,2620183159,262018315,4997.60,0.73,0.00,-1,-1,0.00
dag_301b8aa355cf41a5,sampler_ccb5f96e,sampler,1924705,7046102.82,7312498.26,7312499.70,7313259.34,1,10,8,74.88,748,0.748,0.075,770695575,77069557,1469.99,0.90,0.00,-1,-1,0.00
dag_7da0a6ba311a4a8d,unet_denoise_12bd5ce2,unet_denoise,2557185,7046428.87,7313259.34,7313260.78,7318527.42,1,12,12,525.54,5255,5.255,0.526,3683937207,368393720,7026.55,0.87,0.00,-1,-1,0.00
dag_087a3e55add54b84,unet_denoise_6882411c,unet_denoise,2579922,7046694.92,7318527.42,7318528.87,7323567.51,1,10,8,502.77,5027,5.027,0.503,3116483995,311648399,5944.22,0.89,0.00,-1,-1,0.00
dag_0a118d4db805487c,sampler_77c3d9d0,sampler,2597180,7063421.01,7328938.96,7328940.39,7329946.01,1,10,8,99.40,994,0.994,0.099,395515005,39551500,754.39,0.68,0.00,-1,-1,0.00
dag_bb8425b128964146,unet_denoise_2d28b67c,unet_denoise,2714901,7063977.14,7329946.01,7329947.44,7337778.07,1,8,4,781.95,7819,7.819,0.782,2966143454,296614345,5657.47,0.41,0.00,-1,-1,0.00
dag_99104302e6ae4866,unet_denoise_69ee24d8,unet_denoise,2736704,7064454.28,7337778.07,7337779.49,7344982.10,1,7,2,719.15,7191,7.191,0.719,4061807390,406180739,7747.28,0.83,0.00,-1,-1,0.00
dag_3616f9eb4acd4cce,unet_denoise_8d67b83e,unet_denoise,2740620,7065003.32,7344982.10,7345102.46,7346068.79,2,1000,16,843.26,8432,8.432,0.843,4436017725,443601772,8461.03,0.57,0.00,-1,-1,0.00
dag_4612b1ef61374610,unet_denoise_aa86cc10,unet_denoise,2746361,7065673.37,7346068.79,7346070.22,7355194.85,1,13,14,911.33,9113,9.113,0.911,4146198437,414619843,7908.25,0.69,0.00,-1,-1,0.00
dag_6751fb9a83ed408d,sampler_106b7d15,sampler,1980673,7066498.03,7355194.85,7355196.30,7355701.95,1,7,2,49.50,494,0.494,0.049,618975062,61897506,1180.60,0.53,0.00,-1,-1,0.00
dag_e7ccfd39016d4183,sampler_aa4ec974,sampler,2044685,7070675.10,7355701.95,7355703.37,7356005.00,1,9,6,29.03,290,0.290,0.029,415995562,41599556,793.45,0.58,0.00,-1,-1,0.00
dag_2672a5cdae594062,unet_denoise_f206f786,unet_denoise,2065622,7071086.15,7356005.00,7356006.43,7361185.05,1,7,2,516.72,5167,5.167,0.517,2841428331,284142833,5419.59,0.81,0.00,-1,-1,0.00
dag_daff787d847b4d66,unet_denoise_a890308e,unet_denoise,2871924,7071439.20,7361185.05,7361186.48,7365373.11,1,6,0,417.56,4175,4.175,0.418,2876672972,287667297,5486.82,0.89,0.00,-1,-1,0.00
dag_45623821bc4b48ca,unet_denoise_2ee376a2,unet_denoise,2913489,7071946.26,7365373.11,7365374.55,7371807.19,1,6,0,642.18,6421,6.421,0.642,2039712067,203971206,3890.44,0.84,0.00,-1,-1,0.00
dag_66fba26b7c8c4266,unet_denoise_cf321a81,unet_denoise,2082853,7072700.32,7371807.19,7371808.63,7383582.25,1,12,12,1176.27,11762,11.762,1.176,3823237522,382323752,7292.25,0.61,0.00,-1,-1,0.00
dag_02c30d07c2df4f53,sampler_ddd6669d,sampler,2094720,7082749.37,7383582.25,7383583.68,7384197.30,1,8,4,60.26,602,0.602,0.060,515052558,51505255,982.38,0.77,0.00,-1,-1,0.00
dag_8240779e963a41fd,sampler_c6dce28b,sampler,2195145,7088410.43,7384197.30,7384198.75,7384526.40,1,13,14,31.62,316,0.316,0.032,456408316,45640831,870.53,0.50,0.00,-1,-1,0.00
dag_8a885e2c63a444bc,sampler_2b1f0e51,sampler,1639359,7096122.56,7384526.40,7384647.26,7384828.62,2,1000,16,57.68,576,0.576,0.058,808300956,80830095,1541.71,0.65,0.00,-1,-1,0.00
dag_046e5a04b57748db,sampler_0fadd891,sampler,2207056,7102052.61,7384828.62,7384830.07,7385307.71,1,6,0,46.68,466,0.466,0.047,465810965,46581096,888.46,0.78,0.00,-1,-1,0.00
dag_288726b3084342ae,sampler_6f6e40cc,sampler,1475104,7107092.74,7385307.71,7385309.14,7385667.77,1,7,2,34.72,347,0.347,0.035,391491883,39149188,746.71,0.86,0.00,-1,-1,0.00
dag_0e0ca4159e544e86,sampler_57b7f522,sampler,2944176,7115431.78,7385667.77,7385669.20,7386311.83,1,9,6,63.16,631,0.631,0.063,403140403,40314040,768.93,0.71,0.00,-1,-1,0.00
dag_79b32ae1f64043d1,sampler_058ace37,sampler,1020281,7139518.87,7386311.83,7386313.26,7387879.88,1,12,12,155.55,1555,1.555,0.156,498893580,49889358,951.56,0.80,0.00,-1,-1,0.00
dag_9c3a4b173dc84179,unet_denoise_5648c0df,unet_denoise,1024634,7139985.93,7387879.88,7387881.32,7395340.95,1,8,4,745.81,7458,7.458,0.746,3949649241,394964924,7533.36,0.58,0.00,-1,-1,0.00
dag_c4fc9dded3924f0a,unet_denoise_147b386c,unet_denoise,832179,7140354.99,7395340.95,7395342.38,7400124.00,1,13,14,477.01,4770,4.770,0.477,3526133622,352613362,6725.57,0.63,0.00,-1,-1,0.00
dag_44a26dab89444865,sampler_b050f998,sampler,1234450,7141249.66,7400124.00,7400125.45,7400514.11,1,10,8,37.73,377,0.377,0.038,595953971,59595397,1136.69,0.61,0.00,-1,-1,0.00
dag_58e29ceb412c47dc,unet_denoise_255b1a35,unet_denoise,1045271,7141543.73,7400514.11,7400515.54,7404767.17,1,11,10,424.10,4240,4.240,0.424,3529453083,352945308,6731.90,0.50,0.00,-1,-1,0.00
dag_41e89bfae0694fb9,unet_denoise_c0f41ba6,unet_denoise,1367192,7142038.84,7404767.17,7404768.62,7411690.27,1,11,10,691.01,6910,6.910,0.691,3449151908,344915190,6578.74,0.86,0.00,-1,-1,0.00
dag_3ae1fe8af2dd4c57,sampler_5ae0ce86,sampler,1245010,7143381.51,7411690.27,7411691.70,7412380.33,1,8,4,67.75,677,0.677,0.068,827390416,82739041,1578.12,0.59,0.00,-1,-1,0.00
dag_46cf51d5c3044117,unet_denoise_743b5bbc,unet_denoise,3003208,7143802.63,7412380.33,7412500.92,7413374.14,2,1000,16,749.81,7498,7.498,0.750,2540846760,254084676,4846.28,0.94,0.00,-1,-1,0.00
dag_46455272cbe54ec8,unet_denoise_d82973e4,unet_denoise,2255434,7144557.75,7413374.14,7413494.83,7414670.97,2,1000,16,1052.65,10526,10.526,1.053,2537291259,253729125,4839.50,0.42,0.00,-1,-1,0.00
dag_41ec2176cd454bc4,sampler_058aaf9e,sampler,1518045,7150840.79,7414670.97,7414672.40,7415199.03,1,9,6,52.52,525,0.525,0.053,533611235,53361123,1017.78,0.58,0.00,-1,-1,0.00
dag_7f3be6398c5f4569,unet_denoise_38f396e1,unet_denoise,1673046,7151161.73,7415199.03,7415319.62,7416505.44,2,1000,16,1062.49,10624,10.624,1.062,2301467622,230146762,4389.70,0.77,0.00,-1,-1,0.00
dag_e0bf0b0c3c93417d,sampler_cd88d8e9,sampler,1521599,7155188.79,7416505.44,7416506.87,7416861.49,1,7,2,34.33,343,0.343,0.034,295893123,29589312,564.37,0.93,0.00,-1,-1,0.00
dag_73f06810d4f94121,unet_denoise_5a89974d,unet_denoise,1048269,7155781.90,7416861.49,7416862.93,7423912.55,1,13,14,703.86,7038,7.038,0.704,3784777497,378477749,7218.89,0.85,0.00,-1,-1,0.00
dag_66afb2b173ef46b3,unet_denoise_15711f62,unet_denoise,1689059,7156042.97,7423912.55,7423913.98,7427092.61,1,9,6,316.71,3167,3.167,0.317,3379285679,337928567,6445.48,0.91,0.00,-1,-1,0.00
dag_acef7e389a114bcc,unet_denoise_2c5fc7a1,unet_denoise,833139,7156444.00,7427092.61,7427094.04,7433787.68,1,9,6,668.25,6682,6.682,0.668,3219694364,321969436,6141.08,0.82,0.00,-1,-1,0.00
dag_06313785c32c493a,sampler_6d83d18b,sampler,1253795,7160601.07,7433787.68,7433789.13,7434088.79,1,6,0,29.89,298,0.298,0.030,639566525,63956652,1219.88,0.84,0.00,-1,-1,0.00
dag_4223921a13d94f85,sampler_18000b38,sampler,1528507,7170119.18,7434088.79,7434090.21,7434862.83,1,8,4,76.20,761,0.761,0.076,769962774,76996277,1468.59,0.40,0.00,-1,-1,0.00
dag_6c49e8f33c75421e,sampler_43cfa814,sampler,2304077,7178944.26,7434862.83,7434864.27,7435400.90,1,9,6,52.59,525,0.525,0.053,634458368,63445836,1210.13,0.57,0.00,-1,-1,0.00
dag_e4d333c3eab5448d,sampler_9beb7178,sampler,1697292,7183221.34,7435400.90,7435402.36,7435689.01,1,7,2,27.59,275,0.275,0.028,706834687,70683468,1348.18,0.57,0.00,-1,-1,0.00
dag_eb11baf7ee404c2f,sampler_4063a860,sampler,1530044,7188536.41,7435689.01,7435690.47,7435983.13,1,9,6,28.15,281,0.281,0.028,675092759,67509275,1287.64,0.58,0.00,-1,-1,0.00
dag_7eeaa25eb2024286,sampler_d8562c04,sampler,846479,7193927.52,7435983.13,7436103.85,7436253.94,2,1000,16,26.56,265,0.265,0.027,649296945,64929694,1238.44,0.62,0.00,-1,-1,0.00
dag_628c617e7c804df0,sampler_0bbe60de,sampler,3058035,7199366.63,7436253.94,7436255.38,7436647.01,1,8,4,38.04,380,0.380,0.038,443734773,44373477,846.36,0.83,0.00,-1,-1,0.00
dag_a7af186451ff4870,unet_denoise_ca2fa533,unet_denoise,1076091,7199959.73,7436647.01,7436648.46,7445464.12,1,6,0,881.46,8814,8.814,0.881,2262334137,226233413,4315.06,0.90,0.00,-1,-1,0.00
dag_c939c36c249f4616,sampler_9ebd43eb,sampler,852984,7205177.80,7445464.12,7445465.58,7445806.24,1,11,10,32.98,329,0.329,0.033,548610433,54861043,1046.39,0.84,0.00,-1,-1,0.00
dag_475955bb70184b83,sampler_a76e3534,sampler,877914,7212258.89,7445806.24,7445807.70,7446248.36,1,12,12,42.97,429,0.429,0.043,829962962,82996296,1583.03,0.65,0.00,-1,-1,0.00
dag_3d98a7542f9e4c06,sampler_4afe7159,sampler,665144,7219692.97,7446248.36,7446249.79,7446666.42,1,11,10,40.52,405,0.405,0.041,460348659,46034865,878.05,0.91,0.00,-1,-1,0.00
dag_460c3a8ec45a455a,unet_denoise_36cebc99,unet_denoise,3071505,7220532.05,7446666.42,7446787.11,7448139.26,2,1000,16,1228.68,12286,12.286,1.229,2076276414,207627641,3960.18,0.44,0.00,-1,-1,0.00
dag_12e6b55766fb4483,unet_denoise_367fb650,unet_denoise,1397302,7221197.13,7448139.26,7448140.68,7455202.31,1,11,10,706.09,7060,7.060,0.706,3780525072,378052507,7210.78,0.79,0.00,-1,-1,0.00
dag_0605d9f01775453c,unet_denoise_0e79a8d5,unet_denoise,638666,7221873.16,7455202.31,7455203.74,7465364.37,1,9,6,1014.96,10149,10.149,1.015,3780603759,378060375,7210.93,0.41,0.00,-1,-1,0.00
dag_52fb11ac19314df7,sampler_d33958fe,sampler,3088750,7228947.27,7465364.37,7465365.80,7465921.42,1,9,6,54.48,544,0.544,0.054,416348129,41634812,794.12,0.58,0.00,-1,-1,0.00
dag_26efd09e7e754609,unet_denoise_4207002a,unet_denoise,421232,7229530.35,7465921.42,7465922.85,7473586.48,1,12,12,765.22,7652,7.652,0.765,2721442922,272144292,5190.74,0.49,0.00,-1,-1,0.00
dag_1f52bd4c90834fa8,unet_denoise_fcc7293c,unet_denoise,360567,7229797.43,7473586.48,7473587.95,7476814.62,1,8,4,321.59,3215,3.215,0.322,2938937133,293893713,5605.58,0.57,0.00,-1,-1,0.00
dag_53ac1a8f51e34e5c,unet_denoise_9d822ed3,unet_denoise,1745860,7230512.55,7482611.04,7482612.51,7489306.18,1,6,0,669.25,6692,6.692,0.669,2259238432,225923843,4309.16,0.69,0.00,-1,-1,0.00
dag_38ec206859024673,unet_denoise_c57ff18a,unet_denoise,364301,7231153.63,7489306.18,7489307.61,7500946.23,1,6,0,1162.80,11627,11.627,1.163,2046194103,204619410,3902.81,0.73,0.00,-1,-1,0.00
dag_1f23f3a4c41b4836,unet_denoise_1a3a66de,unet_denoise,290674,7231413.71,7500946.23,7500947.70,7504556.37,1,12,12,359.73,3597,3.597,0.360,3295635091,329563509,6285.93,0.63,0.00,-1,-1,0.00
dag_5d27d0b9ef574f30,unet_denoise_fe105788,unet_denoise,445937,7232003.79,7504556.37,7504677.64,7505569.84,2,1000,16,767.98,7679,7.679,0.768,1776083449,177608344,3387.61,0.83,0.00,-1,-1,0.00
dag_1225345267d447cc,unet_denoise_1b2d6a36,unet_denoise,3131479,7232578.90,7505569.84,7505571.31,7513590.98,1,8,4,800.88,8008,8.008,0.801,3200956567,320095656,6105.34,0.64,0.00,-1,-1,0.00
dag_bea8b8165f864dbb,unet_denoise_21d6fe7d,unet_denoise,1776489,7233250.98,7513590.98,7513592.40,7522402.02,1,8,4,879.89,8798,8.798,0.880,3316439798,331643979,6325.61,0.84,0.00,-1,-1,0.00
dag_ad36e74386b9411c,unet_denoise_4ae03924,unet_denoise,311979,7233365.06,7522402.02,7522403.48,7524305.15,1,8,4,189.10,1890,1.890,0.189,4214007596,421400759,8037.58,0.84,0.00,-1,-1,0.00
dag_2ef9fa6af23a4570,unet_denoise_4963758c,unet_denoise,531091,7233671.85,7524305.15,7524306.59,7532374.22,1,11,10,805.66,8056,8.056,0.806,3878995799,387899579,7398.60,0.93,0.00,-1,-1,0.00
dag_a4eb8e47d4f34c31,unet_denoise_0e7aa8c4,unet_denoise,1812352,7234025.95,7532374.22,7532375.65,7537761.28,1,10,8,537.49,5374,5.374,0.537,2903527224,290352722,5538.04,0.94,0.00,-1,-1,0.00
dag_959798270e604592,unet_denoise_f9f2dc42,unet_denoise,3166836,7234412.06,7537761.28,7537762.71,7543509.35,1,13,14,573.57,5735,5.735,0.574,3492513196,349251319,6661.44,0.41,0.00,-1,-1,0.00
dag_63efbf42a747449f,unet_denoise_783d2262,unet_denoise,3173288,7235005.11,7543509.35,7543510.81,7553149.47,1,9,6,962.80,9627,9.627,0.963,3336998166,333699816,6364.82,0.86,0.00,-1,-1,0.00
dag_475c47767ca54a4b,unet_denoise_74a84639,unet_denoise,239931,7236486.22,7553149.47,7553150.90,7569673.52,1,12,12,1651.11,16511,16.511,1.651,3577908794,357790879,6824.32,0.91,0.00,-1,-1,0.00
dag_819bfa9f377c43e3,unet_denoise_663098a1,unet_denoise,2392891,7238229.32,7569673.52,7569674.95,7596738.57,1,12,12,2705.27,27052,27.052,2.705,2553916924,255391692,4871.21,0.60,0.00,-1,-1,0.00
dag_c4506bff0691461e,sampler_98fcd1ba,sampler,411601,7241412.38,7596738.57,7596740.01,7596961.65,1,8,4,21.01,210,0.210,0.021,494791924,49479192,943.74,0.51,0.00,-1,-1,0.00
dag_1b8611f4a71b4f21,sampler_26dd3c65,sampler,216800,7250350.47,7596961.65,7596963.11,7597497.77,1,9,6,52.37,523,0.523,0.052,622519330,62251933,1187.36,0.48,0.00,-1,-1,0.00
dag_7fcfd30e057e4720,sampler_c46238ec,sampler,2402161,7254102.56,7597497.77,7597499.20,7597789.83,1,11,10,27.96,279,0.279,0.028,477681230,47768123,911.10,0.80,0.00,-1,-1,0.00
dag_7aa23edc3f9b4d7f,sampler_f7ce9e0d,sampler,663547,7260676.61,7597789.83,7597791.27,7598245.91,1,10,8,44.37,443,0.443,0.044,496691565,49669156,947.36,0.62,0.00,-1,-1,0.00
dag_41d8494265914bda,unet_denoise_bddef032,unet_denoise,2407936,7261612.64,7598245.91,7598247.34,7608378.97,1,11,10,1012.08,10120,10.120,1.012,3237217594,323721759,6174.50,0.51,0.00,-1,-1,0.00
dag_dffce61524874add,unet_denoise_67896c3a,unet_denoise,1837456,7262273.73,7608378.97,7608380.40,7617115.02,1,6,0,872.32,8723,8.723,0.872,4157555053,415755505,7929.91,0.78,0.00,-1,-1,0.00
dag_2604b14cf4864967,unet_denoise_942ed4cb,unet_denoise,1597098,7263127.78,7617115.02,7617116.47,7628279.12,1,13,14,1115.14,11151,11.151,1.115,3790464736,379046473,7229.74,0.90,0.00,-1,-1,0.00
dag_48ce7371571e408e,unet_denoise_e7ef414e,unet_denoise,2443694,7263312.88,7628279.12,7628280.55,7631551.18,1,12,12,325.94,3259,3.259,0.326,3511198372,351119837,6697.08,0.57,0.00,-1,-1,0.00
dag_158e662ab43f41be,sampler_4704955f,sampler,1879793,7284554.97,7631551.18,7631552.62,7633173.26,1,10,8,160.98,1609,1.609,0.161,554401701,55440170,1057.44,0.40,0.00,-1,-1,0.00
dag_b1b7f34a46354e06,sampler_3cabc13a,sampler,1601341,7285293.90,7633173.26,7633174.70,7633492.34,1,9,6,30.65,306,0.306,0.031,363840509,36384050,693.97,0.70,0.00,-1,-1,0.00
dag_df9fc3aa30db4ac6,sampler_92c12c91,sampler,955731,7294381.99,7633492.34,7633493.77,7634054.40,1,13,14,54.91,549,0.549,0.055,449386668,44938666,857.14,0.94,0.00,-1,-1,0.00
dag_58f9446bbd3d4230,unet_denoise_5b801cb6,unet_denoise,2508851,7295009.08,7634054.40,7634055.83,7644025.45,1,13,14,995.86,9958,9.958,0.996,2803119426,280311942,5346.53,0.85,0.00,-1,-1,0.00
dag_72c99ec3b9a54445,sampler_8dcac322,sampler,788640,7306527.16,7644025.45,7644026.89,7644784.53,1,13,14,74.66,746,0.746,0.075,536564957,53656495,1023.42,0.67,0.00,-1,-1,0.00
dag_c662227e80b24669,sampler_b12655f5,sampler,1635280,7312498.26,7644784.53,7644785.97,7645228.60,1,13,14,43.17,431,0.431,0.043,399700408,39970040,762.37,0.48,0.00,-1,-1,0.00
dag_301b8aa355cf41a5,unet_denoise_eb81236c,unet_denoise,1924705,7313259.34,7645228.60,7645230.04,7655679.68,1,13,14,1043.82,10438,10.438,1.044,3202354491,320235449,6108.01,0.91,0.00,-1,-1,0.00
dag_7da0a6ba311a4a8d,sampler_f314bf57,sampler,2557185,7318527.42,7655679.68,7655681.13,7656047.78,1,13,14,35.58,355,0.355,0.036,376390667,37639066,717.91,0.70,0.00,-1,-1,0.00
dag_087a3e55add54b84,sampler_f134527a,sampler,2579922,7323567.51,7656047.78,7656049.22,7656381.86,1,11,10,33.19,331,0.331,0.033,451350046,45135004,860.88,0.56,0.00,-1,-1,0.00
dag_0a118d4db805487c,unet_denoise_9873aae0,unet_denoise,2597180,7329946.01,7656381.86,7656383.29,7670084.91,1,13,14,1369.03,13690,13.690,1.369,4140986040,414098604,7898.30,0.48,0.00,-1,-1,0.00
dag_bb8425b128964146,sampler_622f1745,sampler,2714901,7337778.07,7670084.91,7670086.34,7670619.96,1,10,8,53.25,532,0.532,0.053,849517064,84951706,1620.33,0.67,0.00,-1,-1,0.00
dag_99104302e6ae4866,sampler_9a156221,sampler,2736704,7344982.10,7670619.96,7670621.40,7671046.04,1,6,0,41.33,413,0.413,0.041,466802708,46680270,890.36,0.69,0.00,-1,-1,0.00
dag_3616f9eb4acd4cce,sampler_b6db1f4d,sampler,2740620,7346068.79,7671046.04,7671047.47,7671570.10,1,8,4,51.11,511,0.511,0.051,584032207,58403220,1113.95,0.63,0.00,-1,-1,0.00
dag_4612b1ef61374610,sampler_1a727001,sampler,2746361,7355194.85,7671570.10,7671571.52,7672159.13,1,10,8,57.61,576,0.576,0.058,544212416,54421241,1038.00,0.71,0.00,-1,-1,0.00
dag_6751fb9a83ed408d,unet_denoise_5e4c9e62,unet_denoise,1980673,7355701.95,7672159.13,7672160.56,7679334.20,1,6,0,716.24,7162,7.162,0.716,3902008158,390200815,7442.49,0.68,0.00,-1,-1,0.00
dag_e7ccfd39016d4183,unet_denoise_256927fd,unet_denoise,2044685,7356005.00,7679334.20,7679335.64,7683518.27,1,7,2,417.16,4171,4.171,0.417,2643389885,264338988,5041.87,0.42,0.00,-1,-1,0.00
dag_2672a5cdae594062,sampler_e44be0a9,sampler,2065622,7361185.05,7683518.27,7683519.71,7683968.34,1,12,12,43.78,437,0.437,0.044,621033856,62103385,1184.53,0.40,0.00,-1,-1,0.00
dag_daff787d847b4d66,sampler_9eb1354a,sampler,2871924,7365373.11,7683968.34,7683969.77,7684222.39,1,9,6,24.13,241,0.241,0.024,560877609,56087760,1069.79,0.50,0.00,-1,-1,0.00
dag_45623821bc4b48ca,sampler_dfa5e873,sampler,2913489,7371807.19,7684222.39,7684223.81,7684725.42,1,12,12,50.00,500,0.500,0.050,609705968,60970596,1162.92,0.43,0.00,-1,-1,0.00
dag_66fba26b7c8c4266,sampler_f220b437,sampler,2082853,7383582.25,7684725.42,7684726.86,7685528.50,1,9,6,79.09,790,0.790,0.079,573007956,57300795,1092.93,0.41,0.00,-1,-1,0.00
dag_02c30d07c2df4f53,unet_denoise_ce7fd953,unet_denoise,2094720,7384197.30,7685528.50,7685529.94,7693917.58,1,12,12,837.61,8376,8.376,0.838,3385660469,338566046,6457.63,0.72,0.00,-1,-1,0.00
dag_8240779e963a41fd,unet_denoise_df6afb8c,unet_denoise,2195145,7384526.40,7693917.58,7693919.03,7699770.68,1,12,12,584.01,5840,5.840,0.584,3369405602,336940560,6426.63,0.76,0.00,-1,-1,0.00
dag_8a885e2c63a444bc,unet_denoise_6f60693c,unet_denoise,1639359,7384828.62,7699770.68,7699891.43,7700874.97,2,1000,16,859.94,8599,8.599,0.860,3379478674,337947867,6445.84,0.71,0.00,-1,-1,0.00
dag_046e5a04b57748db,unet_denoise_046d350f,unet_denoise,2207056,7385307.71,7700874.97,7700995.66,7701876.60,2,1000,16,757.44,7574,7.574,0.757,1705783473,170578347,3253.52,0.67,0.00,-1,-1,0.00
dag_288726b3084342ae,unet_denoise_71768247,unet_denoise,1475104,7385667.77,7701876.60,7701997.53,7702630.68,2,1000,16,509.32,5093,5.093,0.509,3135698023,313569802,5980.87,0.94,0.00,-1,-1,0.00
dag_0e0ca4159e544e86,unet_denoise_e3fc29dd,unet_denoise,2944176,7386311.83,7702630.68,7702632.12,7713149.75,1,12,12,1050.67,10506,10.506,1.051,2241039923,224103992,4274.44,0.71,0.00,-1,-1,0.00
dag_79b32ae1f64043d1,unet_denoise_691198f5,unet_denoise,1020281,7387879.88,7713149.75,7713151.19,7730828.82,1,7,2,1766.66,17666,17.666,1.767,3454013611,345401361,6588.01,0.94,0.00,-1,-1,0.00
dag_9c3a4b173dc84179,sampler_9a1fb07e,sampler,1024634,7395340.95,7730828.82,7730949.47,7731116.58,2,1000,16,43.65,436,0.436,0.044,517837186,51783718,987.70,0.40,0.00,-1,-1,0.00
dag_c4fc9dded3924f0a,sampler_a6037805,sampler,832179,7400124.00,7731116.58,7731118.01,7731430.65,1,8,4,30.18,301,0.301,0.030,584455945,58445594,1114.76,0.51,0.00,-1,-1,0.00
dag_44a26dab89444865,unet_denoise_8e36ca30,unet_denoise,1234450,7400514.11,7731430.65,7731432.06,7737859.68,1,13,14,641.70,6416,6.416,0.642,1956727543,195672754,3732.16,0.52,0.00,-1,-1,0.00
dag_58e29ceb412c47dc,sampler_f1bae69c,sampler,1045271,7404767.17,7737859.68,7737861.10,7738162.71,1,8,4,29.01,290,0.290,0.029,514673280,51467328,981.66,0.70,0.00,-1,-1,0.00
dag_41e89bfae0694fb9,sampler_f16b3766,sampler,1367192,7411690.27,7738162.71,7738164.14,7738626.77,1,12,12,45.15,451,0.451,0.045,654675899,65467589,1248.70,0.53,0.00,-1,-1,0.00
dag_3ae1fe8af2dd4c57,unet_denoise_ed6aea33,unet_denoise,1245010,7412380.33,7738626.77,7738628.21,7750455.84,1,12,12,1181.61,11816,11.816,1.182,2208510303,220851030,4212.40,0.78,0.00,-1,-1,0.00
dag_46cf51d5c3044117,sampler_01a2d809,sampler,3003208,7413374.14,7750455.84,7750576.49,7750738.50,2,1000,16,38.60,385,0.385,0.039,470083368,47008336,896.61,0.40,0.00,-1,-1,0.00
dag_46455272cbe54ec8,sampler_0cad75ed,sampler,2255434,7414670.97,7750738.50,7750739.94,7751558.58,1,12,12,80.72,807,0.807,0.081,685325912,68532591,1307.16,0.63,0.00,-1,-1,0.00
dag_41ec2176cd454bc4,unet_denoise_c64d7d3a,unet_denoise,1518045,7415199.03,7751558.58,7751679.61,7752423.39,2,1000,16,619.81,6198,6.198,0.620,3127658815,312765881,5965.54,0.72,0.00,-1,-1,0.00
dag_7f3be6398c5f4569,sampler_2d4de618,sampler,1673046,7416505.44,7752423.39,7752424.82,7753259.43,1,9,6,82.36,823,0.823,0.082,273022881,27302288,520.75,0.92,0.00,-1,-1,0.00
dag_e0bf0b0c3c93417d,unet_denoise_2611ec5b,unet_denoise,1521599,7416861.49,7753259.43,7753260.88,7757535.54,1,7,2,426.33,4263,4.263,0.426,3152903120,315290312,6013.69,0.63,0.00,-1,-1,0.00
dag_73f06810d4f94121,sampler_acdf39c2,sampler,1048269,7423912.55,7757535.54,7757536.96,7758031.57,1,9,6,48.39,483,0.483,0.048,481586371,48158637,918.55,0.91,0.00,-1,-1,0.00
dag_66afb2b173ef46b3,sampler_33c486b7,sampler,1689059,7427092.61,7758031.57,7758033.02,7758294.66,1,6,0,25.09,250,0.250,0.025,347457026,34745702,662.72,0.56,0.00,-1,-1,0.00
dag_acef7e389a114bcc,sampler_8b296a9d,sampler,833139,7433787.68,7758294.66,7758415.28,7758569.44,2,1000,16,30.70,307,0.307,0.031,284459511,28445951,542.56,0.90,0.00,-1,-1,0.00
dag_06313785c32c493a,unet_denoise_df4e5468,unet_denoise,1253795,7434088.79,7758569.44,7758570.88,7763681.51,1,8,4,510.95,5109,5.109,0.511,3509047274,350904727,6692.98,0.86,0.00,-1,-1,0.00
dag_4223921a13d94f85,unet_denoise_5444f683,unet_denoise,1528507,7434862.83,7763681.51,7763682.93,7776491.54,1,12,12,1279.71,12797,12.797,1.280,2505527455,250552745,4778.91,0.57,0.00,-1,-1,0.00
dag_6c49e8f33c75421e,unet_denoise_28d8294f,unet_denoise,2304077,7435400.90,7776491.54,7776492.99,7784185.65,1,11,10,768.10,7681,7.681,0.768,4815774073,481577407,9185.36,0.84,0.00,-1,-1,0.00
dag_e4d333c3eab5448d,unet_denoise_1c981497,unet_denoise,1697292,7435689.01,7784185.65,7784187.08,7788282.71,1,7,2,408.46,4084,4.084,0.408,1748611715,174861171,3335.21,0.54,0.00,-1,-1,0.00
dag_eb11baf7ee404c2f,unet_denoise_07691570,unet_denoise,1530044,7435983.13,7788282.71,7788284.16,7793285.81,1,11,10,499.02,4990,4.990,0.499,2483752200,248375220,4737.38,0.87,0.00,-1,-1,0.00
dag_7eeaa25eb2024286,unet_denoise_be41ca68,unet_denoise,846479,7436253.94,7793285.81,7793406.44,7794070.40,2,1000,16,540.51,5405,5.405,0.541,3264570354,326457035,6226.67,0.78,0.00,-1,-1,0.00
dag_628c617e7c804df0,unet_denoise_4fe3cb97,unet_denoise,3058035,7436647.01,7794070.40,7794071.85,7799200.50,1,10,8,511.74,5117,5.117,0.512,3020154679,302015467,5760.49,0.81,0.00,-1,-1,0.00
dag_a7af186451ff4870,sampler_014d4a79,sampler,1076091,7445464.12,7799200.50,7799201.92,7799740.52,1,12,12,52.73,527,0.527,0.053,621525246,62152524,1185.47,0.41,0.00,-1,-1,0.00
dag_c939c36c249f4616,unet_denoise_e2b8793e,unet_denoise,852984,7445806.24,7799740.52,7799741.96,7804944.59,1,11,10,519.16,5191,5.191,0.519,1384884825,138488482,2641.46,0.42,0.00,-1,-1,0.00
dag_475955bb70184b83,unet_denoise_c0fca9c9,unet_denoise,877914,7446248.36,7804944.59,7804946.01,7812768.64,1,13,14,781.11,7811,7.811,0.781,2321384838,232138483,4427.69,0.81,0.00,-1,-1,0.00
dag_3d98a7542f9e4c06,unet_denoise_8150e2c8,unet_denoise,665144,7446666.42,7812768.64,7812770.07,7818653.70,1,11,10,587.28,5872,5.872,0.587,2781725994,278172599,5305.72,0.66,0.00,-1,-1,0.00
dag_460c3a8ec45a455a,sampler_0ebc620e,sampler,3071505,7448139.26,7818653.70,7818655.13,7819375.76,1,13,14,71.00,709,0.709,0.071,558707227,55870722,1065.65,0.79,0.00,-1,-1,0.00
dag_12e6b55766fb4483,sampler_8a5045df,sampler,1397302,7455202.31,7819375.76,7819377.22,7820103.88,1,7,2,71.58,715,0.715,0.072,497840359,49784035,949.56,0.78,0.00,-1,-1,0.00
dag_0605d9f01775453c,sampler_23c5a6ad,sampler,638666,7465364.37,7820103.88,7820105.30,7820731.93,1,12,12,61.53,615,0.615,0.062,639401382,63940138,1219.56,0.68,0.00,-1,-1,0.00
dag_52fb11ac19314df7,unet_denoise_bc7195d7,unet_denoise,3088750,7465921.42,7820731.93,7820733.38,7826257.04,1,9,6,551.24,5512,5.512,0.551,2262043674,226204367,4314.51,0.45,0.00,-1,-1,0.00
dag_26efd09e7e754609,sampler_844ee6cd,sampler,421232,7473586.48,7826257.04,7826258.49,7826796.13,1,6,0,52.63,526,0.526,0.053,720608606,72060860,1374.45,0.66,0.00,-1,-1,0.00
dag_1f52bd4c90834fa8,sampler_854f5ede,sampler,360567,7476814.62,7826796.13,7826916.99,7827068.55,2,1000,16,27.83,278,0.278,0.028,379989594,37998959,724.77,0.81,0.00,-1,-1,0.00
dag_53ac1a8f51e34e5c,sampler_652b8934,sampler,1745860,7489306.18,7827068.55,7827069.98,7827455.61,1,9,6,37.46,374,0.374,0.037,244597541,24459754,466.53,0.64,0.00,-1,-1,0.00
dag_38ec206859024673,sampler_d7897aee,sampler,364301,7500946.23,7827455.61,7827576.71,7827783.28,2,1000,16,82.54,825,0.825,0.083,587670443,58767044,1120.89,0.90,0.00,-1,-1,0.00
dag_1f23f3a4c41b4836,sampler_42608bf9,sampler,290674,7504556.37,7827783.28,7827784.72,7828162.34,1,9,6,36.62,366,0.366,0.037,746618711,74661871,1424.06,0.85,0.00,-1,-1,0.00
dag_5d27d0b9ef574f30,sampler_670de55f,sampler,445937,7505569.84,7828162.34,7828163.79,7828724.43,1,13,14,54.96,549,0.549,0.055,506852200,50685220,966.74,0.87,0.00,-1,-1,0.00
dag_1225345267d447cc,sampler_32d08664,sampler,3131479,7513590.98,7828724.43,7828845.29,7829022.95,2,1000,16,53.92,539,0.539,0.054,660738072,66073807,1260.26,0.91,0.00,-1,-1,0.00
dag_bea8b8165f864dbb,sampler_d40d69b0,sampler,1776489,7522402.02,7829022.95,7829024.39,7829691.01,1,10,8,65.52,655,0.655,0.066,564105588,56410558,1075.95,0.60,0.00,-1,-1,0.00
dag_ad36e74386b9411c,sampler_c4845a7d,sampler,311979,7524305.15,7829691.01,7829692.45,7829826.08,1,6,0,12.24,122,0.122,0.012,695724623,69572462,1326.99,0.52,0.00,-1,-1,0.00
dag_2ef9fa6af23a4570,sampler_5770fbac,sampler,531091,7532374.22,7829826.08,7829827.54,7830453.20,1,13,14,61.45,614,0.614,0.061,553183756,55318375,1055.11,0.45,0.00,-1,-1,0.00
dag_a4eb8e47d4f34c31,sampler_806880f8,sampler,1812352,7537761.28,7830453.20,7830454.62,7830835.24,1,7,2,36.98,369,0.369,0.037,348436531,34843653,664.59,0.83,0.00,-1,-1,0.00
dag_959798270e604592,sampler_83259b7b,sampler,3166836,7543509.35,7830835.24,7830836.66,7831137.28,1,9,6,28.91,289,0.289,0.029,381650360,38165036,727.94,0.45,0.00,-1,-1,0.00
dag_63efbf42a747449f,sampler_6e5dcc5a,sampler,3173288,7553149.47,7831137.28,7831138.72,7831691.34,1,9,6,54.19,541,0.541,0.054,479484668,47948466,914.54,0.79,0.00,-1,-1,0.00
dag_475c47767ca54a4b,sampler_27cd04da,sampler,239931,7569673.52,7831691.34,7831692.80,7833086.46,1,12,12,138.23,1382,1.382,0.138,522121687,52212168,995.87,0.82,0.00,-1,-1,0.00
dag_819bfa9f377c43e3,sampler_3aa151c1,sampler,2392891,7596738.57,7833086.46,7833087.88,7834772.50,1,6,0,167.31,1673,1.673,0.167,522640996,52264099,996.86,0.50,0.00,-1,-1,0.00
dag_c4506bff0691461e,unet_denoise_48d03b89,unet_denoise,411601,7596961.65,7834772.50,7834893.35,7835302.92,2,1000,16,285.87,2858,2.858,0.286,3020629810,302062981,5761.39,0.90,0.00,-1,-1,0.00
dag_1b8611f4a71b4f21,unet_denoise_5c34b69e,unet_denoise,216800,7597497.77,7835302.92,7835304.35,7842465.98,1,9,6,716.03,7160,7.160,0.716,5204569188,520456918,9926.93,0.74,0.00,-1,-1,0.00
dag_7fcfd30e057e4720,unet_denoise_4056b1aa,unet_denoise,2402161,7597789.83,7842465.98,7842467.40,7846047.03,1,13,14,356.88,3568,3.568,0.357,3563189838,356318983,6796.25,0.76,0.00,-1,-1,0.00
dag_7aa23edc3f9b4d7f,unet_denoise_418883c1,unet_denoise,663547,7598245.91,7846047.03,7846048.46,7852444.09,1,9,6,638.47,6384,6.384,0.638,3357414516,335741451,6403.76,0.81,0.00,-1,-1,0.00
dag_41d8494265914bda,sampler_ed5d078d,sampler,2407936,7608378.97,7852444.09,7852564.51,7852778.62,2,1000,16,90.97,909,0.909,0.091,504264381,50426438,961.81,0.87,0.00,-1,-1,0.00
dag_dffce61524874add,sampler_b2c58190,sampler,1837456,7617115.02,7852778.62,7852780.07,7853366.73,1,13,14,57.58,575,0.575,0.058,476445309,47644530,908.75,0.92,0.00,-1,-1,0.00
dag_2604b14cf4864967,sampler_ea2e3c77,sampler,1597098,7628279.12,7853366.73,7853368.18,7854212.82,1,7,2,84.30,843,0.843,0.084,532953033,53295303,1016.53,0.92,0.00,-1,-1,0.00
dag_48ce7371571e408e,sampler_6aea958d,sampler,2443694,7631551.18,7854212.82,7854214.25,7854432.88,1,6,0,20.73,207,0.207,0.021,481974256,48197425,919.29,0.62,0.00,-1,-1,0.00
dag_158e662ab43f41be,unet_denoise_99823698,unet_denoise,1879793,7633173.26,7854432.88,7854434.33,7874597.99,1,12,12,2015.25,20152,20.152,2.015,2728525743,272852574,5204.25,0.45,0.00,-1,-1,0.00
dag_b1b7f34a46354e06,unet_denoise_36b97ca4,unet_denoise,1601341,7633492.34,7874597.99,7874599.45,7879905.12,1,10,8,529.44,5294,5.294,0.529,4584407943,458440794,8744.06,0.60,0.00,-1,-1,0.00
dag_df9fc3aa30db4ac6,unet_denoise_5cfaf2f9,unet_denoise,955731,7634054.40,7879905.12,7880025.74,7880965.50,2,1000,16,816.36,8163,8.163,0.816,2450601146,245060114,4674.15,0.73,0.00,-1,-1,0.00
dag_58f9446bbd3d4230,sampler_a947797b,sampler,2508851,7644025.45,7880965.50,7880966.93,7881640.54,1,6,0,66.26,662,0.662,0.066,387034505,38703450,738.21,0.41,0.00,-1,-1,0.00
dag_72c99ec3b9a54445,unet_denoise_1c8929b4,unet_denoise,788640,7644784.53,7881640.54,7881641.97,7895517.59,1,9,6,1386.41,13864,13.864,1.386,3268959654,326895965,6235.05,0.57,0.00,-1,-1,0.00
dag_c662227e80b24669,unet_denoise_c5bb1d17,unet_denoise,1635280,7645228.60,7895517.59,7895519.03,7900835.68,1,10,8,530.54,5305,5.305,0.531,1738405908,173840590,3315.75,0.64,0.00,-1,-1,0.00
dag_301b8aa355cf41a5,sampler_df109398,sampler,1924705,7655679.68,7900835.68,7900837.12,7901563.76,1,7,2,72.52,725,0.725,0.073,688072758,68807275,1312.39,0.62,0.00,-1,-1,0.00
dag_7da0a6ba311a4a8d,unet_denoise_306b5380,unet_denoise,2557185,7656047.78,7901563.76,7901565.19,7906508.81,1,11,10,494.26,4942,4.942,0.494,3511001277,351100127,6696.70,0.47,0.00,-1,-1,0.00
dag_087a3e55add54b84,unet_denoise_3e98576a,unet_denoise,2579922,7656381.86,7906508.81,7906510.24,7910814.87,1,8,4,429.31,4293,4.293,0.429,2687455796,268745579,5125.92,0.62,0.00,-1,-1,0.00
dag_0a118d4db805487c,sampler_3c3a1d28,sampler,2597180,7670084.91,7910814.87,7910935.62,7911158.36,2,1000,16,99.14,991,0.991,0.099,760835779,76083577,1451.18,0.52,0.00,-1,-1,0.00
dag_bb8425b128964146,unet_denoise_210bcb8d,unet_denoise,2714901,7670619.96,7911158.36,7911159.79,7918391.41,1,9,6,722.00,7220,7.220,0.722,1818343585,181834358,3468.22,0.61,0.00,-1,-1,0.00
dag_99104302e6ae4866,unet_denoise_6733cb83,unet_denoise,2736704,7671046.04,7918391.41,7918511.97,7919263.74,2,1000,16,628.46,6284,6.284,0.628,3292699038,329269903,6280.33,0.92,0.00,-1,-1,0.00
dag_3616f9eb4acd4cce,unet_denoise_fde78dd5,unet_denoise,2740620,7671570.10,7919263.74,7919265.19,7926473.83,1,11,10,719.79,7197,7.197,0.720,3555812417,355581241,6782.17,0.91,0.00,-1,-1,0.00
dag_4612b1ef61374610,unet_denoise_7f5c7b14,unet_denoise,2746361,7672159.13,7926473.83,7926475.27,7937530.92,1,13,14,1104.48,11044,11.044,1.104,2272300739,227230073,4334.07,0.75,0.00,-1,-1,0.00
dag_6751fb9a83ed408d,sampler_938c184c,sampler,1980673,7679334.20,7937530.92,7937532.35,7937894.97,1,6,0,35.13,351,0.351,0.035,698133450,69813345,1331.58,0.63,0.00,-1,-1,0.00
dag_e7ccfd39016d4183,sampler_cbdca91c,sampler,2044685,7683518.27,7937894.97,7938015.56,7938167.38,2,1000,16,28.41,284,0.284,0.028,453075342,45307534,864.17,0.78,0.00,-1,-1,0.00
dag_2672a5cdae594062,unet_denoise_f9e69da7,unet_denoise,2065622,7683968.34,7938167.38,7938168.81,7944959.44,1,11,10,677.91,6779,6.779,0.678,2922620191,292262019,5574.46,0.59,0.00,-1,-1,0.00
dag_daff787d847b4d66,unet_denoise_b6b13057,unet_denoise,2871924,7684222.39,7944959.44,7944960.89,7948894.56,1,9,6,392.28,3922,3.922,0.392,2072188137,207218813,3952.39,0.63,0.00,-1,-1,0.00
dag_45623821bc4b48ca,unet_denoise_b4e2f0e3,unet_denoise,2913489,7684725.42,7948894.56,7948896.00,7956004.65,1,13,14,709.76,7097,7.097,0.710,2295295614,229529561,4377.93,0.91,0.00,-1,-1,0.00
dag_66fba26b7c8c4266,unet_denoise_070af652,unet_denoise,2082853,7685528.50,7956004.65,7956006.08,7965938.72,1,13,14,992.18,9921,9.921,0.992,3184233683,318423368,6073.44,0.68,0.00,-1,-1,0.00
dag_02c30d07c2df4f53,sampler_6c80dff3,sampler,2094720,7693917.58,7965938.72,7965940.16,7966643.80,1,10,8,69.27,692,0.692,0.069,339455805,33945580,647.46,0.43,0.00,-1,-1,0.00
dag_8240779e963a41fd,sampler_3b5f5b6d,sampler,2195145,7699770.68,7966643.80,7966645.26,7967014.92,1,6,0,36.87,368,0.368,0.037,443337043,44333704,845.60,0.41,0.00,-1,-1,0.00
dag_8a885e2c63a444bc,sampler_2badf595,sampler,1639359,7700874.97,7967014.92,7967016.35,7967543.98,1,11,10,51.66,516,0.516,0.052,449824777,44982477,857.97,0.55,0.00,-1,-1,0.00
dag_046e5a04b57748db,sampler_4acc2c14,sampler,2207056,7701876.60,7967543.98,7967545.41,7967995.03,1,6,0,43.89,438,0.438,0.044,617026071,61702607,1176.88,0.60,0.00,-1,-1,0.00
dag_288726b3084342ae,sampler_5eb9b207,sampler,1475104,7702630.68,7967995.03,7967996.47,7968368.11,1,8,4,36.10,360,0.360,0.036,561538732,56153873,1071.05,0.47,0.00,-1,-1,0.00
dag_0e0ca4159e544e86,sampler_156ce9fa,sampler,2944176,7713149.75,7968368.11,7968488.73,7968675.09,2,1000,16,62.95,629,0.629,0.063,484869573,48486957,924.82,0.43,0.00,-1,-1,0.00
dag_79b32ae1f64043d1,sampler_e383b7b6,sampler,1020281,7730828.82,7968675.09,7968676.54,7970521.20,1,13,14,183.35,1833,1.833,0.183,744235836,74423583,1419.52,0.93,0.00,-1,-1,0.00
dag_9c3a4b173dc84179,unet_denoise_9e29af5e,unet_denoise,1024634,7731116.58,7970521.20,7970522.63,7977917.26,1,7,2,738.39,7383,7.383,0.738,2954900432,295490043,5636.03,0.71,0.00,-1,-1,0.00
dag_c4fc9dded3924f0a,unet_denoise_7cd5c713,unet_denoise,832179,7731430.65,7977917.26,7978037.85,7978647.31,2,1000,16,486.10,4860,4.860,0.486,2796995426,279699542,5334.85,0.60,0.00,-1,-1,0.00
dag_44a26dab89444865,sampler_7e69c2e5,sampler,1234450,7737859.68,7978647.31,7978648.74,7979028.37,1,11,10,36.90,368,0.368,0.037,615305420,61530542,1173.60,0.63,0.00,-1,-1,0.00
dag_58e29ceb412c47dc,unet_denoise_260bb41c,unet_denoise,1045271,7738162.71,7979028.37,7979029.80,7983792.43,1,7,2,475.18,4751,4.751,0.475,3009225286,300922528,5739.64,0.44,0.00,-1,-1,0.00
dag_3ae1fe8af2dd4c57,sampler_5b121954,sampler,1245010,7750455.84,7990863.86,7990984.85,7991185.80,2,1000,16,77.09,770,0.770,0.077,410739208,41073920,783.42,0.88,0.00,-1,-1,0.00
dag_46cf51d5c3044117,unet_denoise_8a99ca42,unet_denoise,3003208,7750738.50,7991185.80,7991306.79,7991944.33,2,1000,16,513.65,5136,5.136,0.514,3449470399,344947039,6579.34,0.57,0.00,-1,-1,0.00
dag_46455272cbe54ec8,unet_denoise_e272673a,unet_denoise,2255434,7751558.58,7991944.33,7991945.78,8001949.43,1,6,0,1000.24,10002,10.002,1.000,3610611548,361061154,6886.70,0.81,0.00,-1,-1,0.00
dag_41ec2176cd454bc4,sampler_708bbc2e,sampler,1518045,7752423.39,8001949.43,8001950.87,8002357.51,1,8,4,39.54,395,0.395,0.040,706700915,70670091,1347.93,0.47,0.00,-1,-1,0.00
dag_7f3be6398c5f4569,unet_denoise_d08455ef,unet_denoise,1673046,7753259.43,8002357.51,8002358.95,8014840.59,1,7,2,1247.05,12470,12.470,1.247,4043457526,404345752,7712.28,0.55,0.00,-1,-1,0.00
dag_e0bf0b0c3c93417d,sampler_3221f609,sampler,1521599,7757535.54,8014840.59,8014842.02,8015189.65,1,8,4,33.62,336,0.336,0.034,517394006,51739400,986.85,0.74,0.00,-1,-1,0.00
dag_73f06810d4f94121,unet_denoise_61ebfa0a,unet_denoise,1048269,7758031.57,8015189.65,8015191.09,8022778.72,1,12,12,757.61,7576,7.576,0.758,2047584491,204758449,3905.46,0.48,0.00,-1,-1,0.00
dag_66afb2b173ef46b3,unet_denoise_74df82ce,unet_denoise,1689059,7758294.66,8022778.72,8022780.15,8026501.77,1,11,10,371.03,3710,3.710,0.371,3031922973,303192297,5782.93,0.77,0.00,-1,-1,0.00
dag_acef7e389a114bcc,unet_denoise_04bce139,unet_denoise,833139,7758569.44,8026501.77,8026503.20,8032394.83,1,6,0,588.09,5880,5.880,0.588,4844937911,484493791,9240.99,0.86,0.00,-1,-1,0.00
dag_06313785c32c493a,sampler_9c3a01b4,sampler,1253795,7763681.51,8032394.83,8032515.46,8032668.82,2,1000,16,29.90,299,0.299,0.030,441933598,44193359,842.92,0.68,0.00,-1,-1,0.00
dag_4223921a13d94f85,sampler_489530a7,sampler,1528507,7776491.54,8032668.82,8032670.26,8033469.89,1,9,6,78.82,788,0.788,0.079,446433930,44643393,851.51,0.70,0.00,-1,-1,0.00
dag_6c49e8f33c75421e,sampler_d7113be0,sampler,2304077,7784185.65,8033469.89,8033471.32,8033961.95,1,8,4,47.95,479,0.479,0.048,426956947,42695694,814.36,0.83,0.00,-1,-1,0.00
dag_e4d333c3eab5448d,sampler_8a716d02,sampler,1697292,7788282.71,8033961.95,8033963.39,8034231.01,1,6,0,25.62,256,0.256,0.026,488573879,48857387,931.88,0.47,0.00,-1,-1,0.00
dag_eb11baf7ee404c2f,sampler_b478f12f,sampler,1530044,7793285.81,8034231.01,8034351.64,8034507.30,2,1000,16,32.21,322,0.322,0.032,729992153,72999215,1392.35,0.81,0.00,-1,-1,0.00
dag_7eeaa25eb2024286,sampler_821c1c49,sampler,846479,7794070.40,8034507.30,8034508.74,8034818.38,1,10,8,29.89,298,0.298,0.030,785857140,78585714,1498.90,0.56,0.00,-1,-1,0.00
dag_628c617e7c804df0,sampler_459d828f,sampler,3058035,7799200.50,8034818.38,8034819.80,8035168.42,1,7,2,33.78,337,0.337,0.034,596740079,59674007,1138.19,0.64,0.00,-1,-1,0.00
dag_a7af186451ff4870,unet_denoise_15a73e16,unet_denoise,1076091,7799740.52,8035168.42,8035169.85,8043342.49,1,7,2,816.18,8161,8.161,0.816,3942996514,394299651,7520.67,0.41,0.00,-1,-1,0.00
dag_c939c36c249f4616,sampler_46a0318c,sampler,852984,7804944.59,8043342.49,8043343.91,8043632.53,1,6,0,27.80,277,0.277,0.028,333757792,33375779,636.59,0.44,0.00,-1,-1,0.00
dag_475955bb70184b83,sampler_fb592ef1,sampler,877914,7812768.64,8043632.53,8043633.96,8044098.59,1,6,0,45.40,453,0.453,0.045,303911288,30391128,579.66,0.56,0.00,-1,-1,0.00
dag_3d98a7542f9e4c06,sampler_10af8bde,sampler,665144,7818653.70,8044098.59,8044100.03,8044576.67,1,11,10,46.53,465,0.465,0.047,589734854,58973485,1124.83,0.93,0.00,-1,-1,0.00
dag_460c3a8ec45a455a,unet_denoise_4175f651,unet_denoise,3071505,7819375.76,8044576.67,8044578.10,8056658.72,1,7,2,1206.98,12069,12.069,1.207,3078740214,307874021,5872.23,0.41,0.00,-1,-1,0.00
dag_12e6b55766fb4483,unet_denoise_9ea0d2f5,unet_denoise,1397302,7820103.88,8056658.72,8056660.16,8066261.81,1,10,8,959.07,9590,9.590,0.959,2867688916,286768891,5469.68,0.48,0.00,-1,-1,0.00
dag_0605d9f01775453c,unet_denoise_6def35ce,unet_denoise,638666,7820731.93,8066261.81,8066263.24,8074603.86,1,8,4,833.00,8329,8.329,0.833,2793158473,279315847,5327.53,0.46,0.00,-1,-1,0.00
dag_52fb11ac19314df7,sampler_dac9b999,sampler,3088750,7826257.04,8074603.86,8074605.32,8075106.98,1,10,8,49.08,490,0.490,0.049,596800939,59680093,1138.31,0.47,0.00,-1,-1,0.00
dag_26efd09e7e754609,unet_denoise_b53f5f7f,unet_denoise,421232,7826796.13,8075106.98,8075108.41,8082117.04,1,8,4,700.71,7007,7.007,0.701,3440217031,344021703,6561.69,0.89,0.00,-1,-1,0.00
dag_1f52bd4c90834fa8,unet_denoise_9efca3da,unet_denoise,360567,7827068.55,8082117.04,8082118.47,8086893.10,1,13,14,476.36,4763,4.763,0.476,3453311078,345331107,6586.67,0.73,0.00,-1,-1,0.00
dag_53ac1a8f51e34e5c,unet_denoise_0bd78a8f,unet_denoise,1745860,7827455.61,8086893.10,8086894.52,8093112.14,1,9,6,620.69,6206,6.206,0.621,2031929165,203192916,3875.60,0.79,0.00,-1,-1,0.00
dag_38ec206859024673,unet_denoise_a4789894,unet_denoise,364301,7827783.28,8093112.14,8093113.59,8104038.25,1,8,4,1091.35,10913,10.913,1.091,2011591393,201159139,3836.81,0.54,0.00,-1,-1,0.00
dag_1f23f3a4c41b4836,unet_denoise_30a5782b,unet_denoise,290674,7828162.34,8104038.25,8104039.67,8108404.28,1,13,14,436.34,4363,4.363,0.436,4300149424,430014942,8201.88,0.45,0.00,-1,-1,0.00
dag_5d27d0b9ef574f30,unet_denoise_fe568e06,unet_denoise,445937,7828724.43,8108404.28,8108405.74,8117743.39,1,12,12,932.65,9326,9.326,0.933,3054978427,305497842,5826.91,0.82,0.00,-1,-1,0.00
dag_1225345267d447cc,unet_denoise_01e702f6,unet_denoise,3131479,7829022.95,8117743.39,8117744.83,8123828.47,1,10,8,608.23,6082,6.082,0.608,2430543612,243054361,4635.89,0.46,0.00,-1,-1,0.00
dag_bea8b8165f864dbb,unet_denoise_d66dc37e,unet_denoise,1776489,7829691.01,8123828.47,8123829.93,8132813.59,1,10,8,897.29,8972,8.972,0.897,4642624750,464262475,8855.10,0.62,0.00,-1,-1,0.00
dag_ad36e74386b9411c,unet_denoise_c2650ba7,unet_denoise,311979,7829826.08,8132813.59,8132934.65,8133269.68,2,1000,16,211.07,2110,2.110,0.211,2815645444,281564544,5370.42,0.45,0.00,-1,-1,0.00
dag_2ef9fa6af23a4570,unet_denoise_8040220a,unet_denoise,531091,7830453.20,8133269.68,8133271.12,8142374.76,1,8,4,909.29,9092,9.092,0.909,3041659233,304165923,5801.50,0.67,0.00,-1,-1,0.00
dag_a4eb8e47d4f34c31,unet_denoise_c4491016,unet_denoise,1812352,7830835.24,8142374.76,8142376.19,8148059.82,1,8,4,568.23,5682,5.682,0.568,2629144578,262914457,5014.70,0.79,0.00,-1,-1,0.00
dag_959798270e604592,unet_denoise_f11e1efa,unet_denoise,3166836,7831137.28,8148059.82,8148061.26,8153247.90,1,13,14,517.55,5175,5.175,0.518,2763020902,276302090,5270.04,0.70,0.00,-1,-1,0.00
dag_63efbf42a747449f,unet_denoise_7feb6611,unet_denoise,3173288,7831691.34,8153247.90,8153249.33,8159709.95,1,10,8,644.96,6449,6.449,0.645,4427434984,442743498,8444.66,0.56,0.00,-1,-1,0.00
dag_475c47767ca54a4b,unet_denoise_72f722cc,unet_denoise,239931,7833086.46,8159709.95,8159711.40,8174454.06,1,6,0,1474.19,14741,14.741,1.474,2072678666,207267866,3953.32,0.75,0.00,-1,-1,0.00
dag_819bfa9f377c43e3,unet_denoise_0b047e10,unet_denoise,2392891,7834772.50,8174454.06,8174455.51,8204883.17,1,8,4,3041.64,30416,30.416,3.042,3848075485,384807548,7339.62,0.41,0.00,-1,-1,0.00
dag_c4506bff0691461e,sampler_d0cded2f,sampler,411601,7835302.92,8204883.17,8205003.79,8205147.05,2,1000,16,19.83,198,0.198,0.020,521563064,52156306,994.80,0.48,0.00,-1,-1,0.00
dag_1b8611f4a71b4f21,sampler_eef3afc9,sampler,216800,7842465.98,8205147.05,8205148.51,8205607.16,1,10,8,44.75,447,0.447,0.045,504175038,50417503,961.64,0.84,0.00,-1,-1,0.00
dag_7fcfd30e057e4720,sampler_c03d4a92,sampler,2402161,7846047.03,8205607.16,8205728.22,8205879.06,2,1000,16,26.87,268,0.268,0.027,598598814,59859881,1141.74,0.91,0.00,-1,-1,0.00
dag_7aa23edc3f9b4d7f,sampler_eca5b64e,sampler,663547,7852444.09,8205879.06,8205880.51,8206300.17,1,8,4,40.86,408,0.408,0.041,469067933,46906793,894.68,0.93,0.00,-1,-1,0.00
dag_dffce61524874add,unet_denoise_5a7dc69e,unet_denoise,1837456,7853366.73,8219776.58,8219778.03,8228006.68,1,13,14,821.78,8217,8.217,0.822,2828124832,282812483,5394.22,0.50,0.00,-1,-1,0.00
dag_2604b14cf4864967,unet_denoise_74679077,unet_denoise,1597098,7854212.82,8228006.68,8228008.11,8242371.74,1,6,0,1435.22,14352,14.352,1.435,2437136140,243713614,4648.47,0.47,0.00,-1,-1,0.00
dag_48ce7371571e408e,unet_denoise_80bc6293,unet_denoise,2443694,7854432.88,8242371.74,8242373.17,8244927.80,1,9,6,254.35,2543,2.543,0.254,2488557468,248855746,4746.55,0.80,0.00,-1,-1,0.00
dag_158e662ab43f41be,sampler_496f0481,sampler,1879793,7874597.99,8244927.80,8244929.25,8246509.91,1,13,14,156.99,1569,1.569,0.157,746128484,74612848,1423.13,0.89,0.00,-1,-1,0.00
dag_b1b7f34a46354e06,sampler_d0435c7b,sampler,1601341,7879905.12,8246509.91,8246511.34,8246865.95,1,9,6,34.39,343,0.343,0.034,379242146,37924214,723.35,0.40,0.00,-1,-1,0.00
dag_df9fc3aa30db4ac6,sampler_269b24ea,sampler,955731,7880965.50,8246865.95,8246867.39,8247518.01,1,8,4,63.93,639,0.639,0.064,613117776,61311777,1169.43,0.69,0.00,-1,-1,0.00
dag_58f9446bbd3d4230,unet_denoise_2d9c9c25,unet_denoise,2508851,7881640.54,8247518.01,8247519.44,8256335.07,1,6,0,880.41,8804,8.804,0.880,4054092396,405409239,7732.57,0.50,0.00,-1,-1,0.00
dag_72c99ec3b9a54445,sampler_d6061e9d,sampler,788640,7895517.59,8256335.07,8256336.52,8257185.16,1,11,10,83.79,837,0.837,0.084,577190371,57719037,1100.90,0.77,0.00,-1,-1,0.00
dag_c662227e80b24669,sampler_09bdffe6,sampler,1635280,7900835.68,8257185.16,8257186.61,8257590.26,1,7,2,40.24,402,0.402,0.040,576368918,57636891,1099.34,0.90,0.00,-1,-1,0.00
dag_301b8aa355cf41a5,unet_denoise_9349f9aa,unet_denoise,1924705,7901563.76,8257590.26,8257591.69,8267417.32,1,12,12,981.45,9814,9.814,0.981,4439882232,443988223,8468.40,0.62,0.00,-1,-1,0.00
dag_7da0a6ba311a4a8d,sampler_168b57e5,sampler,2557185,7906508.81,8267417.32,8267418.74,8267778.37,1,6,0,34.88,348,0.348,0.035,626183950,62618395,1194.35,0.60,0.00,-1,-1,0.00
dag_087a3e55add54b84,sampler_0405bd8f,sampler,2579922,7910814.87,8267778.37,8267898.96,8268053.87,2,1000,16,31.53,315,0.315,0.032,366416076,36641607,698.88,0.52,0.00,-1,-1,0.00
dag_0a118d4db805487c,unet_denoise_861f349a,unet_denoise,2597180,7911158.36,8268053.87,8268055.30,8286183.91,1,10,8,1811.71,18117,18.117,1.812,1826463573,182646357,3483.70,0.75,0.00,-1,-1,0.00
dag_bb8425b128964146,sampler_860e29fb,sampler,2714901,7918391.41,8286183.91,8286185.33,8286602.94,1,11,10,40.60,406,0.406,0.041,453449806,45344980,864.89,0.71,0.00,-1,-1,0.00
dag_99104302e6ae4866,sampler_e0243310,sampler,2736704,7919263.74,8286602.94,8286604.38,8287083.03,1,8,4,46.74,467,0.467,0.047,387872147,38787214,739.81,0.63,0.00,-1,-1,0.00
dag_3616f9eb4acd4cce,sampler_7958d08a,sampler,2740620,7926473.83,8287083.03,8287203.52,8287378.52,2,1000,16,51.77,517,0.517,0.052,806475834,80647583,1538.23,0.64,0.00,-1,-1,0.00
dag_4612b1ef61374610,sampler_02cbdc79,sampler,2746361,7937530.92,8287378.52,8287379.98,8288076.65,1,8,4,68.59,685,0.685,0.069,358561866,35856186,683.90,0.54,0.00,-1,-1,0.00
dag_6751fb9a83ed408d,unet_denoise_3fdcd11b,unet_denoise,1980673,7937894.97,8288076.65,8288078.08,8294614.70,1,9,6,652.58,6525,6.525,0.653,3117643450,311764345,5946.43,0.58,0.00,-1,-1,0.00
dag_e7ccfd39016d4183,unet_denoise_f29d30cc,unet_denoise,2044685,7938167.38,8294614.70,8294616.13,8298495.76,1,10,8,386.89,3868,3.868,0.387,3600014793,360001479,6866.48,0.42,0.00,-1,-1,0.00
dag_2672a5cdae594062,sampler_347cb6fa,sampler,2065622,7944959.44,8298495.76,8298497.19,8298863.82,1,6,0,35.57,355,0.355,0.036,468652026,46865202,893.88,0.56,0.00,-1,-1,0.00
dag_daff787d847b4d66,sampler_4c3aa2a6,sampler,2871924,7948894.56,8298863.82,8298865.24,8299172.87,1,8,4,29.65,296,0.296,0.030,486078580,48607858,927.12,0.54,0.00,-1,-1,0.00
dag_45623821bc4b48ca,sampler_260c745d,sampler,2913489,7956004.65,8299172.87,8299174.30,8299597.92,1,6,0,41.25,412,0.412,0.041,413527888,41352788,788.74,0.41,0.00,-1,-1,0.00
dag_66fba26b7c8c4266,sampler_bec71efe,sampler,2082853,7965938.72,8299597.92,8299599.38,8300447.05,1,7,2,83.67,836,0.836,0.084,301211604,30121160,574.52,0.58,0.00,-1,-1,0.00
dag_02c30d07c2df4f53,unet_denoise_df4daf45,unet_denoise,2094720,7966643.80,8300447.05,8300448.50,8311366.15,1,9,6,1090.65,10906,10.906,1.091,2587106801,258710680,4934.51,0.88,0.00,-1,-1,0.00
dag_8240779e963a41fd,unet_denoise_d3a9f430,unet_denoise,2195145,7967014.92,8311366.15,8311367.58,8317206.20,1,7,2,582.77,5827,5.827,0.583,2220372079,222037207,4235.02,0.55,0.00,-1,-1,0.00
dag_8a885e2c63a444bc,unet_denoise_9c0827a6,unet_denoise,1639359,7967543.98,8317206.20,8317207.62,8326100.24,1,11,10,888.15,8881,8.881,0.888,4104370855,410437085,7828.47,0.46,0.00,-1,-1,0.00
dag_046e5a04b57748db,unet_denoise_3eafb5f8,unet_denoise,2207056,7967995.03,8326100.24,8326101.67,8330930.29,1,8,4,482.73,4827,4.827,0.483,2555281342,255528134,4873.81,0.67,0.00,-1,-1,0.00
dag_288726b3084342ae,unet_denoise_0b888ce3,unet_denoise,1475104,7968368.11,8330930.29,8330931.72,8336083.34,1,10,8,514.05,5140,5.140,0.514,3468642220,346864222,6615.91,0.52,0.00,-1,-1,0.00
dag_0e0ca4159e544e86,unet_denoise_33fb619d,unet_denoise,2944176,7968675.09,8336083.34,8336084.77,8345662.39,1,10,8,956.62,9566,9.566,0.957,3513234263,351323426,6700.96,0.42,0.00,-1,-1,0.00
dag_79b32ae1f64043d1,unet_denoise_50b1ca70,unet_denoise,1020281,7970521.20,8345662.39,8345663.84,8371139.50,1,11,10,2546.49,25464,25.464,2.546,3405656938,340565693,6495.78,0.78,0.00,-1,-1,0.00
dag_9c3a4b173dc84179,sampler_7e0ead78,sampler,1024634,7977917.26,8371139.50,8371140.95,8371624.59,1,11,10,47.29,472,0.472,0.047,631819379,63181937,1205.10,0.45,0.00,-1,-1,0.00
dag_c4fc9dded3924f0a,sampler_4ded1ab9,sampler,832179,7978647.31,8371624.59,8371626.04,8371916.69,1,7,2,27.98,279,0.279,0.028,223137334,22313733,425.60,0.41,0.00,-1,-1,0.00
dag_44a26dab89444865,unet_denoise_77aae9b8,unet_denoise,1234450,7979028.37,8371916.69,8371918.14,8377769.79,1,9,6,584.08,5840,5.840,0.584,3197918693,319791869,6099.55,0.84,0.00,-1,-1,0.00
dag_58e29ceb412c47dc,sampler_d44e8616,sampler,1045271,7983792.43,8377769.79,8377771.21,8378060.82,1,8,4,27.84,278,0.278,0.028,500782214,50078221,955.17,0.42,0.00,-1,-1,0.00
dag_3ae1fe8af2dd4c57,unet_denoise_aa7caedc,unet_denoise,1245010,7991185.80,8378060.82,8378181.54,8379463.83,2,1000,16,1158.71,11587,11.587,1.159,2816239171,281623917,5371.55,0.43,0.00,-1,-1,0.00
dag_46cf51d5c3044117,sampler_6f4e3f3f,sampler,3003208,7991944.33,8379463.83,8379465.26,8379856.88,1,12,12,38.01,380,0.380,0.038,627226472,62722647,1196.34,0.69,0.00,-1,-1,0.00
dag_46455272cbe54ec8,sampler_a0a737d2,sampler,2255434,8001949.43,8379856.88,8379858.32,8380637.95,1,9,6,77.88,778,0.778,0.078,662506938,66250693,1263.63,0.63,0.00,-1,-1,0.00
dag_41ec2176cd454bc4,unet_denoise_93b52a68,unet_denoise,1518045,8002357.51,8380637.95,8380639.40,8386771.05,1,12,12,612.08,6120,6.120,0.612,2312212298,231221229,4410.19,0.68,0.00,-1,-1,0.00
dag_7f3be6398c5f4569,sampler_4f77b002,sampler,1673046,8014840.59,8386771.05,8386891.71,8387082.01,2,1000,16,66.80,668,0.668,0.067,915993834,91599383,1747.12,0.89,0.00,-1,-1,0.00
dag_e0bf0b0c3c93417d,unet_denoise_efce8026,unet_denoise,1521599,8015189.65,8387082.01,8387083.44,8391987.06,1,9,6,489.28,4892,4.892,0.489,2923048587,292304858,5575.27,0.67,0.00,-1,-1,0.00
dag_73f06810d4f94121,sampler_7ef94624,sampler,1048269,8022778.72,8391987.06,8391988.50,8392532.14,1,12,12,53.26,532,0.532,0.053,727058833,72705883,1386.75,0.77,0.00,-1,-1,0.00
dag_66afb2b173ef46b3,sampler_f5abde6b,sampler,1689059,8026501.77,8392532.14,8392533.56,8392775.18,1,8,4,24.06,240,0.240,0.024,683060092,68306009,1302.83,0.51,0.00,-1,-1,0.00
dag_acef7e389a114bcc,sampler_4035fc7f,sampler,833139,8032394.83,8392775.18,8392776.63,8393117.28,1,13,14,32.95,329,0.329,0.033,554770910,55477091,1058.14,0.63,0.00,-1,-1,0.00
dag_06313785c32c493a,unet_denoise_89038961,unet_denoise,1253795,8032668.82,8393117.28,8393118.73,8397958.38,1,6,0,483.89,4838,4.838,0.484,3346209990,334620999,6382.39,0.72,0.00,-1,-1,0.00
dag_4223921a13d94f85,unet_denoise_69804c73,unet_denoise,1528507,8033469.89,8397958.38,8397959.81,8408444.44,1,12,12,1047.39,10473,10.473,1.047,3650482193,365048219,6962.74,0.54,0.00,-1,-1,0.00
dag_6c49e8f33c75421e,unet_denoise_986f8cec,unet_denoise,2304077,8033961.95,8408444.44,8408445.88,8417233.54,1,8,4,877.64,8776,8.776,0.878,2734991523,273499152,5216.58,0.69,0.00,-1,-1,0.00
dag_e4d333c3eab5448d,unet_denoise_a84d14bd,unet_denoise,1697292,8034231.01,8417233.54,8417234.96,8421279.58,1,7,2,403.31,4033,4.033,0.403,2780538367,278053836,5303.46,0.40,0.00,-1,-1,0.00
dag_eb11baf7ee404c2f,unet_denoise_b6926bf4,unet_denoise,1530044,8034507.30,8421279.58,8421400.50,8421995.45,2,1000,16,471.19,4711,4.711,0.471,2672008284,267200828,5096.45,0.53,0.00,-1,-1,0.00
dag_7eeaa25eb2024286,unet_denoise_17860012,unet_denoise,846479,8034818.38,8421995.45,8422116.38,8422764.33,2,1000,16,524.12,5241,5.241,0.524,3860714207,386071420,7363.73,0.75,0.00,-1,-1,0.00
dag_628c617e7c804df0,unet_denoise_7c324e35,unet_denoise,3058035,8035168.42,8422764.33,8422765.78,8427329.44,1,9,6,455.24,4552,4.552,0.455,2556319994,255631999,4875.79,0.43,0.00,-1,-1,0.00
dag_a7af186451ff4870,sampler_eb55b279,sampler,1076091,8043342.49,8427329.44,8427330.87,8427800.49,1,13,14,45.88,458,0.458,0.046,609231166,60923116,1162.02,0.66,0.00,-1,-1,0.00
dag_c939c36c249f4616,unet_denoise_2c66c1c6,unet_denoise,852984,8043632.53,8427800.49,8427801.94,8431985.60,1,13,14,417.29,4172,4.172,0.417,3269167954,326916795,6235.44,0.90,0.00,-1,-1,0.00
dag_475955bb70184b83,unet_denoise_684ac956,unet_denoise,877914,8044098.59,8431985.60,8431987.03,8439403.65,1,11,10,740.55,7405,7.405,0.741,3805908545,380590854,7259.19,0.65,0.00,-1,-1,0.00
dag_3d98a7542f9e4c06,unet_denoise_72b71133,unet_denoise,665144,8044576.67,8439403.65,8439405.10,8445904.75,1,6,0,648.81,6488,6.488,0.649,3716701322,371670132,7089.05,0.77,0.00,-1,-1,0.00
dag_460c3a8ec45a455a,sampler_08e46b88,sampler,3071505,8056658.72,8445904.75,8446025.67,8446219.52,2,1000,16,70.09,700,0.700,0.070,475820348,47582034,907.56,0.45,0.00,-1,-1,0.00
dag_12e6b55766fb4483,sampler_d9a0459a,sampler,1397302,8066261.81,8446219.52,8446220.95,8446749.58,1,10,8,51.72,517,0.517,0.052,372334956,37233495,710.17,0.88,0.00,-1,-1,0.00
dag_0605d9f01775453c,sampler_ace53d32,sampler,638666,8074603.86,8446749.58,8446751.02,8447315.67,1,10,8,55.35,553,0.553,0.055,478068747,47806874,911.84,0.49,0.00,-1,-1,0.00
dag_52fb11ac19314df7,unet_denoise_133fd86c,unet_denoise,3088750,8075106.98,8447315.67,8447317.13,8453886.79,1,9,6,655.88,6558,6.558,0.656,1998613396,199861339,3812.05,0.73,0.00,-1,-1,0.00
dag_26efd09e7e754609,sampler_85405a84,sampler,421232,8082117.04,8453886.79,8453888.22,8454377.84,1,12,12,47.86,478,0.478,0.048,550229034,55022903,1049.48,0.64,0.00,-1,-1,0.00
dag_1f52bd4c90834fa8,sampler_a3906035,sampler,360567,8086893.10,8454377.84,8454379.29,8454661.94,1,9,6,27.17,271,0.271,0.027,754793858,75479385,1439.66,0.87,0.00,-1,-1,0.00
dag_53ac1a8f51e34e5c,sampler_4612f1e4,sampler,1745860,8093112.14,8454661.94,8454663.40,8455031.06,1,6,0,36.61,366,0.366,0.037,389857363,38985736,743.59,0.94,0.00,-1,-1,0.00
dag_38ec206859024673,sampler_6094b7d9,sampler,364301,8104038.25,8455031.06,8455151.61,8455350.39,2,1000,16,75.41,754,0.754,0.075,462817133,46281713,882.75,0.79,0.00,-1,-1,0.00
dag_1f23f3a4c41b4836,sampler_b926143b,sampler,290674,8108404.28,8455350.39,8455351.85,8455700.51,1,7,2,33.74,337,0.337,0.034,656523845,65652384,1252.22,0.54,0.00,-1,-1,0.00
dag_5d27d0b9ef574f30,sampler_ba64f7b4,sampler,445937,8117743.39,8455700.51,8455821.06,8456005.74,2,1000,16,61.37,613,0.613,0.061,362572288,36257228,691.55,0.51,0.00,-1,-1,0.00
dag_1225345267d447cc,sampler_ca983fb3,sampler,3131479,8123828.47,8456005.74,8456007.19,8456508.84,1,6,0,49.10,490,0.490,0.049,448658255,44865825,855.75,0.87,0.00,-1,-1,0.00
dag_bea8b8165f864dbb,sampler_54b9562e,sampler,1776489,8132813.59,8456508.84,8456510.27,8457111.90,1,8,4,59.05,590,0.590,0.059,765950586,76595058,1460.93,0.52,0.00,-1,-1,0.00
dag_ad36e74386b9411c,sampler_2c75e33b,sampler,311979,8133269.68,8457111.90,8457113.35,8457248.00,1,12,12,12.31,123,0.123,0.012,387154726,38715472,738.44,0.94,0.00,-1,-1,0.00
dag_2ef9fa6af23a4570,sampler_a7bb3d9f,sampler,531091,8142374.76,8457248.00,8457249.46,8457841.12,1,13,14,58.03,580,0.580,0.058,443208484,44320848,845.35,0.66,0.00,-1,-1,0.00
dag_a4eb8e47d4f34c31,sampler_9cefd32f,sampler,1812352,8148059.82,8457841.12,8457842.54,8458183.16,1,7,2,32.91,329,0.329,0.033,538790011,53879001,1027.66,0.81,0.00,-1,-1,0.00
dag_959798270e604592,sampler_2f6bbee5,sampler,3166836,8153247.90,8458183.16,8458184.59,8458521.22,1,11,10,32.60,325,0.325,0.033,581791253,58179125,1109.68,0.70,0.00,-1,-1,0.00
dag_63efbf42a747449f,sampler_3ce3711d,sampler,3173288,8159709.95,8458521.22,8458522.64,8459192.26,1,12,12,65.86,658,0.658,0.066,444915135,44491513,848.61,0.49,0.00,-1,-1,0.00
dag_475c47767ca54a4b,sampler_200cf035,sampler,239931,8174454.06,8459192.26,8459193.72,8460511.38,1,6,0,131.66,1316,1.316,0.132,314352878,31435287,599.58,0.68,0.00,-1,-1,0.00
dag_819bfa9f377c43e3,sampler_c9217271,sampler,2392891,8204883.17,8460511.38,8460512.83,8462108.48,1,7,2,159.48,1594,1.594,0.159,344023722,34402372,656.17,0.79,0.00,-1,-1,0.00
dag_c4506bff0691461e,unet_denoise_a8343ed9,unet_denoise,411601,8205147.05,8462108.48,8462109.91,8465624.54,1,10,8,350.34,3503,3.503,0.350,2997931539,299793153,5718.10,0.49,0.00,-1,-1,0.00
dag_1b8611f4a71b4f21,unet_denoise_b1533a4d,unet_denoise,216800,8205607.16,8465624.54,8465625.97,8475193.60,1,6,0,955.60,9556,9.556,0.956,4427931396,442793139,8445.61,0.77,0.00,-1,-1,0.00
dag_7fcfd30e057e4720,unet_denoise_8b4340d4,unet_denoise,2402161,8205879.06,8475193.60,8475195.06,8478944.72,1,7,2,373.89,3738,3.738,0.374,2932312515,293231251,5592.94,0.91,0.00,-1,-1,0.00
dag_7aa23edc3f9b4d7f,unet_denoise_33d7ffe4,unet_denoise,663547,8206300.17,8478944.72,8478946.17,8485265.82,1,13,14,630.83,6308,6.308,0.631,3190511993,319051199,6085.42,0.72,0.00,-1,-1,0.00
dag_dffce61524874add,sampler_2be18a8d,sampler,1837456,8228006.68,8485265.82,8485267.27,8485948.91,1,9,6,67.05,670,0.670,0.067,537857981,53785798,1025.88,0.51,0.00,-1,-1,0.00
dag_2604b14cf4864967,sampler_0c3097ef,sampler,1597098,8242371.74,8485948.91,8485950.37,8486912.03,1,12,12,95.00,950,0.950,0.095,722759079,72275907,1378.55,0.56,0.00,-1,-1,0.00
dag_48ce7371571e408e,sampler_ab47b848,sampler,2443694,8244927.80,8486912.03,8487032.95,8487176.71,2,1000,16,19.92,199,0.199,0.020,331610306,33161030,632.50,0.74,0.00,-1,-1,0.00
dag_158e662ab43f41be,unet_denoise_a324ff11,unet_denoise,1879793,8246509.91,8487176.71,8487178.16,8511108.80,1,13,14,2391.97,23919,23.919,2.392,3936503438,393650343,7508.28,0.52,0.00,-1,-1,0.00
dag_b1b7f34a46354e06,unet_denoise_a544127d,unet_denoise,1601341,8246865.95,8511108.80,8511229.89,8511859.37,2,1000,16,505.50,5054,5.054,0.505,3283417559,328341755,6262.62,0.95,0.00,-1,-1,0.00
dag_df9fc3aa30db4ac6,unet_denoise_303799c5,unet_denoise,955731,8247518.01,8511859.37,8511860.80,8520907.43,1,11,10,903.58,9035,9.035,0.904,3019781156,301978115,5759.78,0.73,0.00,-1,-1,0.00
dag_58f9446bbd3d4230,sampler_c9764d4c,sampler,2508851,8256335.07,8520907.43,8520908.86,8521617.48,1,9,6,69.72,697,0.697,0.070,411099972,41109997,784.11,0.43,0.00,-1,-1,0.00
dag_72c99ec3b9a54445,unet_denoise_a3ed75db,unet_denoise,788640,8257185.16,8521617.48,8521618.94,8531675.60,1,13,14,1004.56,10045,10.045,1.005,3557836940,355783694,6786.04,0.81,0.00,-1,-1,0.00
dag_c662227e80b24669,unet_denoise_dafa9b99,unet_denoise,1635280,8257590.26,8531675.60,8531796.12,8532529.05,2,1000,16,609.66,6096,6.096,0.610,3065675893,306567589,5847.31,0.89,0.00,-1,-1,0.00
dag_301b8aa355cf41a5,sampler_aac019b0,sampler,1924705,8267417.32,8532529.05,8532649.74,8532837.29,2,1000,16,64.09,640,0.640,0.064,335298704,33529870,639.53,0.41,0.00,-1,-1,0.00
dag_7da0a6ba311a4a8d,unet_denoise_6d305a9f,unet_denoise,2557185,8267778.37,8532837.29,8532838.72,8537017.34,1,9,6,416.70,4167,4.167,0.417,2560667914,256066791,4884.09,0.47,0.00,-1,-1,0.00
dag_087a3e55add54b84,unet_denoise_1c3f68a5,unet_denoise,2579922,8268053.87,8537017.34,8537018.78,8541876.42,1,7,2,485.61,4856,4.856,0.486,3337536687,333753668,6365.85,0.80,0.00,-1,-1,0.00
dag_0a118d4db805487c,sampler_a7146ab2,sampler,2597180,8286183.91,8541876.42,8541997.11,8542216.46,2,1000,16,95.83,958,0.958,0.096,336242901,33624290,641.33,0.45,0.00,-1,-1,0.00
dag_bb8425b128964146,unet_denoise_822ae0ea,unet_denoise,2714901,8286602.94,8542216.46,8542217.91,8549560.57,1,8,4,733.14,7331,7.331,0.733,2453795248,245379524,4680.24,0.91,0.00,-1,-1,0.00
dag_99104302e6ae4866,unet_denoise_24798934,unet_denoise,2736704,8287083.03,8549560.57,8549562.03,8557072.69,1,13,14,749.90,7499,7.499,0.750,4013309025,401330902,7654.78,0.66,0.00,-1,-1,0.00
dag_3616f9eb4acd4cce,unet_denoise_7f322e2d,unet_denoise,2740620,8287378.52,8557072.69,8557074.15,8563147.81,1,7,2,606.21,6062,6.062,0.606,2649587095,264958709,5053.69,0.74,0.00,-1,-1,0.00
dag_4612b1ef61374610,unet_denoise_4702453d,unet_denoise,2746361,8288076.65,8563147.81,8563149.24,8573091.88,1,13,14,993.11,9931,9.931,0.993,2889514044,288951404,5511.31,0.93,0.00,-1,-1,0.00
dag_6751fb9a83ed408d,sampler_147220a3,sampler,1980673,8294614.70,8573091.88,8573093.30,8573516.91,1,13,14,41.25,412,0.412,0.041,369991058,36999105,705.70,0.94,0.00,-1,-1,0.00
dag_e7ccfd39016d4183,sampler_2550b637,sampler,2044685,8298495.76,8573516.91,8573518.35,8573786.99,1,9,6,25.79,257,0.257,0.026,263103602,26310360,501.83,0.57,0.00,-1,-1,0.00
dag_2672a5cdae594062,unet_denoise_2ea3bbd0,unet_denoise,2065622,8298863.82,8573786.99,8573788.45,8579229.11,1,10,8,543.00,5429,5.429,0.543,1846683602,184668360,3522.27,0.63,0.00,-1,-1,0.00
dag_daff787d847b4d66,unet_denoise_72f2ed40,unet_denoise,2871924,8299172.87,8579229.11,8579230.54,8583630.15,1,7,2,438.90,4388,4.388,0.439,3204998440,320499844,6113.05,0.44,0.00,-1,-1,0.00
dag_45623821bc4b48ca,unet_denoise_61cf2992,unet_denoise,2913489,8299597.92,8583630.15,8583750.94,8584472.52,2,1000,16,597.95,5979,5.979,0.598,2983230179,298323017,5690.06,0.48,0.00,-1,-1,0.00
dag_66fba26b7c8c4266,unet_denoise_063637cc,unet_denoise,2082853,8300447.05,8584472.52,8584473.96,8596675.60,1,7,2,1220.03,12200,12.200,1.220,2158392449,215839244,4116.81,0.71,0.00,-1,-1,0.00
dag_02c30d07c2df4f53,sampler_474d0d21,sampler,2094720,8311366.15,8596675.60,8596796.29,8596985.64,2,1000,16,65.84,658,0.658,0.066,524090637,52409063,999.62,0.46,0.00,-1,-1,0.00
dag_8240779e963a41fd,sampler_7b194532,sampler,2195145,8317206.20,8596985.64,8596987.07,8597471.70,1,13,14,47.34,473,0.473,0.047,507334932,50733493,967.66,0.48,0.00,-1,-1,0.00
dag_8a885e2c63a444bc,sampler_0e06d76b,sampler,1639359,8326100.24,8597471.70,8597473.15,8597995.79,1,12,12,51.11,511,0.511,0.051,735178306,73517830,1402.24,0.44,0.00,-1,-1,0.00
dag_046e5a04b57748db,sampler_4abb5e9d,sampler,2207056,8330930.29,8597995.79,8597997.23,8598425.87,1,8,4,41.78,417,0.417,0.042,543117251,54311725,1035.91,0.59,0.00,-1,-1,0.00
dag_288726b3084342ae,sampler_f677abcd,sampler,1475104,8336083.34,8598425.87,8598427.32,8598773.99,1,8,4,33.56,335,0.335,0.034,739808802,73980880,1411.07,0.65,0.00,-1,-1,0.00
dag_0e0ca4159e544e86,sampler_3d636f32,sampler,2944176,8345662.39,8598773.99,8598775.41,8599482.03,1,7,2,69.57,695,0.695,0.070,546038731,54603873,1041.49,0.82,0.00,-1,-1,0.00
dag_79b32ae1f64043d1,sampler_a0460063,sampler,1020281,8371139.50,8599482.03,8599483.46,8601056.10,1,11,10,157.19,1571,1.571,0.157,556415737,55641573,1061.28,0.61,0.00,-1,-1,0.00
dag_9c3a4b173dc84179,unet_denoise_558e249a,unet_denoise,1024634,8371624.59,8601056.10,8601057.55,8609631.21,1,10,8,856.29,8562,8.562,0.856,2640046319,264004631,5035.49,0.90,0.00,-1,-1,0.00
dag_c4fc9dded3924f0a,unet_denoise_5a0fc059,unet_denoise,832179,8371916.69,8609631.21,8609632.63,8615338.24,1,11,10,569.47,5694,5.694,0.569,2607513262,260751326,4973.44,0.62,0.00,-1,-1,0.00
dag_44a26dab89444865,sampler_fcfb3893,sampler,1234450,8377769.79,8615338.24,8615339.67,8615829.29,1,8,4,47.84,478,0.478,0.048,693992033,69399203,1323.68,0.45,0.00,-1,-1,0.00
dag_58e29ceb412c47dc,unet_denoise_f25496cf,unet_denoise,1045271,8378060.82,8615829.29,8615830.74,8620108.40,1,11,10,426.68,4266,4.266,0.427,4109514707,410951470,7838.28,0.70,0.00,-1,-1,0.00
dag_3ae1fe8af2dd4c57,sampler_f95c463e,sampler,1245010,8379463.83,8620108.40,8620109.83,8620825.47,1,8,4,70.46,704,0.704,0.070,271411056,27141105,517.68,0.48,0.00,-1,-1,0.00
dag_46cf51d5c3044117,unet_denoise_bc68ff2f,unet_denoise,3003208,8379856.88,8620825.47,8620826.90,8628396.53,1,12,12,755.81,7558,7.558,0.756,3843237177,384323717,7330.39,0.63,0.00,-1,-1,0.00
dag_46455272cbe54ec8,unet_denoise_789e6e6c,unet_denoise,2255434,8380637.95,8628396.53,8628397.98,8639143.62,1,11,10,1073.41,10734,10.734,1.073,1571390561,157139056,2997.19,0.90,0.00,-1,-1,0.00
dag_41ec2176cd454bc4,sampler_9655fd36,sampler,1518045,8386771.05,8639143.62,8639145.07,8639613.72,1,7,2,45.75,457,0.457,0.046,617460760,61746076,1177.71,0.93,0.00,-1,-1,0.00
dag_e0bf0b0c3c93417d,sampler_c0dad7dd,sampler,1521599,8391987.06,8651611.18,8651612.60,8651983.21,1,6,0,35.99,359,0.359,0.036,749683012,74968301,1429.91,0.71,0.00,-1,-1,0.00
dag_73f06810d4f94121,unet_denoise_34a0fb7c,unet_denoise,1048269,8392532.14,8651983.21,8651984.64,8659373.28,1,13,14,737.74,7377,7.377,0.738,3394910501,339491050,6475.28,0.88,0.00,-1,-1,0.00
dag_66afb2b173ef46b3,unet_denoise_5f0898e4,unet_denoise,1689059,8392775.18,8659373.28,8659374.70,8662670.32,1,7,2,328.50,3284,3.284,0.328,3847912723,384791272,7339.31,0.92,0.00,-1,-1,0.00
dag_acef7e389a114bcc,unet_denoise_3b71b770,unet_denoise,833139,8393117.28,8662670.32,8662791.07,8663413.01,2,1000,16,498.30,4983,4.983,0.498,3349971510,334997151,6389.56,0.49,0.00,-1,-1,0.00
dag_06313785c32c493a,sampler_80e54335,sampler,1253795,8397958.38,8663413.01,8663533.83,8663687.95,2,1000,16,30.43,304,0.304,0.030,477336390,47733639,910.45,0.41,0.00,-1,-1,0.00
dag_4223921a13d94f85,sampler_dfe1de4d,sampler,1528507,8408444.44,8663687.95,8663689.39,8664360.02,1,6,0,65.90,659,0.659,0.066,348588617,34858861,664.88,0.62,0.00,-1,-1,0.00
dag_6c49e8f33c75421e,sampler_a5c7a4c9,sampler,2304077,8417233.54,8664360.02,8664361.44,8664868.06,1,11,10,49.57,495,0.495,0.050,365892403,36589240,697.88,0.56,0.00,-1,-1,0.00
dag_e4d333c3eab5448d,sampler_e6eddea5,sampler,1697292,8421279.58,8664868.06,8664869.49,8665096.13,1,10,8,21.57,215,0.215,0.022,633565458,63356545,1208.43,0.71,0.00,-1,-1,0.00
dag_eb11baf7ee404c2f,sampler_66ef8b54,sampler,1530044,8421995.45,8665096.13,8665217.09,8665379.29,2,1000,16,38.38,383,0.383,0.038,450390393,45039039,859.05,0.68,0.00,-1,-1,0.00
dag_7eeaa25eb2024286,sampler_508c2344,sampler,846479,8422764.33,8665379.29,8665380.71,8665781.32,1,12,12,39.91,399,0.399,0.040,416580517,41658051,794.56,0.83,0.00,-1,-1,0.00
dag_628c617e7c804df0,sampler_2c615ea0,sampler,3058035,8427329.44,8665781.32,8665782.76,8666116.40,1,8,4,32.25,322,0.322,0.032,489885831,48988583,934.38,0.82,0.00,-1,-1,0.00
dag_a7af186451ff4870,unet_denoise_515e0e44,unet_denoise,1076091,8427800.49,8666116.40,8666117.83,8673548.46,1,13,14,741.96,7419,7.419,0.742,2669237885,266923788,5091.17,0.49,0.00,-1,-1,0.00
dag_c939c36c249f4616,sampler_a64b0b6c,sampler,852984,8431985.60,8673548.46,8673549.90,8673879.53,1,12,12,31.83,318,0.318,0.032,466933013,46693301,890.60,0.73,0.00,-1,-1,0.00
dag_475955bb70184b83,sampler_85c7789e,sampler,877914,8439403.65,8673879.53,8673880.97,8674357.60,1,12,12,46.56,465,0.465,0.047,439091449,43909144,837.50,0.78,0.00,-1,-1,0.00
dag_3d98a7542f9e4c06,sampler_aaab6a2a,sampler,665144,8445904.75,8674357.60,8674359.04,8674835.68,1,7,2,46.58,465,0.465,0.047,499545539,49954553,952.81,0.84,0.00,-1,-1,0.00
dag_460c3a8ec45a455a,unet_denoise_30268022,unet_denoise,3071505,8446219.52,8674835.68,8674956.07,8676233.28,2,1000,16,1154.06,11540,11.540,1.154,2421282836,242128283,4618.23,0.93,0.00,-1,-1,0.00
dag_12e6b55766fb4483,unet_denoise_3d3093e9,unet_denoise,1397302,8446749.58,8676233.28,8676234.73,8684193.39,1,7,2,794.73,7947,7.947,0.795,3651496710,365149671,6964.68,0.68,0.00,-1,-1,0.00
dag_0605d9f01775453c,unet_denoise_ec31806d,unet_denoise,638666,8447315.67,8684193.39,8684194.85,8693333.50,1,10,8,912.73,9127,9.127,0.913,4288598544,428859854,8179.85,0.80,0.00,-1,-1,0.00
dag_52fb11ac19314df7,sampler_90218426,sampler,3088750,8453886.79,8693333.50,8693454.29,8693630.47,2,1000,16,52.60,525,0.525,0.053,438399421,43839942,836.18,0.91,0.00,-1,-1,0.00
dag_26efd09e7e754609,unet_denoise_d4c293c1,unet_denoise,421232,8454377.84,8693630.47,8693631.93,8700322.58,1,7,2,667.91,6679,6.679,0.668,2952099196,295209919,5630.68,0.43,0.00,-1,-1,0.00
dag_1f52bd4c90834fa8,unet_denoise_766d5d3e,unet_denoise,360567,8454661.94,8700322.58,8700324.04,8704069.70,1,11,10,373.42,3734,3.734,0.373,3300647025,330064702,6295.48,0.82,0.00,-1,-1,0.00
dag_53ac1a8f51e34e5c,unet_denoise_482eb517,unet_denoise,1745860,8455031.06,8704069.70,8704071.13,8709766.77,1,9,6,568.44,5684,5.684,0.568,3016306367,301630636,5753.15,0.49,0.00,-1,-1,0.00
dag_38ec206859024673,unet_denoise_5537b397,unet_denoise,364301,8455350.39,8709766.77,8709768.22,8720670.88,1,9,6,1089.13,10891,10.891,1.089,2624128070,262412807,5005.13,0.52,0.00,-1,-1,0.00
dag_1f23f3a4c41b4836,unet_denoise_338a5d97,unet_denoise,290674,8455700.51,8720670.88,8720791.47,8721369.29,2,1000,16,454.44,4544,4.544,0.454,2442141715,244214171,4658.02,0.58,0.00,-1,-1,0.00
dag_5d27d0b9ef574f30,unet_denoise_3b4ee847,unet_denoise,445937,8456005.74,8721369.29,8721489.65,8722386.58,2,1000,16,773.81,7738,7.738,0.774,2136790674,213679067,4075.60,0.92,0.00,-1,-1,0.00
dag_1225345267d447cc,unet_denoise_275b8196,unet_denoise,3131479,8456508.84,8722386.58,8722388.01,8729709.63,1,7,2,731.03,7310,7.310,0.731,3585118271,358511827,6838.07,0.70,0.00,-1,-1,0.00
dag_bea8b8165f864dbb,unet_denoise_18c0a049,unet_denoise,1776489,8457111.90,8729709.63,8729711.06,8738708.69,1,6,0,898.64,8986,8.986,0.899,3369585386,336958538,6426.97,0.51,0.00,-1,-1,0.00
dag_ad36e74386b9411c,unet_denoise_8a47ca1b,unet_denoise,311979,8457248.00,8738708.69,8738710.14,8740373.80,1,11,10,165.23,1652,1.652,0.165,2686470051,268647005,5124.03,0.50,0.00,-1,-1,0.00
dag_2ef9fa6af23a4570,unet_denoise_d491a6f2,unet_denoise,531091,8457841.12,8740373.80,8740375.23,8748576.86,1,13,14,819.01,8190,8.190,0.819,3995447405,399544740,7620.71,0.79,0.00,-1,-1,0.00
dag_a4eb8e47d4f34c31,unet_denoise_ad301370,unet_denoise,1812352,8458183.16,8748576.86,8748578.29,8753687.92,1,7,2,509.85,5098,5.098,0.510,2763767720,276376772,5271.47,0.92,0.00,-1,-1,0.00
dag_959798270e604592,unet_denoise_162b673e,unet_denoise,3166836,8458521.22,8753687.92,8753689.35,8758953.98,1,12,12,525.34,5253,5.253,0.525,2820492633,282049263,5379.66,0.47,0.00,-1,-1,0.00
dag_63efbf42a747449f,unet_denoise_9b29babd,unet_denoise,3173288,8459192.26,8758953.98,8758955.41,8768259.04,1,8,4,929.20,9292,9.292,0.929,4371169434,437116943,8337.34,0.44,0.00,-1,-1,0.00
dag_475c47767ca54a4b,unet_denoise_cdc7dd47,unet_denoise,239931,8460511.38,8768259.04,8768260.47,8787930.09,1,13,14,1965.85,19658,19.658,1.966,3083598969,308359896,5881.50,0.89,0.00,-1,-1,0.00
dag_819bfa9f377c43e3,unet_denoise_fdd3e078,unet_denoise,2392891,8462108.48,8787930.09,8787931.54,8808509.19,1,11,10,2056.63,20566,20.566,2.057,2974968725,297496872,5674.30,0.77,0.00,-1,-1,0.00
dag_c4506bff0691461e,sampler_18e2f229,sampler,411601,8465624.54,8808509.19,8808510.62,8808720.23,1,8,4,19.83,198,0.198,0.020,573537406,57353740,1093.94,0.52,0.00,-1,-1,0.00
dag_1b8611f4a71b4f21,sampler_cd8d8a72,sampler,216800,8475193.60,8808720.23,8808721.69,8809358.35,1,7,2,62.60,625,0.625,0.063,330393274,33039327,630.18,0.79,0.00,-1,-1,0.00
dag_7fcfd30e057e4720,sampler_f38a0e7d,sampler,2402161,8478944.72,8809358.35,8809359.81,8809648.47,1,6,0,28.76,287,0.287,0.029,620083044,62008304,1182.71,0.49,0.00,-1,-1,0.00
dag_7aa23edc3f9b4d7f,sampler_bd9f7141,sampler,663547,8485265.82,8809648.47,8809768.93,8809929.18,2,1000,16,37.02,370,0.370,0.037,515972490,51597249,984.14,0.81,0.00,-1,-1,0.00
dag_dffce61524874add,unet_denoise_c9b72bf5,unet_denoise,1837456,8485948.91,8809929.18,8809930.60,8819179.22,1,8,4,923.78,9237,9.237,0.924,3092544386,309254438,5898.56,0.93,0.00,-1,-1,0.00
dag_2604b14cf4864967,unet_denoise_7d56ce8e,unet_denoise,1597098,8486912.03,8819179.22,8819180.68,8831551.33,1,12,12,1235.97,12359,12.359,1.236,3018348382,301834838,5757.04,0.80,0.00,-1,-1,0.00
dag_48ce7371571e408e,unet_denoise_a43fb85b,unet_denoise,2443694,8487176.71,8831551.33,8831552.76,8834943.39,1,10,8,337.93,3379,3.379,0.338,2056897697,205689769,3923.22,0.74,0.00,-1,-1,0.00
dag_158e662ab43f41be,sampler_0755be62,sampler,1879793,8511108.80,8834943.39,8834944.81,8836065.43,1,13,14,111.93,1119,1.119,0.112,281436687,28143668,536.80,0.50,0.00,-1,-1,0.00
dag_b1b7f34a46354e06,sampler_95c8e0a4,sampler,1601341,8511859.37,8836065.43,8836066.87,8836457.49,1,6,0,37.97,379,0.379,0.038,529454919,52945491,1009.86,0.50,0.00,-1,-1,0.00
dag_df9fc3aa30db4ac6,sampler_4db4d94b,sampler,955731,8520907.43,8836457.49,8836458.95,8836976.61,1,11,10,50.66,506,0.506,0.051,726574141,72657414,1385.83,0.76,0.00,-1,-1,0.00
dag_58f9446bbd3d4230,unet_denoise_1bc63801,unet_denoise,2508851,8521617.48,8836976.61,8836978.07,8848975.73,1,10,8,1198.66,11986,11.986,1.199,2551789012,255178901,4867.15,0.90,0.00,-1,-1,0.00
dag_72c99ec3b9a54445,sampler_9ca7a4ec,sampler,788640,8531675.60,8848975.73,8848977.16,8849750.78,1,13,14,76.24,762,0.762,0.076,685845203,68584520,1308.15,0.82,0.00,-1,-1,0.00
dag_c662227e80b24669,sampler_5d3bf4fe,sampler,1635280,8532529.05,8849750.78,8849871.74,8850034.94,2,1000,16,39.33,393,0.393,0.039,670081436,67008143,1278.08,0.86,0.00,-1,-1,0.00
dag_301b8aa355cf41a5,unet_denoise_b1907452,unet_denoise,1924705,8532837.29,8850034.94,8850036.39,8859713.05,1,8,4,966.53,9665,9.665,0.967,3593209166,359320916,6853.50,0.82,0.00,-1,-1,0.00
dag_7da0a6ba311a4a8d,sampler_f8c63441,sampler,2557185,8537017.34,8859713.05,8859714.50,8860087.15,1,12,12,36.17,361,0.361,0.036,823376672,82337667,1570.47,0.50,0.00,-1,-1,0.00
dag_087a3e55add54b84,sampler_b19285c0,sampler,2579922,8541876.42,8860087.15,8860088.58,8860410.20,1,13,14,31.03,310,0.310,0.031,234166307,23416630,446.64,0.69,0.00,-1,-1,0.00
dag_0a118d4db805487c,unet_denoise_9578b0ea,unet_denoise,2597180,8542216.46,8860410.20,8860411.65,8874614.31,1,10,8,1419.12,14191,14.191,1.419,2182316842,218231684,4162.44,0.71,0.00,-1,-1,0.00
dag_bb8425b128964146,sampler_fbcc7a37,sampler,2714901,8549560.57,8874614.31,8874615.76,8875132.41,1,12,12,50.58,505,0.505,0.051,292374272,29237427,557.66,0.95,0.00,-1,-1,0.00
dag_99104302e6ae4866,sampler_27afdafd,sampler,2736704,8557072.69,8875132.41,8875133.83,8875603.46,1,6,0,45.83,458,0.458,0.046,317582954,31758295,605.74,0.58,0.00,-1,-1,0.00
dag_3616f9eb4acd4cce,sampler_07155730,sampler,2740620,8563147.81,8875603.46,8875604.88,8876143.50,1,7,2,52.73,527,0.527,0.053,605823343,60582334,1155.52,0.91,0.00,-1,-1,0.00
dag_4612b1ef61374610,sampler_38a45a2d,sampler,2746361,8573091.88,8876143.50,8876144.95,8876800.60,1,10,8,64.50,644,0.644,0.064,394536303,39453630,752.52,0.52,0.00,-1,-1,0.00
dag_6751fb9a83ed408d,unet_denoise_1f17e553,unet_denoise,1980673,8573516.91,8876800.60,8876802.05,8883010.70,1,13,14,619.77,6197,6.197,0.620,5093132478,509313247,9714.38,0.94,0.00,-1,-1,0.00
dag_e7ccfd39016d4183,unet_denoise_ae858c2c,unet_denoise,2044685,8573786.99,8883010.70,8883012.15,8886656.80,1,12,12,363.40,3633,3.633,0.363,3562628922,356262892,6795.18,0.77,0.00,-1,-1,0.00
dag_2672a5cdae594062,sampler_761a8a28,sampler,2065622,8579229.11,8886656.80,8886658.25,8887061.91,1,12,12,39.26,392,0.392,0.039,784629912,78462991,1496.56,0.81,0.00,-1,-1,0.00
dag_daff787d847b4d66,sampler_9ca84dd2,sampler,2871924,8583630.15,8887061.91,8887182.53,8887335.89,2,1000,16,29.92,299,0.299,0.030,238352408,23835240,454.62,0.91,0.00,-1,-1,0.00
dag_45623821bc4b48ca,sampler_25e4d00f,sampler,2913489,8584472.52,8887335.89,8887337.31,8887754.93,1,11,10,40.68,406,0.406,0.041,484386304,48438630,923.89,0.52,0.00,-1,-1,0.00
dag_66fba26b7c8c4266,sampler_f03b89a1,sampler,2082853,8596675.60,8887754.93,8887875.55,8888069.81,2,1000,16,70.82,708,0.708,0.071,606900766,60690076,1157.57,0.43,0.00,-1,-1,0.00
dag_02c30d07c2df4f53,unet_denoise_ca44b096,unet_denoise,2094720,8596985.64,8888069.81,8888071.26,8897510.91,1,13,14,942.88,9428,9.428,0.943,2263486764,226348676,4317.26,0.64,0.00,-1,-1,0.00
dag_8240779e963a41fd,unet_denoise_51c3f9ec,unet_denoise,2195145,8597471.70,8897510.91,8897631.97,8898399.40,2,1000,16,643.41,6434,6.434,0.643,3597475355,359747535,6861.64,0.56,0.00,-1,-1,0.00
dag_8a885e2c63a444bc,unet_denoise_30699cd4,unet_denoise,1639359,8597995.79,8898399.40,8898400.84,8907704.47,1,12,12,929.30,9292,9.292,0.929,2264545722,226454572,4319.28,0.83,0.00,-1,-1,0.00
dag_046e5a04b57748db,unet_denoise_7d65399c,unet_denoise,2207056,8598425.87,8907704.47,8907705.90,8913171.52,1,6,0,545.45,5454,5.454,0.545,2864709879,286470987,5464.00,0.81,0.00,-1,-1,0.00
dag_0e0ca4159e544e86,unet_denoise_d8bb7f2e,unet_denoise,2944176,8599482.03,8918080.97,8918082.43,8928012.08,1,8,4,991.80,9918,9.918,0.992,3179033440,317903344,6063.53,0.45,0.00,-1,-1,0.00
dag_79b32ae1f64043d1,unet_denoise_f6b92548,unet_denoise,1020281,8601056.10,8928012.08,8928013.50,8947259.11,1,8,4,1923.45,19234,19.234,1.923,2125266245,212526624,4053.62,0.63,0.00,-1,-1,0.00
dag_9c3a4b173dc84179,sampler_5cc2c53e,sampler,1024634,8609631.21,8947259.11,8947260.56,8947713.22,1,8,4,44.17,441,0.441,0.044,621562452,62156245,1185.54,0.53,0.00,-1,-1,0.00
dag_c4fc9dded3924f0a,sampler_cf6baf50,sampler,832179,8615338.24,8947713.22,8947714.65,8948041.28,1,11,10,31.59,315,0.315,0.032,432238129,43223812,824.43,0.74,0.00,-1,-1,0.00
dag_44a26dab89444865,unet_denoise_7e937939,unet_denoise,1234450,8615829.29,8948041.28,8948042.73,8954482.38,1,12,12,642.83,6428,6.428,0.643,2385660080,238566008,4550.29,0.84,0.00,-1,-1,0.00
dag_58e29ceb412c47dc,sampler_ec5467cb,sampler,1045271,8620108.40,8954482.38,8954483.83,8954769.48,1,12,12,27.48,274,0.274,0.027,386341179,38634117,736.89,0.79,0.00,-1,-1,0.00
dag_3ae1fe8af2dd4c57,unet_denoise_0989c9d3,unet_denoise,1245010,8620825.47,8954769.48,8954770.93,8965851.58,1,7,2,1107.98,11079,11.079,1.108,2314344028,231434402,4414.26,0.46,0.00,-1,-1,0.00
dag_46cf51d5c3044117,sampler_b9a13a0e,sampler,3003208,8628396.53,8965851.58,8965972.17,8966138.99,2,1000,16,43.41,434,0.434,0.043,608187456,60818745,1160.03,0.74,0.00,-1,-1,0.00
dag_46455272cbe54ec8,sampler_af0ec914,sampler,2255434,8639143.62,8966138.99,8966140.42,8966867.05,1,11,10,71.59,715,0.715,0.072,468974509,46897450,894.50,0.50,0.00,-1,-1,0.00
dag_41ec2176cd454bc4,unet_denoise_f5b3264b,unet_denoise,1518045,8639613.72,8966867.05,8966868.48,8975176.11,1,12,12,829.66,8296,8.296,0.830,3101376351,310137635,5915.41,0.62,0.00,-1,-1,0.00
dag_e0bf0b0c3c93417d,unet_denoise_a2c2fbed,unet_denoise,1521599,8651983.21,8975176.11,8975177.54,8980712.17,1,11,10,552.38,5523,5.523,0.552,3516154627,351615462,6706.53,0.45,0.00,-1,-1,0.00
dag_73f06810d4f94121,sampler_2a738bc6,sampler,1048269,8659373.28,8980712.17,8980833.16,8981003.50,2,1000,16,46.45,464,0.464,0.046,679335886,67933588,1295.73,0.69,0.00,-1,-1,0.00
dag_66afb2b173ef46b3,sampler_b7c319b5,sampler,1689059,8662670.32,8981003.50,8981004.96,8981296.61,1,8,4,28.08,280,0.280,0.028,604063310,60406331,1152.16,0.86,0.00,-1,-1,0.00
dag_acef7e389a114bcc,sampler_a162b2c2,sampler,833139,8663413.01,8981296.61,8981417.26,8981575.97,2,1000,16,35.27,352,0.352,0.035,604942922,60494292,1153.84,0.76,0.00,-1,-1,0.00
dag_06313785c32c493a,unet_denoise_3ffa3d7f,unet_denoise,1253795,8663687.95,8981575.97,8981577.39,8986074.01,1,13,14,448.53,4485,4.485,0.449,3037004287,303700428,5792.63,0.72,0.00,-1,-1,0.00
dag_4223921a13d94f85,unet_denoise_7fa7a1e8,unet_denoise,1528507,8664360.02,8986074.01,8986075.44,8995880.06,1,12,12,979.31,9793,9.793,0.979,3158838268,315883826,6025.01,0.47,0.00,-1,-1,0.00
dag_6c49e8f33c75421e,unet_denoise_e37170fd,unet_denoise,2304077,8664868.06,8995880.06,8995881.51,9003881.16,1,12,12,798.80,7988,7.988,0.799,2005823659,200582365,3825.81,0.75,0.00,-1,-1,0.00
dag_e4d333c3eab5448d,unet_denoise_0285cae2,unet_denoise,1697292,8665096.13,9003881.16,9003882.61,9007655.26,1,10,8,376.17,3761,3.761,0.376,3960623173,396062317,7554.29,0.87,0.00,-1,-1,0.00
dag_eb11baf7ee404c2f,unet_denoise_83dfdc49,unet_denoise,1530044,8665379.29,9007655.26,9007656.71,9012615.36,1,8,4,494.75,4947,4.947,0.495,3254263642,325426364,6207.02,0.62,0.00,-1,-1,0.00
dag_7eeaa25eb2024286,unet_denoise_18ae0982,unet_denoise,846479,8665781.32,9012615.36,9012616.79,9018156.42,1,8,4,552.89,5528,5.528,0.553,3483378877,348337887,6644.02,0.55,0.00,-1,-1,0.00
dag_628c617e7c804df0,unet_denoise_af89e9c3,unet_denoise,3058035,8666116.40,9018156.42,9018157.85,9022761.47,1,10,8,459.26,4592,4.592,0.459,2281383009,228138300,4351.39,0.42,0.00,-1,-1,0.00
dag_a7af186451ff4870,sampler_9e785f3d,sampler,1076091,8673548.46,9022761.47,9022762.90,9023309.52,1,6,0,53.55,535,0.535,0.054,481474892,48147489,918.34,0.41,0.00,-1,-1,0.00
dag_c939c36c249f4616,unet_denoise_fee6bc6e,unet_denoise,852984,8673879.53,9023309.52,9023310.95,9027905.57,1,12,12,459.33,4593,4.593,0.459,3393760745,339376074,6473.08,0.64,0.00,-1,-1,0.00
dag_475955bb70184b83,unet_denoise_4cadeaf1,unet_denoise,877914,8674357.60,9027905.57,9027907.02,9036025.67,1,12,12,810.76,8107,8.107,0.811,2567871838,256787183,4897.83,0.47,0.00,-1,-1,0.00
dag_3d98a7542f9e4c06,unet_denoise_b27050b3,unet_denoise,665144,8674835.68,9036025.67,9036027.10,9043679.73,1,7,2,764.19,7641,7.641,0.764,2134458386,213445838,4071.16,0.63,0.00,-1,-1,0.00
dag_460c3a8ec45a455a,sampler_1dab30ad,sampler,3071505,8676233.28,9043679.73,9043800.72,9043993.56,2,1000,16,68.99,689,0.689,0.069,736997018,73699701,1405.71,0.53,0.00,-1,-1,0.00
dag_12e6b55766fb4483,sampler_65c35769,sampler,1397302,8684193.39,9043993.56,9043995.00,9044478.62,1,10,8,48.21,482,0.482,0.048,295359666,29535966,563.35,0.71,0.00,-1,-1,0.00
dag_0605d9f01775453c,sampler_d9f31923,sampler,638666,8693333.50,9044478.62,9044480.08,9045110.73,1,12,12,61.97,619,0.619,0.062,594076159,59407615,1133.11,0.43,0.00,-1,-1,0.00
dag_52fb11ac19314df7,unet_denoise_f4c2c99c,unet_denoise,3088750,8693630.47,9045110.73,9045112.16,9051405.78,1,7,2,628.25,6282,6.282,0.628,3658969789,365896978,6978.93,0.41,0.00,-1,-1,0.00
dag_26efd09e7e754609,sampler_e5590e8f,sampler,421232,8700322.58,9051405.78,9051407.23,9051867.88,1,12,12,44.91,449,0.449,0.045,507761933,50776193,968.48,0.41,0.00,-1,-1,0.00
dag_1f52bd4c90834fa8,sampler_64dd6105,sampler,360567,8704069.70,9051867.88,9051869.32,9052177.95,1,9,6,29.72,297,0.297,0.030,526190688,52619068,1003.63,0.80,0.00,-1,-1,0.00
dag_53ac1a8f51e34e5c,sampler_1f729360,sampler,1745860,8709766.77,9052177.95,9052179.37,9052570.99,1,8,4,38.02,380,0.380,0.038,344345581,34434558,656.79,0.85,0.00,-1,-1,0.00
dag_38ec206859024673,sampler_21bed0e4,sampler,364301,8720670.88,9052570.99,9052572.44,9053249.09,1,13,14,66.58,665,0.665,0.067,423660927,42366092,808.07,0.40,0.00,-1,-1,0.00
dag_1f23f3a4c41b4836,sampler_c9a075a6,sampler,290674,8721369.29,9053249.09,9053250.52,9053588.15,1,6,0,32.67,326,0.326,0.033,555986538,55598653,1060.46,0.67,0.00,-1,-1,0.00
dag_5d27d0b9ef574f30,sampler_beaa6351,sampler,445937,8722386.58,9053588.15,9053589.60,9054126.25,1,12,12,52.55,525,0.525,0.053,793172285,79317228,1512.86,0.86,0.00,-1,-1,0.00
dag_1225345267d447cc,sampler_5c49c53b,sampler,3131479,8729709.63,9054126.25,9054246.88,9054424.64,2,1000,16,54.38,543,0.543,0.054,601459265,60145926,1147.19,0.48,0.00,-1,-1,0.00
dag_bea8b8165f864dbb,sampler_849b2bd3,sampler,1776489,8738708.69,9054424.64,9054426.09,9054958.74,1,11,10,52.18,521,0.521,0.052,674693510,67469351,1286.88,0.84,0.00,-1,-1,0.00
dag_ad36e74386b9411c,sampler_d11b9490,sampler,311979,8740373.80,9054958.74,9054960.17,9055093.80,1,10,8,12.25,122,0.122,0.012,704286241,70428624,1343.32,0.62,0.00,-1,-1,0.00
dag_2ef9fa6af23a4570,sampler_8eb3a1ba,sampler,531091,8748576.86,9055093.80,9055095.22,9055675.85,1,8,4,57.00,569,0.569,0.057,539766804,53976680,1029.52,0.79,0.00,-1,-1,0.00
dag_a4eb8e47d4f34c31,sampler_d340db9d,sampler,1812352,8753687.92,9055675.85,9055677.30,9056040.95,1,12,12,35.24,352,0.352,0.035,555042529,55504252,1058.66,0.68,0.00,-1,-1,0.00
dag_959798270e604592,sampler_624bd612,sampler,3166836,8758953.98,9056040.95,9056042.38,9056396.00,1,6,0,34.26,342,0.342,0.034,541474345,54147434,1032.78,0.65,0.00,-1,-1,0.00
dag_63efbf42a747449f,sampler_00faf2b6,sampler,3173288,8768259.04,9056396.00,9056397.46,9056977.11,1,13,14,56.88,568,0.568,0.057,573241748,57324174,1093.37,0.79,0.00,-1,-1,0.00
dag_475c47767ca54a4b,sampler_83d42be2,sampler,239931,8787930.09,9056977.11,9056978.53,9058191.15,1,7,2,120.18,1201,1.201,0.120,599605576,59960557,1143.66,0.41,0.00,-1,-1,0.00
dag_819bfa9f377c43e3,sampler_af492e13,sampler,2392891,8808509.19,9058191.15,9058192.60,9060073.25,1,13,14,186.97,1869,1.869,0.187,321840023,32184002,613.86,0.54,0.00,-1,-1,0.00
dag_c4506bff0691461e,unet_denoise_1ceef41d,unet_denoise,411601,8808720.23,9060073.25,9060074.71,9063848.36,1,9,6,376.28,3762,3.762,0.376,3112274881,311227488,5936.19,0.59,0.00,-1,-1,0.00
dag_1b8611f4a71b4f21,unet_denoise_28e6a1b0,unet_denoise,216800,8809358.35,9063848.36,9063849.81,9071930.46,1,6,0,807.00,8069,8.069,0.807,2922406882,292240688,5574.05,0.53,0.00,-1,-1,0.00
dag_7fcfd30e057e4720,unet_denoise_081d8e27,unet_denoise,2402161,8809648.47,9071930.46,9071931.92,9075819.57,1,6,0,387.63,3876,3.876,0.388,2568863312,256886331,4899.72,0.41,0.00,-1,-1,0.00
dag_7aa23edc3f9b4d7f,unet_denoise_5cfd113d,unet_denoise,663547,8809929.18,9075819.57,9075940.56,9076693.80,2,1000,16,629.35,6293,6.293,0.629,3544931014,354493101,6761.42,0.89,0.00,-1,-1,0.00
dag_dffce61524874add,sampler_c7d0e601,sampler,1837456,8819179.22,9076693.80,9076695.26,9077294.91,1,8,4,58.87,588,0.588,0.059,566931474,56693147,1081.34,0.93,0.00,-1,-1,0.00
dag_2604b14cf4864967,sampler_fb40078a,sampler,1597098,8831551.33,9077294.91,9077296.34,9078134.97,1,6,0,82.78,827,0.827,0.083,599378422,59937842,1143.22,0.69,0.00,-1,-1,0.00
dag_48ce7371571e408e,sampler_4548c27c,sampler,2443694,8834943.39,9078134.97,9078136.40,9078347.03,1,11,10,19.98,199,0.199,0.020,490696615,49069661,935.93,0.74,0.00,-1,-1,0.00
dag_158e662ab43f41be,unet_denoise_e43de2a6,unet_denoise,1879793,8836065.43,9078347.03,9078348.48,9102640.13,1,6,0,2428.01,24280,24.280,2.428,2543426355,254342635,4851.20,0.43,0.00,-1,-1,0.00
dag_b1b7f34a46354e06,unet_denoise_91daf23b,unet_denoise,1601341,8836457.49,9102640.13,9102641.56,9107653.19,1,6,0,500.07,5000,5.000,0.500,3464011408,346401140,6607.08,0.73,0.00,-1,-1,0.00
dag_df9fc3aa30db4ac6,unet_denoise_bb1b96ee,unet_denoise,955731,8836976.61,9107653.19,9107773.85,9108966.15,2,1000,16,1068.81,10688,10.688,1.069,3426226443,342622644,6535.01,0.40,0.00,-1,-1,0.00
dag_58f9446bbd3d4230,sampler_4482bdd0,sampler,2508851,8848975.73,9108966.15,9109086.71,9109276.69,2,1000,16,66.69,666,0.666,0.067,367850486,36785048,701.62,0.50,0.00,-1,-1,0.00
dag_72c99ec3b9a54445,unet_denoise_dcbe5f8e,unet_denoise,788640,8849750.78,9109276.69,9109278.12,9119592.75,1,11,10,1031.38,10313,10.313,1.031,3423484863,342348486,6529.78,0.63,0.00,-1,-1,0.00
dag_c662227e80b24669,unet_denoise_4f3c98f1,unet_denoise,1635280,8850034.94,9119592.75,9119594.20,9125105.86,1,6,0,551.05,5510,5.510,0.551,3009737110,300973711,5740.62,0.92,0.00,-1,-1,0.00
dag_301b8aa355cf41a5,sampler_82a7c10c,sampler,1924705,8859713.05,9125105.86,9125226.45,9125410.57,2,1000,16,60.78,607,0.607,0.061,729867785,72986778,1392.11,0.53,0.00,-1,-1,0.00
dag_7da0a6ba311a4a8d,unet_denoise_21e95da8,unet_denoise,2557185,8860087.15,9125410.57,9125412.02,9129978.67,1,6,0,456.57,4565,4.565,0.457,2324497000,232449700,4433.63,0.56,0.00,-1,-1,0.00
dag_087a3e55add54b84,unet_denoise_077c2704,unet_denoise,2579922,8860410.20,9129978.67,9129980.12,9135569.78,1,10,8,557.85,5578,5.578,0.558,3789572805,378957280,7228.04,0.43,0.00,-1,-1,0.00
dag_0a118d4db805487c,sampler_c45521fe,sampler,2597180,8874614.31,9135569.78,9135690.81,9135916.89,2,1000,16,102.14,1021,1.021,0.102,404034651,40403465,770.63,0.54,0.00,-1,-1,0.00
dag_bb8425b128964146,unet_denoise_6b078472,unet_denoise,2714901,8875132.41,9135916.89,9135918.35,9144247.00,1,6,0,831.75,8317,8.317,0.832,3427036151,342703615,6536.55,0.41,0.00,-1,-1,0.00
dag_99104302e6ae4866,unet_denoise_01a53c05,unet_denoise,2736704,8875603.46,9144247.00,9144248.45,9151029.10,1,11,10,676.96,6769,6.769,0.677,2915723783,291572378,5561.30,0.64,0.00,-1,-1,0.00
dag_3616f9eb4acd4cce,unet_denoise_1fa9952f,unet_denoise,2740620,8876143.50,9151029.10,9151149.69,9151930.61,2,1000,16,657.55,6575,6.575,0.658,2422339631,242233963,4620.25,0.92,0.00,-1,-1,0.00
dag_4612b1ef61374610,unet_denoise_b28f7ab4,unet_denoise,2746361,8876800.60,9151930.61,9151932.03,9161189.65,1,7,2,924.66,9246,9.246,0.925,3796311759,379631175,7240.89,0.56,0.00,-1,-1,0.00
dag_6751fb9a83ed408d,sampler_24ecea27,sampler,1980673,8883010.70,9161189.65,9161191.08,9161720.72,1,9,6,51.83,518,0.518,0.052,664474167,66447416,1267.38,0.66,0.00,-1,-1,0.00
dag_e7ccfd39016d4183,sampler_514b5ffc,sampler,2044685,8886656.80,9161720.72,9161722.14,9161982.76,1,8,4,24.96,249,0.249,0.025,591557467,59155746,1128.31,0.57,0.00,-1,-1,0.00
dag_2672a5cdae594062,unet_denoise_b07b01d7,unet_denoise,2065622,8887061.91,9161982.76,9161984.19,9167149.83,1,10,8,515.45,5154,5.154,0.515,3702077115,370207711,7061.15,0.48,0.00,-1,-1,0.00
dag_daff787d847b4d66,unet_denoise_c8bfb27b,unet_denoise,2871924,8887335.89,9167149.83,9167151.25,9171004.86,1,12,12,384.24,3842,3.842,0.384,4142040999,414204099,7900.32,0.51,0.00,-1,-1,0.00
dag_45623821bc4b48ca,unet_denoise_a853c292,unet_denoise,2913489,8887754.93,9171004.86,9171125.42,9171779.00,2,1000,16,530.22,5302,5.302,0.530,2513998040,251399804,4795.07,0.68,0.00,-1,-1,0.00
dag_02c30d07c2df4f53,sampler_30ab58e1,sampler,2094720,8897510.91,9180811.45,9180932.01,9181114.29,2,1000,16,58.94,589,0.589,0.059,522380472,52238047,996.36,0.42,0.00,-1,-1,0.00
dag_8240779e963a41fd,sampler_1d12ac0e,sampler,2195145,8898399.40,9181114.29,9181115.74,9181465.40,1,9,6,33.87,338,0.338,0.034,526521646,52652164,1004.26,0.64,0.00,-1,-1,0.00
dag_8a885e2c63a444bc,sampler_b0714a95,sampler,1639359,8907704.47,9181465.40,9181466.82,9181990.45,1,9,6,51.23,512,0.512,0.051,490434717,49043471,935.43,0.85,0.00,-1,-1,0.00
dag_046e5a04b57748db,sampler_8630221f,sampler,2207056,8913171.52,9181990.45,9181991.88,9182471.50,1,10,8,46.87,468,0.468,0.047,321032732,32103273,612.32,0.93,0.00,-1,-1,0.00
dag_0e0ca4159e544e86,sampler_c3395ea7,sampler,2944176,8928012.08,9182471.50,9182592.22,9182781.51,2,1000,16,65.78,657,0.657,0.066,456754552,45675455,871.19,0.58,0.00,-1,-1,0.00
dag_79b32ae1f64043d1,sampler_a05bb9ed,sampler,1020281,8947259.11,9182781.51,9182782.95,9184245.57,1,9,6,145.19,1451,1.451,0.145,583159052,58315905,1112.29,0.71,0.00,-1,-1,0.00
dag_9c3a4b173dc84179,unet_denoise_316f0f05,unet_denoise,1024634,8947713.22,9184245.57,9184247.02,9191911.68,1,8,4,765.40,7653,7.653,0.765,2658077384,265807738,5069.88,0.83,0.00,-1,-1,0.00
dag_c4fc9dded3924f0a,unet_denoise_5b201ccf,unet_denoise,832179,8948041.28,9191911.68,9191913.13,9197632.80,1,7,2,571.81,5718,5.718,0.572,1866081630,186608163,3559.27,0.76,0.00,-1,-1,0.00
dag_44a26dab89444865,sampler_dc6a03e0,sampler,1234450,8954482.38,9197632.80,9197634.22,9198071.84,1,8,4,42.67,426,0.426,0.043,485763259,48576325,926.52,0.59,0.00,-1,-1,0.00
dag_58e29ceb412c47dc,unet_denoise_32cca3f9,unet_denoise,1045271,8954769.48,9198071.84,9198073.30,9202014.96,1,7,2,394.08,3940,3.940,0.394,3279926013,327992601,6255.96,0.83,0.00,-1,-1,0.00
dag_3ae1fe8af2dd4c57,sampler_d85888ef,sampler,1245010,8965851.58,9202014.96,9202016.41,9202622.06,1,10,8,59.44,594,0.594,0.059,523451926,52345192,998.41,0.85,0.00,-1,-1,0.00
dag_46cf51d5c3044117,unet_denoise_a64b733e,unet_denoise,3003208,8966138.99,9202622.06,9202742.65,9203482.27,2,1000,16,616.25,6162,6.162,0.616,2501057775,250105777,4770.39,0.83,0.00,-1,-1,0.00
dag_46455272cbe54ec8,unet_denoise_ad9a7bff,unet_denoise,2255434,8966867.05,9203482.27,9203483.72,9214988.37,1,6,0,1150.33,11503,11.503,1.150,4067722179,406772217,7758.56,0.54,0.00,-1,-1,0.00
dag_41ec2176cd454bc4,sampler_498beef6,sampler,1518045,8975176.11,9214988.37,9214989.83,9215467.49,1,9,6,46.61,466,0.466,0.047,574295144,57429514,1095.38,0.93,0.00,-1,-1,0.00
dag_e0bf0b0c3c93417d,sampler_05b693da,sampler,1521599,8980712.17,9215467.49,9215468.91,9215873.52,1,13,14,39.35,393,0.393,0.039,632474443,63247444,1206.35,0.46,0.00,-1,-1,0.00
dag_73f06810d4f94121,unet_denoise_5a44bdd8,unet_denoise,1048269,8981003.50,9215873.52,9215874.93,9222258.54,1,9,6,638.28,6382,6.382,0.638,3037651318,303765131,5793.86,0.65,0.00,-1,-1,0.00
dag_66afb2b173ef46b3,unet_denoise_8cc37230,unet_denoise,1689059,8981296.61,9222258.54,9222259.99,9225314.64,1,6,0,305.40,3053,3.053,0.305,2148557715,214855771,4098.05,0.74,0.00,-1,-1,0.00
dag_acef7e389a114bcc,unet_denoise_d172940f,unet_denoise,833139,8981575.97,9225314.64,9225316.10,9231039.76,1,8,4,571.25,5712,5.712,0.571,2970462801,297046280,5665.71,0.94,0.00,-1,-1,0.00
dag_06313785c32c493a,sampler_e515f6c7,sampler,1253795,8986074.01,9231039.76,9231041.18,9231320.79,1,13,14,27.88,278,0.278,0.028,423289198,42328919,807.36,0.42,0.00,-1,-1,0.00
dag_4223921a13d94f85,sampler_13755373,sampler,1528507,8995880.06,9231320.79,9231322.20,9231909.81,1,9,6,58.70,586,0.586,0.059,444927186,44492718,848.63,0.63,0.00,-1,-1,0.00
dag_6c49e8f33c75421e,sampler_2ec1b548,sampler,2304077,9003881.16,9231909.81,9231911.25,9232480.88,1,9,6,55.87,558,0.558,0.056,707029100,70702910,1348.55,0.88,0.00,-1,-1,0.00
dag_e4d333c3eab5448d,sampler_dfbd95cf,sampler,1697292,9007655.26,9232480.88,9232482.34,9232769.00,1,9,6,27.50,275,0.275,0.028,433532248,43353224,826.90,0.63,0.00,-1,-1,0.00
dag_eb11baf7ee404c2f,sampler_ff7368ef,sampler,1530044,9012615.36,9232769.00,9232770.45,9233075.10,1,12,12,29.40,293,0.293,0.029,989092509,98909250,1886.54,0.68,0.00,-1,-1,0.00
dag_7eeaa25eb2024286,sampler_d6623a4f,sampler,846479,9018156.42,9233075.10,9233076.55,9233430.20,1,11,10,34.26,342,0.342,0.034,246726437,24672643,470.59,0.77,0.00,-1,-1,0.00
dag_628c617e7c804df0,sampler_bc4de3dc,sampler,3058035,9022761.47,9233430.20,9233431.65,9233764.31,1,7,2,33.18,331,0.331,0.033,464366189,46436618,885.71,0.64,0.00,-1,-1,0.00
dag_a7af186451ff4870,unet_denoise_c8a86caa,unet_denoise,1076091,9023309.52,9233764.31,9233765.76,9241669.42,1,11,10,789.25,7892,7.892,0.789,2199859723,219985972,4195.90,0.65,0.00,-1,-1,0.00
dag_c939c36c249f4616,sampler_4194dea7,sampler,852984,9027905.57,9241669.42,9241670.88,9242021.53,1,9,6,33.95,339,0.339,0.034,379683290,37968329,724.19,0.50,0.00,-1,-1,0.00
dag_475955bb70184b83,sampler_b066058e,sampler,877914,9036025.67,9242021.53,9242022.97,9242588.61,1,8,4,55.46,554,0.554,0.055,496540835,49654083,947.08,0.83,0.00,-1,-1,0.00
dag_3d98a7542f9e4c06,sampler_61ed2fcb,sampler,665144,9043679.73,9242588.61,9242590.06,9242999.71,1,10,8,39.88,398,0.398,0.040,714078830,71407883,1362.00,0.90,0.00,-1,-1,0.00
dag_460c3a8ec45a455a,unet_denoise_68a2a86d,unet_denoise,3071505,9043993.56,9242999.71,9243120.77,9244385.05,2,1000,16,1140.30,11403,11.403,1.140,2004176119,200417611,3822.66,0.62,0.00,-1,-1,0.00
dag_12e6b55766fb4483,unet_denoise_195b9269,unet_denoise,1397302,9044478.62,9244385.05,9244386.49,9252756.13,1,12,12,835.86,8358,8.358,0.836,3172076174,317207617,6050.26,0.94,0.00,-1,-1,0.00
dag_0605d9f01775453c,unet_denoise_b648a8eb,unet_denoise,638666,9045110.73,9252756.13,9252757.57,9262624.20,1,9,6,985.53,9855,9.855,0.986,1738903159,173890315,3316.69,0.84,0.00,-1,-1,0.00
dag_52fb11ac19314df7,sampler_8b0512c9,sampler,3088750,9051405.78,9262624.20,9262625.62,9263101.24,1,6,0,46.49,464,0.464,0.046,396040313,39604031,755.39,0.85,0.00,-1,-1,0.00
dag_26efd09e7e754609,unet_denoise_7bfffc73,unet_denoise,421232,9051867.88,9263101.24,9263102.68,9270649.31,1,10,8,753.57,7535,7.535,0.754,3597473389,359747338,6861.64,0.64,0.00,-1,-1,0.00
dag_1f52bd4c90834fa8,unet_denoise_c0c1c0e7,unet_denoise,360567,9052177.95,9270649.31,9270650.77,9273631.43,1,11,10,296.95,2969,2.969,0.297,4513959620,451395962,8609.69,0.61,0.00,-1,-1,0.00
dag_53ac1a8f51e34e5c,unet_denoise_d256049e,unet_denoise,1745860,9052570.99,9273631.43,9273632.86,9278527.50,1,7,2,488.40,4883,4.883,0.488,2435144971,243514497,4644.67,0.85,0.00,-1,-1,0.00
dag_38ec206859024673,unet_denoise_48260ff1,unet_denoise,364301,9053249.09,9278527.50,9278528.95,9289979.61,1,9,6,1143.91,11439,11.439,1.144,4711707335,471170733,8986.87,0.45,0.00,-1,-1,0.00
dag_1f23f3a4c41b4836,unet_denoise_f8a6fa02,unet_denoise,290674,9053588.15,9289979.61,9289981.03,9295510.65,1,7,2,551.87,5518,5.518,0.552,3333246641,333324664,6357.66,0.40,0.00,-1,-1,0.00
dag_5d27d0b9ef574f30,unet_denoise_2432246f,unet_denoise,445937,9054126.25,9295510.65,9295512.06,9303100.67,1,7,2,757.79,7577,7.577,0.758,3929790629,392979062,7495.48,0.46,0.00,-1,-1,0.00
dag_1225345267d447cc,unet_denoise_04b9b188,unet_denoise,3131479,9054424.64,9303100.67,9303102.13,9311962.78,1,12,12,884.93,8849,8.849,0.885,3140256403,314025640,5989.56,0.53,0.00,-1,-1,0.00
dag_bea8b8165f864dbb,unet_denoise_2092c3cc,unet_denoise,1776489,9054958.74,9311962.78,9311964.21,9322208.85,1,6,0,1023.31,10233,10.233,1.023,3474592687,347459268,6627.26,0.52,0.00,-1,-1,0.00
dag_ad36e74386b9411c,unet_denoise_965d1511,unet_denoise,311979,9055093.80,9322208.85,9322210.30,9324309.95,1,6,0,208.87,2088,2.088,0.209,3564669527,356466952,6799.07,0.90,0.00,-1,-1,0.00
dag_2ef9fa6af23a4570,unet_denoise_847e3799,unet_denoise,531091,9055675.85,9324309.95,9324311.37,9331594.99,1,12,12,727.22,7272,7.272,0.727,3775296681,377529668,7200.81,0.75,0.00,-1,-1,0.00
dag_a4eb8e47d4f34c31,unet_denoise_58ef8c8c,unet_denoise,1812352,9056040.95,9331594.99,9331596.41,9336987.03,1,9,6,537.92,5379,5.379,0.538,3599606223,359960622,6865.70,0.59,0.00,-1,-1,0.00
dag_959798270e604592,unet_denoise_850af5e0,unet_denoise,3166836,9056396.00,9336987.03,9336988.47,9342836.10,1,12,12,583.66,5836,5.836,0.584,2455338598,245533859,4683.19,0.73,0.00,-1,-1,0.00
dag_63efbf42a747449f,unet_denoise_d17f80c4,unet_denoise,3173288,9056977.11,9342836.10,9342837.53,9348840.14,1,8,4,599.12,5991,5.991,0.599,3153705251,315370525,6015.22,0.57,0.00,-1,-1,0.00
dag_475c47767ca54a4b,unet_denoise_2857e9d9,unet_denoise,239931,9058191.15,9348840.14,9348841.56,9368573.18,1,7,2,1972.05,19720,19.720,1.972,2657730344,265773034,5069.22,0.42,0.00,-1,-1,0.00
dag_819bfa9f377c43e3,unet_denoise_77146308,unet_denoise,2392891,9060073.25,9368573.18,9368574.63,9393516.30,1,11,10,2493.10,24930,24.930,2.493,2892313599,289231359,5516.65,0.91,0.00,-1,-1,0.00
dag_c4506bff0691461e,sampler_e31f994c,sampler,411601,9063848.36,9393516.30,9393637.43,9393781.85,2,1000,16,20.40,203,0.203,0.020,391867681,39186768,747.43,0.46,0.00,-1,-1,0.00
dag_1b8611f4a71b4f21,sampler_b7d98a0b,sampler,216800,9071930.46,9393781.85,9393783.29,9394387.92,1,9,6,59.36,593,0.593,0.059,471035654,47103565,898.43,0.79,0.00,-1,-1,0.00
dag_7fcfd30e057e4720,sampler_40810955,sampler,2402161,9075819.57,9394387.92,9394389.34,9394632.96,1,6,0,23.29,232,0.232,0.023,290310684,29031068,553.72,0.63,0.00,-1,-1,0.00
dag_7aa23edc3f9b4d7f,sampler_059e99e1,sampler,663547,9076693.80,9394632.96,9394753.68,9394918.27,2,1000,16,41.07,410,0.410,0.041,389687320,38968732,743.27,0.60,0.00,-1,-1,0.00
dag_dffce61524874add,unet_denoise_226e4e36,unet_denoise,1837456,9077294.91,9394918.27,9394919.69,9403423.30,1,8,4,849.22,8492,8.492,0.849,3334905620,333490562,6360.83,0.71,0.00,-1,-1,0.00
dag_2604b14cf4864967,unet_denoise_c564c88b,unet_denoise,1597098,9078134.97,9403423.30,9403424.76,9414992.41,1,6,0,1156.70,11566,11.566,1.157,3532095947,353209594,6736.94,0.49,0.00,-1,-1,0.00
dag_48ce7371571e408e,unet_denoise_dedcef7c,unet_denoise,2443694,9078347.03,9414992.41,9414993.85,9418261.49,1,10,8,326.62,3266,3.266,0.327,3867236021,386723602,7376.17,0.90,0.00,-1,-1,0.00
dag_158e662ab43f41be,sampler_62e5579c,sampler,1879793,9102640.13,9418261.49,9418262.92,9419915.53,1,8,4,164.14,1641,1.641,0.164,435992581,43599258,831.59,0.75,0.00,-1,-1,0.00
dag_b1b7f34a46354e06,sampler_7e1034f3,sampler,1601341,9107653.19,9419915.53,9419916.97,9420220.61,1,7,2,29.27,292,0.292,0.029,614734642,61473464,1172.51,0.63,0.00,-1,-1,0.00
dag_df9fc3aa30db4ac6,sampler_1a8ac329,sampler,955731,9108966.15,9420220.61,9420222.06,9420883.72,1,7,2,65.04,650,0.650,0.065,349585492,34958549,666.78,0.57,0.00,-1,-1,0.00
dag_58f9446bbd3d4230,unet_denoise_2bb99ee2,unet_denoise,2508851,9109276.69,9420883.72,9420885.15,9431428.77,1,9,6,1053.24,10532,10.532,1.053,3871855030,387185503,7384.98,0.71,0.00,-1,-1,0.00
dag_72c99ec3b9a54445,sampler_c7b0e9bb,sampler,788640,9119592.75,9431428.77,9431430.19,9432155.81,1,12,12,71.48,714,0.714,0.071,514329617,51432961,981.01,0.41,0.00,-1,-1,0.00
dag_c662227e80b24669,sampler_efc64a2a,sampler,1635280,9125105.86,9432155.81,9432157.25,9432595.89,1,12,12,42.76,427,0.427,0.043,807882659,80788265,1540.91,0.95,0.00,-1,-1,0.00
dag_301b8aa355cf41a5,unet_denoise_58a250a7,unet_denoise,1924705,9125410.57,9432595.89,9432597.33,9442197.98,1,13,14,958.98,9589,9.589,0.959,2180086836,218008683,4158.19,0.46,0.00,-1,-1,0.00
dag_7da0a6ba311a4a8d,sampler_d407a55d,sampler,2557185,9129978.67,9442197.98,9442199.43,9442524.09,1,9,6,31.32,313,0.313,0.031,515855703,51585570,983.92,0.42,0.00,-1,-1,0.00
dag_087a3e55add54b84,sampler_0e7a461f,sampler,2579922,9135569.78,9442524.09,9442645.19,9442799.36,2,1000,16,30.15,301,0.301,0.030,430611118,43061111,821.33,0.80,0.00,-1,-1,0.00
dag_0a118d4db805487c,unet_denoise_2744138b,unet_denoise,2597180,9135916.89,9442799.36,9442800.78,9458265.40,1,7,2,1545.40,15453,15.453,1.545,3000911492,300091149,5723.78,0.89,0.00,-1,-1,0.00
dag_bb8425b128964146,sampler_eb793023,sampler,2714901,9144247.00,9458265.40,9458266.84,9458822.47,1,10,8,55.41,554,0.554,0.055,580807242,58080724,1107.80,0.51,0.00,-1,-1,0.00
dag_99104302e6ae4866,sampler_abe81636,sampler,2736704,9151029.10,9458822.47,9458823.92,9459427.56,1,11,10,59.23,592,0.592,0.059,483652077,48365207,922.49,0.78,0.00,-1,-1,0.00
dag_3616f9eb4acd4cce,sampler_e844c695,sampler,2740620,9151930.61,9459427.56,9459429.00,9459987.63,1,7,2,54.77,547,0.547,0.055,593459525,59345952,1131.93,0.43,0.00,-1,-1,0.00
dag_4612b1ef61374610,sampler_e4b0dd2c,sampler,2746361,9161189.65,9459987.63,9459989.09,9460610.74,1,7,2,61.08,610,0.610,0.061,417580656,41758065,796.47,0.78,0.00,-1,-1,0.00
dag_6751fb9a83ed408d,unet_denoise_0282250c,unet_denoise,1980673,9161720.72,9460610.74,9460731.80,9461601.04,2,1000,16,745.27,7452,7.452,0.745,3777323149,377732314,7204.67,0.63,0.00,-1,-1,0.00
dag_e7ccfd39016d4183,unet_denoise_dd65bcce,unet_denoise,2044685,9161982.76,9461601.04,9461602.49,9465626.15,1,9,6,401.21,4012,4.012,0.401,4251229596,425122959,8108.58,0.51,0.00,-1,-1,0.00
dag_2672a5cdae594062,sampler_f0839a93,sampler,2065622,9167149.83,9465626.15,9465627.59,9466041.22,1,12,12,40.26,402,0.402,0.040,422020349,42202034,804.94,0.50,0.00,-1,-1,0.00
dag_daff787d847b4d66,sampler_162ab238,sampler,2871924,9171004.86,9466041.22,9466162.29,9466312.52,2,1000,16,26.26,262,0.262,0.026,317910246,31791024,606.37,0.79,0.00,-1,-1,0.00
dag_45623821bc4b48ca,sampler_7a57eab9,sampler,2913489,9171779.00,9466312.52,9466313.96,9466738.59,1,11,10,41.36,413,0.413,0.041,408333914,40833391,778.84,0.70,0.00,-1,-1,0.00
dag_02c30d07c2df4f53,unet_denoise_a8364171,unet_denoise,2094720,9181114.29,9466738.59,9466740.01,9477294.63,1,9,6,1054.36,10543,10.543,1.054,2498020460,249802046,4764.60,0.86,0.00,-1,-1,0.00
dag_8240779e963a41fd,unet_denoise_2b16e728,unet_denoise,2195145,9181465.40,9477294.63,9477296.07,9482949.71,1,7,2,565.21,5652,5.652,0.565,2855724988,285572498,5446.86,0.45,0.00,-1,-1,0.00
dag_8a885e2c63a444bc,unet_denoise_fc2c7160,unet_denoise,1639359,9181990.45,9482949.71,9482951.15,9490510.80,1,6,0,754.84,7548,7.548,0.755,2326409817,232640981,4437.27,0.88,0.00,-1,-1,0.00
dag_046e5a04b57748db,unet_denoise_48e256ae,unet_denoise,2207056,9182471.50,9490510.80,9490512.22,9497148.84,1,7,2,662.50,6625,6.625,0.663,2292582806,229258280,4372.75,0.41,0.00,-1,-1,0.00
dag_0e0ca4159e544e86,unet_denoise_28e5f9c5,unet_denoise,2944176,9182781.51,9497148.84,9497150.25,9505767.86,1,6,0,860.67,8606,8.606,0.861,4477460392,447746039,8540.08,0.57,0.00,-1,-1,0.00
dag_79b32ae1f64043d1,unet_denoise_863042f0,unet_denoise,1020281,9184245.57,9505767.86,9505769.32,9529009.98,1,13,14,2322.98,23229,23.229,2.323,3107430252,310743025,5926.95,0.83,0.00,-1,-1,0.00
dag_9c3a4b173dc84179,sampler_9689f699,sampler,1024634,9191911.68,9529009.98,9529011.40,9529526.02,1,12,12,50.30,503,0.503,0.050,758475642,75847564,1446.68,0.74,0.00,-1,-1,0.00
dag_c4fc9dded3924f0a,sampler_1962c9b7,sampler,832179,9197632.80,9529526.02,9529646.84,9529809.06,2,1000,16,38.51,385,0.385,0.039,646042333,64604233,1232.23,0.45,0.00,-1,-1,0.00
dag_44a26dab89444865,unet_denoise_2312d0da,unet_denoise,1234450,9198071.84,9529809.06,9529810.52,9536102.17,1,9,6,628.08,6280,6.280,0.628,3817267684,381726768,7280.86,0.73,0.00,-1,-1,0.00
dag_58e29ceb412c47dc,sampler_30b39e90,sampler,1045271,9202014.96,9536102.17,9536222.73,9536373.10,2,1000,16,27.04,270,0.270,0.027,442405557,44240555,843.82,0.40,0.00,-1,-1,0.00
dag_3ae1fe8af2dd4c57,unet_denoise_d4bfdfe3,unet_denoise,1245010,9202622.06,9536373.10,9536374.53,9547325.16,1,10,8,1093.90,10939,10.939,1.094,2024029503,202402950,3860.53,0.62,0.00,-1,-1,0.00
dag_46cf51d5c3044117,sampler_ed0c1459,sampler,3003208,9203482.27,9547325.16,9547445.62,9547613.77,2,1000,16,44.96,449,0.449,0.045,367496920,36749692,700.94,0.50,0.00,-1,-1,0.00
dag_46455272cbe54ec8,sampler_1470d72f,sampler,2255434,9214988.37,9547613.77,9547615.21,9548328.85,1,8,4,70.23,702,0.702,0.070,594252400,59425240,1133.45,0.93,0.00,-1,-1,0.00
dag_41ec2176cd454bc4,unet_denoise_89b30d0f,unet_denoise,1518045,9215467.49,9548328.85,9548330.29,9555475.92,1,11,10,714.48,7144,7.144,0.714,3822612530,382261253,7291.05,0.55,0.00,-1,-1,0.00
dag_e0bf0b0c3c93417d,unet_denoise_bef082fd,unet_denoise,1521599,9215873.52,9555475.92,9555477.36,9560778.98,1,12,12,529.04,5290,5.290,0.529,2721458382,272145838,5190.77,0.75,0.00,-1,-1,0.00
dag_73f06810d4f94121,sampler_57b82c7a,sampler,1048269,9222258.54,9560778.98,9560780.43,9561265.06,1,6,0,47.35,473,0.473,0.047,415502503,41550250,792.51,0.72,0.00,-1,-1,0.00
dag_66afb2b173ef46b3,sampler_fce7cb65,sampler,1689059,9225314.64,9561265.06,9561385.36,9561534.70,2,1000,16,26.39,263,0.263,0.026,411272411,41127241,784.44,0.53,0.00,-1,-1,0.00
dag_acef7e389a114bcc,sampler_63dd09f2,sampler,833139,9231039.76,9561534.70,9561536.14,9561919.78,1,6,0,37.24,372,0.372,0.037,602147384,60214738,1148.50,0.75,0.00,-1,-1,0.00
dag_06313785c32c493a,unet_denoise_ed4e26e5,unet_denoise,1253795,9231320.79,9561919.78,9561921.22,9566294.86,1,10,8,437.26,4372,4.372,0.437,3908422060,390842206,7454.72,0.72,0.00,-1,-1,0.00
dag_4223921a13d94f85,unet_denoise_f9fac0de,unet_denoise,1528507,9231909.81,9566294.86,9566415.65,9567790.52,2,1000,16,1251.20,12512,12.512,1.251,3027521736,302752173,5774.54,0.70,0.00,-1,-1,0.00
dag_6c49e8f33c75421e,unet_denoise_c066f3ea,unet_denoise,2304077,9232480.88,9567790.52,9567791.95,9575116.58,1,13,14,731.35,7313,7.313,0.731,6193648035,619364803,11813.45,0.56,0.00,-1,-1,0.00
dag_e4d333c3eab5448d,unet_denoise_6d68f4c2,unet_denoise,1697292,9232769.00,9575116.58,9575237.34,9575712.27,2,1000,16,351.31,3513,3.513,0.351,1779776134,177977613,3394.65,0.85,0.00,-1,-1,0.00
dag_eb11baf7ee404c2f,unet_denoise_6e2e4814,unet_denoise,1530044,9233075.10,9575712.27,9575713.71,9580904.36,1,6,0,517.98,5179,5.179,0.518,2828931490,282893149,5395.76,0.64,0.00,-1,-1,0.00
dag_7eeaa25eb2024286,unet_denoise_51154bce,unet_denoise,846479,9233430.20,9580904.36,9580905.80,9586526.44,1,10,8,560.94,5609,5.609,0.561,2831507405,283150740,5400.67,0.63,0.00,-1,-1,0.00
dag_628c617e7c804df0,unet_denoise_5f723df9,unet_denoise,3058035,9233764.31,9586526.44,9586527.88,9591568.52,1,6,0,502.99,5029,5.029,0.503,2853579970,285357997,5442.77,0.51,0.00,-1,-1,0.00
dag_a7af186451ff4870,sampler_69b54103,sampler,1076091,9241669.42,9591568.52,9591569.96,9592206.60,1,9,6,62.51,625,0.625,0.063,394896904,39489690,753.21,0.40,0.00,-1,-1,0.00
dag_c939c36c249f4616,unet_denoise_a01cfc18,unet_denoise,852984,9242021.53,9592206.60,9592208.05,9597515.70,1,12,12,529.63,5296,5.296,0.530,2934802002,293480200,5597.69,0.75,0.00,-1,-1,0.00
dag_475955bb70184b83,unet_denoise_c9fcf87c,unet_denoise,877914,9242588.61,9597515.70,9597636.39,9598552.04,2,1000,16,792.13,7921,7.921,0.792,3398400844,339840084,6481.94,0.93,0.00,-1,-1,0.00
dag_3d98a7542f9e4c06,unet_denoise_7b2d2c7d,unet_denoise,665144,9242999.71,9598552.04,9598553.48,9604712.13,1,10,8,614.76,6147,6.147,0.615,2829214386,282921438,5396.30,0.51,0.00,-1,-1,0.00
dag_460c3a8ec45a455a,sampler_d3323ad7,sampler,3071505,9244385.05,9604712.13,9604713.56,9605479.19,1,12,12,75.41,754,0.754,0.075,594998684,59499868,1134.87,0.59,0.00,-1,-1,0.00
dag_12e6b55766fb4483,sampler_2ce02f2c,sampler,1397302,9252756.13,9605479.19,9605480.63,9606008.27,1,6,0,51.66,516,0.516,0.052,410474949,41047494,782.92,0.53,0.00,-1,-1,0.00
dag_0605d9f01775453c,sampler_a8a05f12,sampler,638666,9262624.20,9606008.27,9606009.71,9606610.36,1,11,10,59.96,599,0.599,0.060,526765012,52676501,1004.72,0.95,0.00,-1,-1,0.00
dag_52fb11ac19314df7,unet_denoise_0e95399d,unet_denoise,3088750,9263101.24,9606610.36,9606731.28,9607593.54,2,1000,16,738.48,7384,7.384,0.738,4217596504,421759650,8044.43,0.86,0.00,-1,-1,0.00
dag_26efd09e7e754609,sampler_1d949415,sampler,421232,9270649.31,9607593.54,9607594.98,9608071.63,1,9,6,46.57,465,0.465,0.047,591638247,59163824,1128.46,0.95,0.00,-1,-1,0.00
dag_1f52bd4c90834fa8,sampler_7f7cf8d6,sampler,360567,9273631.43,9608071.63,9608073.08,9608321.73,1,12,12,23.73,237,0.237,0.024,569185917,56918591,1085.64,0.44,0.00,-1,-1,0.00
dag_53ac1a8f51e34e5c,sampler_4994f1fe,sampler,1745860,9278527.50,9608321.73,9608323.17,9608714.82,1,12,12,38.06,380,0.380,0.038,500387572,50038757,954.41,0.54,0.00,-1,-1,0.00
dag_38ec206859024673,sampler_5cc18b88,sampler,364301,9289979.61,9608714.82,9608716.25,9609453.88,1,13,14,72.68,726,0.726,0.073,677482738,67748273,1292.20,0.64,0.00,-1,-1,0.00
dag_1f23f3a4c41b4836,sampler_94053504,sampler,290674,9295510.65,9609453.88,9609455.31,9609696.95,1,6,0,23.00,230,0.230,0.023,409753283,40975328,781.54,0.49,0.00,-1,-1,0.00
dag_5d27d0b9ef574f30,sampler_f49f24cd,sampler,445937,9303100.67,9609696.95,9609698.39,9610218.03,1,13,14,50.89,508,0.508,0.051,377531505,37753150,720.08,0.79,0.00,-1,-1,0.00
dag_1225345267d447cc,sampler_8ede67fd,sampler,3131479,9311962.78,9610218.03,9610219.48,9610783.12,1,11,10,56.30,562,0.562,0.056,603647590,60364759,1151.37,0.74,0.00,-1,-1,0.00
dag_bea8b8165f864dbb,sampler_a2cc33d5,sampler,1776489,9322208.85,9610783.12,9610784.57,9611481.21,1,12,12,68.57,685,0.685,0.069,397710293,39771029,758.57,0.52,0.00,-1,-1,0.00
dag_ad36e74386b9411c,sampler_8505c864,sampler,311979,9324309.95,9611481.21,9611482.66,9611618.31,1,8,4,12.47,124,0.124,0.012,502268640,50226864,958.00,0.63,0.00,-1,-1,0.00
dag_2ef9fa6af23a4570,sampler_80dfa396,sampler,531091,9331594.99,9611618.31,9611619.76,9612267.40,1,13,14,63.69,636,0.636,0.064,240515570,24051557,458.75,0.85,0.00,-1,-1,0.00
dag_a4eb8e47d4f34c31,sampler_d6ed847c,sampler,1812352,9336987.03,9612267.40,9612268.85,9612631.50,1,6,0,36.18,361,0.361,0.036,326716733,32671673,623.16,0.95,0.00,-1,-1,0.00
dag_959798270e604592,sampler_c745fae6,sampler,3166836,9342836.10,9612631.50,9612632.95,9612987.60,1,9,6,34.38,343,0.343,0.034,414487808,41448780,790.57,0.59,0.00,-1,-1,0.00
dag_63efbf42a747449f,sampler_4b9ce95e,sampler,3173288,9348840.14,9612987.60,9612989.02,9613518.63,1,11,10,51.83,518,0.518,0.052,499406644,49940664,952.54,0.59,0.00,-1,-1,0.00
dag_475c47767ca54a4b,sampler_320bad96,sampler,239931,9368573.18,9613518.63,9613520.07,9614728.71,1,11,10,119.77,1197,1.197,0.120,534425240,53442524,1019.34,0.92,0.00,-1,-1,0.00
dag_819bfa9f377c43e3,sampler_d986ea74,sampler,2392891,9393516.30,9614728.71,9614730.14,9616416.76,1,7,2,167.52,1675,1.675,0.168,464804077,46480407,886.54,0.45,0.00,-1,-1,0.00
dag_c4506bff0691461e,unet_denoise_ebc120f9,unet_denoise,411601,9393781.85,9616416.76,9616418.20,9619373.85,1,12,12,294.49,2944,2.944,0.294,1843926577,184392657,3517.01,0.71,0.00,-1,-1,0.00
dag_7fcfd30e057e4720,unet_denoise_bf0e32aa,unet_denoise,2402161,9394632.96,9627880.30,9627881.74,9632526.39,1,9,6,463.30,4633,4.633,0.463,3126513197,312651319,5963.35,0.42,0.00,-1,-1,0.00
dag_7aa23edc3f9b4d7f,unet_denoise_a15bf6f2,unet_denoise,663547,9394918.27,9632526.39,9632527.83,9639347.46,1,12,12,680.84,6808,6.808,0.681,3233642393,323364239,6167.68,0.75,0.00,-1,-1,0.00
dag_dffce61524874add,sampler_478c249b,sampler,1837456,9403423.30,9639347.46,9639468.15,9639643.40,2,1000,16,51.76,517,0.517,0.052,542149464,54214946,1034.07,0.69,0.00,-1,-1,0.00
dag_2604b14cf4864967,sampler_258d52b0,sampler,1597098,9414992.41,9639643.40,9639644.84,9640498.49,1,10,8,84.30,842,0.842,0.084,478918967,47891896,913.47,0.70,0.00,-1,-1,0.00
dag_48ce7371571e408e,sampler_43196a39,sampler,2443694,9418261.49,9640498.49,9640499.93,9640723.57,1,8,4,21.27,212,0.212,0.021,443104541,44310454,845.15,0.72,0.00,-1,-1,0.00
dag_158e662ab43f41be,unet_denoise_8ac410d3,unet_denoise,1879793,9419915.53,9640723.57,9640725.00,9664369.63,1,8,4,2364.39,23643,23.643,2.364,2667066840,266706684,5087.03,0.70,0.00,-1,-1,0.00
dag_b1b7f34a46354e06,unet_denoise_2f268124,unet_denoise,1601341,9420220.61,9664369.63,9664371.07,9670042.72,1,6,0,567.04,5670,5.670,0.567,2292393156,229239315,4372.39,0.53,0.00,-1,-1,0.00
dag_df9fc3aa30db4ac6,unet_denoise_d577aca4,unet_denoise,955731,9420883.72,9670042.72,9670044.14,9679888.76,1,11,10,983.36,9833,9.833,0.983,2514812373,251481237,4796.62,0.78,0.00,-1,-1,0.00
dag_58f9446bbd3d4230,sampler_2acf8dda,sampler,2508851,9431428.77,9679888.76,9679890.19,9680562.82,1,10,8,67.12,671,0.671,0.067,455943471,45594347,869.64,0.91,0.00,-1,-1,0.00
dag_72c99ec3b9a54445,unet_denoise_eb5a63b1,unet_denoise,788640,9432155.81,9680562.82,9680564.27,9692592.92,1,7,2,1201.78,12017,12.017,1.202,2638467431,263846743,5032.48,0.59,0.00,-1,-1,0.00
dag_c662227e80b24669,unet_denoise_7bd3f244,unet_denoise,1635280,9432595.89,9692592.92,9692594.36,9699116.01,1,13,14,651.02,6510,6.510,0.651,2390907970,239090797,4560.30,0.52,0.00,-1,-1,0.00
dag_301b8aa355cf41a5,sampler_3705ed1f,sampler,1924705,9442197.98,9699116.01,9699236.93,9699411.18,2,1000,16,50.43,504,0.504,0.050,502904392,50290439,959.21,0.94,0.00,-1,-1,0.00
dag_7da0a6ba311a4a8d,unet_denoise_f9720b6f,unet_denoise,2557185,9442524.09,9699411.18,9699412.62,9704279.26,1,12,12,485.54,4855,4.855,0.486,2700025175,270002517,5149.89,0.94,0.00,-1,-1,0.00
dag_087a3e55add54b84,unet_denoise_da691bfa,unet_denoise,2579922,9442799.36,9704279.26,9704399.91,9705047.32,2,1000,16,523.96,5239,5.239,0.524,2131784718,213178471,4066.06,0.52,0.00,-1,-1,0.00
dag_0a118d4db805487c,sampler_230c0788,sampler,2597180,9458265.40,9705047.32,9705048.77,9706226.42,1,8,4,116.67,1166,1.166,0.117,623271868,62327186,1188.80,0.49,0.00,-1,-1,0.00
dag_bb8425b128964146,unet_denoise_6960cb47,unet_denoise,2714901,9458822.47,9706226.42,9706227.86,9714727.51,1,9,6,848.89,8488,8.488,0.849,2800497229,280049722,5341.52,0.80,0.00,-1,-1,0.00
dag_99104302e6ae4866,unet_denoise_77af0f92,unet_denoise,2736704,9459427.56,9714727.51,9714728.93,9722172.54,1,9,6,743.24,7432,7.432,0.743,3925821365,392582136,7487.91,0.79,0.00,-1,-1,0.00
dag_3616f9eb4acd4cce,unet_denoise_bf0d409c,unet_denoise,2740620,9459987.63,9722172.54,9722173.97,9730962.60,1,12,12,877.75,8777,8.777,0.878,4362699399,436269939,8321.19,0.43,0.00,-1,-1,0.00
dag_4612b1ef61374610,unet_denoise_0aadecab,unet_denoise,2746361,9460610.74,9730962.60,9730964.03,9741765.64,1,7,2,1079.07,10790,10.790,1.079,3810212923,381021292,7267.40,0.50,0.00,-1,-1,0.00
dag_6751fb9a83ed408d,sampler_cca107f5,sampler,1980673,9461601.04,9741765.64,9741767.07,9742324.70,1,8,4,54.63,546,0.546,0.055,531352252,53135225,1013.47,0.76,0.00,-1,-1,0.00
dag_e7ccfd39016d4183,sampler_4190ca21,sampler,2044685,9465626.15,9742324.70,9742326.14,9742603.77,1,9,6,26.65,266,0.266,0.027,525153428,52515342,1001.65,0.64,0.00,-1,-1,0.00
dag_2672a5cdae594062,unet_denoise_9d535d05,unet_denoise,2065622,9466041.22,9742603.77,9742605.21,9749398.84,1,8,4,678.26,6782,6.782,0.678,1584780688,158478068,3022.73,0.57,0.00,-1,-1,0.00
dag_daff787d847b4d66,unet_denoise_c59166c8,unet_denoise,2871924,9466312.52,9749398.84,9749400.28,9753733.91,1,13,14,432.25,4322,4.322,0.432,4183565908,418356590,7979.52,0.54,0.00,-1,-1,0.00
dag_45623821bc4b48ca,unet_denoise_7828a8bf,unet_denoise,2913489,9466738.59,9753733.91,9753735.34,9760492.97,1,12,12,674.62,6746,6.746,0.675,4074976383,407497638,7772.40,0.53,0.00,-1,-1,0.00
dag_02c30d07c2df4f53,sampler_0b6f35ca,sampler,2094720,9477294.63,9760492.97,9760494.40,9761177.03,1,6,0,67.19,671,0.671,0.067,259972049,25997204,495.86,0.80,0.00,-1,-1,0.00
dag_8240779e963a41fd,sampler_d0becf36,sampler,2195145,9482949.71,9761177.03,9761178.48,9761587.14,1,6,0,40.74,407,0.407,0.041,665276304,66527630,1268.91,0.41,0.00,-1,-1,0.00
dag_8a885e2c63a444bc,sampler_a1a6344d,sampler,1639359,9490510.80,9761587.14,9761707.86,9761877.45,2,1000,16,46.04,460,0.460,0.046,403611057,40361105,769.83,0.73,0.00,-1,-1,0.00
dag_046e5a04b57748db,sampler_c3241452,sampler,2207056,9497148.84,9761877.45,9761878.90,9762387.55,1,8,4,49.74,497,0.497,0.050,306762953,30676295,585.10,0.41,0.00,-1,-1,0.00
dag_0e0ca4159e544e86,sampler_164afa76,sampler,2944176,9505767.86,9762387.55,9762388.98,9762992.59,1,11,10,59.28,592,0.592,0.059,411188093,41118809,784.28,0.81,0.00,-1,-1,0.00
dag_79b32ae1f64043d1,sampler_0b8b949e,sampler,1020281,9529009.98,9762992.59,9763113.15,9763384.03,2,1000,16,147.55,1475,1.475,0.148,667529331,66752933,1273.21,0.55,0.00,-1,-1,0.00
dag_9c3a4b173dc84179,unet_denoise_5cc408b5,unet_denoise,1024634,9529526.02,9763384.03,9763385.46,9770647.10,1,8,4,725.02,7250,7.250,0.725,2250036875,225003687,4291.60,0.75,0.00,-1,-1,0.00
dag_c4fc9dded3924f0a,unet_denoise_503b0330,unet_denoise,832179,9529809.06,9770647.10,9770648.54,9774986.17,1,12,12,432.63,4326,4.326,0.433,1859994098,185999409,3547.66,0.59,0.00,-1,-1,0.00
dag_44a26dab89444865,sampler_e91a7691,sampler,1234450,9536102.17,9774986.17,9774987.60,9775352.22,1,10,8,35.34,353,0.353,0.035,487176261,48717626,929.21,0.76,0.00,-1,-1,0.00
dag_58e29ceb412c47dc,unet_denoise_53c6442c,unet_denoise,1045271,9536373.10,9775352.22,9775353.65,9779337.27,1,10,8,397.22,3972,3.972,0.397,3346192503,334619250,6382.36,0.46,0.00,-1,-1,0.00
dag_3ae1fe8af2dd4c57,sampler_8711b30c,sampler,1245010,9547325.16,9779337.27,9779338.72,9780033.37,1,9,6,68.31,683,0.683,0.068,777545833,77754583,1483.05,0.44,0.00,-1,-1,0.00
dag_46cf51d5c3044117,unet_denoise_30bfbbd7,unet_denoise,3003208,9547613.77,9780033.37,9780034.81,9787243.45,1,8,4,719.72,7197,7.197,0.720,2526533024,252653302,4818.98,0.69,0.00,-1,-1,0.00
dag_46455272cbe54ec8,unet_denoise_847d055f,unet_denoise,2255434,9548328.85,9787243.45,9787244.90,9797147.55,1,8,4,989.11,9891,9.891,0.989,2023206794,202320679,3858.96,0.65,0.00,-1,-1,0.00
dag_41ec2176cd454bc4,sampler_96cf2696,sampler,1518045,9555475.92,9797147.55,9797148.99,9797608.63,1,11,10,44.87,448,0.448,0.045,743360855,74336085,1417.85,0.52,0.00,-1,-1,0.00
dag_e0bf0b0c3c93417d,sampler_65207f9b,sampler,1521599,9560778.98,9797608.63,9797610.06,9797999.70,1,10,8,37.81,378,0.378,0.038,511670806,51167080,975.93,0.60,0.00,-1,-1,0.00
dag_73f06810d4f94121,unet_denoise_1c6a8268,unet_denoise,1048269,9561265.06,9797999.70,9798001.13,9806042.76,1,11,10,803.03,8030,8.030,0.803,2679589896,267958989,5110.91,0.83,0.00,-1,-1,0.00
dag_66afb2b173ef46b3,unet_denoise_e5579d37,unet_denoise,1689059,9561534.70,9806042.76,9806044.20,9809913.83,1,11,10,386.87,3868,3.868,0.387,2770921166,277092116,5285.11,0.40,0.00,-1,-1,0.00
dag_acef7e389a114bcc,unet_denoise_55cc1583,unet_denoise,833139,9561919.78,9809913.83,9809915.27,9815258.91,1,7,2,534.25,5342,5.342,0.534,2763163729,276316372,5270.32,0.49,0.00,-1,-1,0.00
dag_06313785c32c493a,sampler_c8bab2cd,sampler,1253795,9566294.86,9815258.91,9815260.33,9815574.95,1,6,0,30.40,303,0.303,0.030,392667194,39266719,748.95,0.67,0.00,-1,-1,0.00
dag_4223921a13d94f85,sampler_e2b5a34f,sampler,1528507,9567790.52,9815574.95,9815695.88,9815885.93,2,1000,16,66.24,662,0.662,0.066,367766688,36776668,701.46,0.94,0.00,-1,-1,0.00
dag_6c49e8f33c75421e,sampler_28504611,sampler,2304077,9575116.58,9815885.93,9815887.35,9816406.98,1,6,0,50.80,508,0.508,0.051,559466795,55946679,1067.10,0.57,0.00,-1,-1,0.00
dag_e4d333c3eab5448d,sampler_7c118851,sampler,1697292,9575712.27,9816406.98,9816408.41,9816695.05,1,10,8,27.53,275,0.275,0.028,457592474,45759247,872.79,0.65,0.00,-1,-1,0.00
dag_eb11baf7ee404c2f,sampler_a6455c7c,sampler,1530044,9580904.36,9816695.05,9816696.48,9817013.12,1,13,14,30.58,305,0.305,0.031,421844559,42184455,804.60,0.55,0.00,-1,-1,0.00
dag_7eeaa25eb2024286,sampler_6f5a744c,sampler,846479,9586526.44,9817013.12,9817014.56,9817333.21,1,11,10,30.77,307,0.307,0.031,422507416,42250741,805.87,0.54,0.00,-1,-1,0.00
dag_628c617e7c804df0,sampler_aea36ddb,sampler,3058035,9591568.52,9817333.21,9817334.64,9817641.25,1,12,12,30.54,305,0.305,0.031,349868658,34986865,667.32,0.85,0.00,-1,-1,0.00
dag_a7af186451ff4870,unet_denoise_35e8189b,unet_denoise,1076091,9592206.60,9817641.25,9817642.68,9828119.30,1,10,8,1046.57,10465,10.465,1.047,4357198137,435719813,8310.70,0.89,0.00,-1,-1,0.00
dag_c939c36c249f4616,sampler_60ddbf4e,sampler,852984,9597515.70,9828119.30,9828120.73,9828532.35,1,12,12,40.03,400,0.400,0.040,432472055,43247205,824.87,0.47,0.00,-1,-1,0.00
dag_475955bb70184b83,sampler_f65e52ee,sampler,877914,9598552.04,9828532.35,9828533.80,9829054.45,1,6,0,51.99,519,0.519,0.052,609982012,60998201,1163.45,0.86,0.00,-1,-1,0.00
dag_3d98a7542f9e4c06,sampler_a5efecad,sampler,665144,9604712.13,9829054.45,9829055.88,9829461.50,1,8,4,39.47,394,0.394,0.039,285395971,28539597,544.35,0.61,0.00,-1,-1,0.00
dag_460c3a8ec45a455a,unet_denoise_31a6256e,unet_denoise,3071505,9605479.19,9829461.50,9829462.94,9839826.57,1,11,10,1036.30,10362,10.362,1.036,3422194399,342219439,6527.32,0.51,0.00,-1,-1,0.00
dag_12e6b55766fb4483,unet_denoise_75dc04e2,unet_denoise,1397302,9606008.27,9839826.57,9839827.99,9848477.61,1,8,4,863.88,8638,8.638,0.864,3140008593,314000859,5989.09,0.48,0.00,-1,-1,0.00
dag_0605d9f01775453c,unet_denoise_e0a92ab8,unet_denoise,638666,9606610.36,9848477.61,9848479.04,9858391.68,1,10,8,990.17,9901,9.901,0.990,2588765163,258876516,4937.68,0.52,0.00,-1,-1,0.00
dag_52fb11ac19314df7,sampler_d7957369,sampler,3088750,9607593.54,9858391.68,9858393.11,9858823.74,1,6,0,41.98,419,0.419,0.042,476886055,47688605,909.59,0.82,0.00,-1,-1,0.00
dag_26efd09e7e754609,unet_denoise_43a97831,unet_denoise,421232,9608071.63,9858823.74,9858825.17,9865287.79,1,13,14,645.16,6451,6.451,0.645,3114921558,311492155,5941.24,0.79,0.00,-1,-1,0.00
dag_1f52bd4c90834fa8,unet_denoise_4fca6682,unet_denoise,360567,9608321.73,9865287.79,9865289.22,9869007.84,1,11,10,370.80,3707,3.707,0.371,4156023822,415602382,7926.99,0.75,0.00,-1,-1,0.00
dag_53ac1a8f51e34e5c,unet_denoise_cd56e7a9,unet_denoise,1745860,9608714.82,9869007.84,9869009.29,9874371.94,1,11,10,535.14,5351,5.351,0.535,3091797841,309179784,5897.14,0.53,0.00,-1,-1,0.00
dag_38ec206859024673,unet_denoise_85b534a2,unet_denoise,364301,9609453.88,9874371.94,9874373.38,9884951.03,1,8,4,1056.65,10566,10.566,1.057,2183731561,218373156,4165.14,0.44,0.00,-1,-1,0.00
dag_1f23f3a4c41b4836,unet_denoise_3aed1cfc,unet_denoise,290674,9609696.95,9884951.03,9884952.46,9889754.09,1,7,2,479.05,4790,4.790,0.479,3483304416,348330441,6643.88,0.83,0.00,-1,-1,0.00
dag_5d27d0b9ef574f30,unet_denoise_c8f4c7f0,unet_denoise,445937,9610218.03,9889754.09,9889755.51,9897817.14,1,7,2,805.01,8050,8.050,0.805,4221001619,422100161,8050.92,0.48,0.00,-1,-1,0.00
dag_1225345267d447cc,unet_denoise_40184fc2,unet_denoise,3131479,9610783.12,9897817.14,9897818.59,9905840.24,1,11,10,801.06,8010,8.010,0.801,2626922037,262692203,5010.46,0.52,0.00,-1,-1,0.00
dag_bea8b8165f864dbb,unet_denoise_1b789c32,unet_denoise,1776489,9611481.21,9905840.24,9905841.69,9913422.34,1,7,2,756.93,7569,7.569,0.757,1741079692,174107969,3320.85,0.44,0.00,-1,-1,0.00
dag_ad36e74386b9411c,unet_denoise_547ab0b4,unet_denoise,311979,9611618.31,9913422.34,9913423.77,9915111.41,1,8,4,168.64,1686,1.686,0.169,3312132040,331213204,6317.39,0.73,0.00,-1,-1,0.00
dag_2ef9fa6af23a4570,unet_denoise_4173d752,unet_denoise,531091,9612267.40,9915111.41,9915231.86,9916308.71,2,1000,16,953.67,9536,9.536,0.954,2751680103,275168010,5248.41,0.46,0.00,-1,-1,0.00
dag_a4eb8e47d4f34c31,unet_denoise_434a403a,unet_denoise,1812352,9612631.50,9916308.71,9916429.64,9917102.39,2,1000,16,548.99,5489,5.489,0.549,2584299054,258429905,4929.16,0.60,0.00,-1,-1,0.00
dag_959798270e604592,unet_denoise_78d6c3ac,unet_denoise,3166836,9612987.60,9917102.39,9917103.84,9922813.48,1,7,2,570.88,5708,5.708,0.571,2002714946,200271494,3819.88,0.46,0.00,-1,-1,0.00
dag_63efbf42a747449f,unet_denoise_074a2b95,unet_denoise,3173288,9613518.63,9922813.48,9922934.48,9923826.42,2,1000,16,768.02,7680,7.680,0.768,3432986433,343298643,6547.90,0.46,0.00,-1,-1,0.00
dag_475c47767ca54a4b,unet_denoise_07a1162c,unet_denoise,239931,9614728.71,9923826.42,9923827.84,9941113.46,1,8,4,1727.43,17274,17.274,1.727,3400536942,340053694,6486.01,0.53,0.00,-1,-1,0.00
dag_819bfa9f377c43e3,unet_denoise_358d6e33,unet_denoise,2392891,9616416.76,9941113.46,9941114.90,9968887.55,1,10,8,2776.11,27761,27.761,2.776,3522074593,352207459,6717.82,0.93,0.00,-1,-1,0.00
dag_c4506bff0691461e,sampler_0d5d91f9,sampler,411601,9619373.85,9968887.55,9968888.99,9969097.62,1,7,2,19.80,197,0.197,0.020,508199064,50819906,969.31,0.72,0.00,-1,-1,0.00
dag_7fcfd30e057e4720,sampler_199f799c,sampler,2402161,9632526.39,9969097.62,9969099.07,9969410.71,1,9,6,30.04,300,0.300,0.030,530321974,53032197,1011.51,0.85,0.00,-1,-1,0.00
dag_7aa23edc3f9b4d7f,sampler_c0fb41d2,sampler,663547,9639347.46,9969410.71,9969412.14,9969774.75,1,9,6,36.12,361,0.361,0.036,413355878,41335587,788.41,0.73,0.00,-1,-1,0.00
dag_dffce61524874add,unet_denoise_2c3bb0e6,unet_denoise,1837456,9639643.40,9969774.75,9969776.18,9978211.79,1,13,14,842.45,8424,8.424,0.842,2049854771,204985477,3909.79,0.58,0.00,-1,-1,0.00
dag_2604b14cf4864967,unet_denoise_402635c3,unet_denoise,1597098,9640498.49,9978211.79,9978213.22,9991645.84,1,7,2,1342.18,13421,13.421,1.342,3268509004,326850900,6234.19,0.73,0.00,-1,-1,0.00
dag_48ce7371571e408e,unet_denoise_61715248,unet_denoise,2443694,9640723.57,9991645.84,9991647.29,9994294.96,1,12,12,263.68,2636,2.636,0.264,2521296209,252129620,4808.99,0.41,0.00,-1,-1,0.00
dag_158e662ab43f41be,sampler_313ae845,sampler,1879793,9664369.63,9994294.96,9994296.39,9995665.02,1,12,12,135.78,1357,1.357,0.136,363155703,36315570,692.66,0.63,0.00,-1,-1,0.00
dag_b1b7f34a46354e06,sampler_8a562c46,sampler,1601341,9670042.72,9995665.02,9995666.48,9996030.14,1,11,10,35.23,352,0.352,0.035,337982648,33798264,644.65,0.58,0.00,-1,-1,0.00
dag_df9fc3aa30db4ac6,sampler_6ebe808f,sampler,955731,9679888.76,9996030.14,9996031.59,9996614.23,1,13,14,57.15,571,0.571,0.057,331940341,33194034,633.13,0.53,0.00,-1,-1,0.00
dag_58f9446bbd3d4230,unet_denoise_46f426a5,unet_denoise,2508851,9680562.82,9996614.23,9996615.67,10006156.31,1,7,2,952.99,9529,9.529,0.953,4754500090,475450009,9068.49,0.61,0.00,-1,-1,0.00
dag_72c99ec3b9a54445,sampler_7cae4cc1,sampler,788640,9692592.92,10006156.31,10006157.74,10006813.37,1,10,8,64.44,644,0.644,0.064,457288898,45728889,872.21,0.93,0.00,-1,-1,0.00
dag_c662227e80b24669,sampler_898922a7,sampler,1635280,9699116.01,10006813.37,10006814.83,10007234.50,1,7,2,40.80,408,0.408,0.041,506876412,50687641,966.79,0.54,0.00,-1,-1,0.00
dag_301b8aa355cf41a5,unet_denoise_42b66df0,unet_denoise,1924705,9699411.18,10007234.50,10007235.94,10017530.58,1,8,4,1028.40,10283,10.283,1.028,3621416175,362141617,6907.30,0.56,0.00,-1,-1,0.00
dag_7da0a6ba311a4a8d,sampler_78a04e94,sampler,2557185,9704279.26,10017530.58,10017532.01,10017775.63,1,10,8,24.25,242,0.242,0.024,621465550,62146555,1185.35,0.77,0.00,-1,-1,0.00
dag_087a3e55add54b84,sampler_bc199e65,sampler,2579922,9705047.32,10017775.63,10017777.05,10018102.67,1,12,12,32.45,324,0.324,0.032,458328970,45832897,874.19,0.75,0.00,-1,-1,0.00
dag_0a118d4db805487c,unet_denoise_d587456e,unet_denoise,2597180,9706226.42,10018102.67,10018104.09,10035506.71,1,6,0,1739.11,17391,17.391,1.739,1641209539,164120953,3130.36,0.48,0.00,-1,-1,0.00
dag_bb8425b128964146,sampler_ded65c6f,sampler,2714901,9714727.51,10035506.71,10035508.17,10035948.84,1,8,4,42.92,429,0.429,0.043,689526121,68952612,1315.17,0.93,0.00,-1,-1,0.00
dag_99104302e6ae4866,sampler_e365e1ef,sampler,2736704,9722172.54,10035948.84,10035950.28,10036402.93,1,10,8,44.13,441,0.441,0.044,634929101,63492910,1211.03,0.60,0.00,-1,-1,0.00
dag_3616f9eb4acd4cce,sampler_ae0d980b,sampler,2740620,9730962.60,10036402.93,10036404.36,10036957.00,1,13,14,54.12,541,0.541,0.054,594375517,59437551,1133.68,0.87,0.00,-1,-1,0.00
dag_4612b1ef61374610,sampler_8d9cc726,sampler,2746361,9741765.64,10036957.00,10037077.68,10037253.63,2,1000,16,52.47,524,0.524,0.052,568537711,56853771,1084.40,0.41,0.00,-1,-1,0.00
dag_6751fb9a83ed408d,unet_denoise_f94f68dd,unet_denoise,1980673,9742324.70,10037253.63,10037374.09,10038297.94,2,1000,16,800.61,8006,8.006,0.801,3730078862,373007886,7114.56,0.46,0.00,-1,-1,0.00
dag_e7ccfd39016d4183,unet_denoise_176aa694,unet_denoise,2044685,9742603.77,10038297.94,10038299.40,10042726.07,1,6,0,442.54,4425,4.425,0.443,3775554341,377555434,7201.30,0.67,0.00,-1,-1,0.00
dag_2672a5cdae594062,sampler_c7951fe2,sampler,2065622,9749398.84,10042726.07,10042727.54,10042992.21,1,13,14,25.37,253,0.253,0.025,320729978,32072997,611.74,0.87,0.00,-1,-1,0.00
dag_daff787d847b4d66,sampler_9a98c02e,sampler,2871924,9753733.91,10042992.21,10043112.83,10043266.69,2,1000,16,30.50,304,0.304,0.030,493649819,49364981,941.56,0.48,0.00,-1,-1,0.00
dag_45623821bc4b48ca,sampler_90aee39d,sampler,2913489,9760492.97,10043266.69,10043268.15,10043676.82,1,12,12,39.74,397,0.397,0.040,378272458,37827245,721.50,0.81,0.00,-1,-1,0.00
dag_02c30d07c2df4f53,unet_denoise_a7be56b7,unet_denoise,2094720,9761177.03,10043676.82,10043678.26,10052186.89,1,10,8,849.71,8497,8.497,0.850,2640194294,264019429,5035.77,0.79,0.00,-1,-1,0.00
dag_8240779e963a41fd,unet_denoise_e871450a,unet_denoise,2195145,9761587.14,10052186.89,10052307.54,10053102.45,2,1000,16,671.47,6714,6.714,0.671,2924965826,292496582,5578.93,0.41,0.00,-1,-1,0.00
dag_8a885e2c63a444bc,unet_denoise_ea73a4b1,unet_denoise,1639359,9761877.45,10053102.45,10053103.89,10059913.54,1,8,4,679.86,6798,6.798,0.680,2714020120,271402012,5176.58,0.76,0.00,-1,-1,0.00
dag_046e5a04b57748db,unet_denoise_0c98345a,unet_denoise,2207056,9762387.55,10059913.54,10060034.47,10060854.02,2,1000,16,695.72,6957,6.957,0.696,3420961180,342096118,6524.97,0.71,0.00,-1,-1,0.00
dag_0e0ca4159e544e86,unet_denoise_5eaf1b68,unet_denoise,2944176,9762992.59,10060854.02,10060855.48,10069147.14,1,13,14,828.03,8280,8.280,0.828,4725778371,472577837,9013.71,0.68,0.00,-1,-1,0.00
dag_79b32ae1f64043d1,unet_denoise_df417c4f,unet_denoise,1020281,9763384.03,10069147.14,10069148.60,10092273.26,1,6,0,2312.37,23123,23.123,2.312,3028618951,302861895,5776.63,0.85,0.00,-1,-1,0.00
dag_9c3a4b173dc84179,sampler_7606f457,sampler,1024634,9770647.10,10092273.26,10092274.71,10092835.35,1,11,10,54.98,549,0.549,0.055,470285559,47028555,897.00,0.75,0.00,-1,-1,0.00
dag_c4fc9dded3924f0a,sampler_1c8ba2fc,sampler,832179,9774986.17,10092835.35,10092836.81,10093110.47,1,9,6,26.27,262,0.262,0.026,582403256,58240325,1110.85,0.57,0.00,-1,-1,0.00
dag_44a26dab89444865,unet_denoise_3ff7edc6,unet_denoise,1234450,9775352.22,10093110.47,10093111.93,10099095.59,1,10,8,597.29,5972,5.972,0.597,3285007386,328500738,6265.65,0.84,0.00,-1,-1,0.00
dag_58e29ceb412c47dc,sampler_8fc8762e,sampler,1045271,9779337.27,10099095.59,10099097.02,10099391.64,1,6,0,28.37,283,0.283,0.028,485295852,48529585,925.63,0.49,0.00,-1,-1,0.00
dag_3ae1fe8af2dd4c57,unet_denoise_90839e62,unet_denoise,1245010,9780033.37,10099391.64,10099393.08,10109613.71,1,13,14,1020.94,10209,10.209,1.021,4104709104,410470910,7829.11,0.65,0.00,-1,-1,0.00
dag_46cf51d5c3044117,sampler_a86c06ea,sampler,3003208,9787243.45,10109613.71,10109734.17,10109895.82,2,1000,16,38.41,384,0.384,0.038,490497076,49049707,935.55,0.63,0.00,-1,-1,0.00
dag_46455272cbe54ec8,sampler_91d91074,sampler,2255434,9797147.55,10109895.82,10109897.26,10110743.90,1,10,8,83.52,835,0.835,0.084,312811325,31281132,596.64,0.81,0.00,-1,-1,0.00
dag_41ec2176cd454bc4,unet_denoise_e316b507,unet_denoise,1518045,9797608.63,10110743.90,10110745.34,10116401.98,1,10,8,564.52,5645,5.645,0.565,3874083050,387408305,7389.23,0.71,0.00,-1,-1,0.00
dag_e0bf0b0c3c93417d,unet_denoise_69d57ffb,unet_denoise,1521599,9797999.70,10116401.98,10116403.42,10121499.07,1,12,12,508.43,5084,5.084,0.508,3090128030,309012803,5893.95,0.57,0.00,-1,-1,0.00
dag_73f06810d4f94121,sampler_bf3bc8af,sampler,1048269,9806042.76,10121499.07,10121500.49,10122028.10,1,6,0,51.61,516,0.516,0.052,447081461,44708146,852.74,0.89,0.00,-1,-1,0.00
dag_66afb2b173ef46b3,sampler_cb7b8fc0,sampler,1689059,9809913.83,10122028.10,10122029.53,10122308.16,1,6,0,26.75,267,0.267,0.027,507121657,50712165,967.26,0.81,0.00,-1,-1,0.00
dag_acef7e389a114bcc,sampler_f8f42efb,sampler,833139,9815258.91,10122308.16,10122309.61,10122653.25,1,6,0,33.23,332,0.332,0.033,567229443,56722944,1081.90,0.59,0.00,-1,-1,0.00
dag_06313785c32c493a,unet_denoise_d2d7c8b6,unet_denoise,1253795,9815574.95,10122653.25,10122654.71,10127155.38,1,13,14,448.96,4489,4.489,0.449,3392617506,339261750,6470.90,0.45,0.00,-1,-1,0.00
dag_4223921a13d94f85,unet_denoise_5c1807f8,unet_denoise,1528507,9815885.93,10127155.38,10127156.82,10139258.46,1,8,4,1210.06,12100,12.100,1.210,3293427183,329342718,6281.71,0.87,0.00,-1,-1,0.00
dag_6c49e8f33c75421e,unet_denoise_57e8adf2,unet_denoise,2304077,9816406.98,10139258.46,10139259.90,10146290.55,1,13,14,701.91,7019,7.019,0.702,2884537150,288453715,5501.82,0.90,0.00,-1,-1,0.00
dag_e4d333c3eab5448d,unet_denoise_83a06bf0,unet_denoise,1697292,9816695.05,10146290.55,10146292.01,10150207.68,1,12,12,390.43,3904,3.904,0.390,2679678827,267967882,5111.08,0.54,0.00,-1,-1,0.00
dag_eb11baf7ee404c2f,unet_denoise_8a365396,unet_denoise,1530044,9817013.12,10150207.68,10150209.11,10155216.73,1,6,0,499.70,4996,4.996,0.500,4342937353,434293735,8283.50,0.66,0.00,-1,-1,0.00
dag_7eeaa25eb2024286,unet_denoise_f66fb9f6,unet_denoise,846479,9817333.21,10155216.73,10155218.17,10160559.82,1,10,8,533.04,5330,5.330,0.533,3706976268,370697626,7070.50,0.75,0.00,-1,-1,0.00
dag_628c617e7c804df0,unet_denoise_4ca5ece1,unet_denoise,3058035,9817641.25,10160559.82,10160561.29,10165218.96,1,11,10,464.64,4646,4.646,0.465,2862200530,286220053,5459.21,0.46,0.00,-1,-1,0.00
dag_a7af186451ff4870,sampler_dc2b760b,sampler,1076091,9828119.30,10165218.96,10165220.38,10165721.98,1,7,2,49.09,490,0.490,0.049,680659149,68065914,1298.25,0.51,0.00,-1,-1,0.00
dag_c939c36c249f4616,unet_denoise_9fcc2bd1,unet_denoise,852984,9828532.35,10165721.98,10165723.42,10170707.07,1,7,2,498.30,4982,4.982,0.498,2443072538,244307253,4659.79,0.62,0.00,-1,-1,0.00
dag_475955bb70184b83,unet_denoise_cc3841db,unet_denoise,877914,9829054.45,10170707.07,10170827.49,10171766.20,2,1000,16,815.58,8155,8.155,0.816,2781183160,278118316,5304.69,0.85,0.00,-1,-1,0.00
dag_3d98a7542f9e4c06,unet_denoise_988a1bb6,unet_denoise,665144,9829461.50,10171766.20,10171767.64,10179159.27,1,12,12,738.10,7380,7.380,0.738,3416024470,341602447,6515.55,0.86,0.00,-1,-1,0.00
dag_460c3a8ec45a455a,sampler_838818c1,sampler,3071505,9839826.57,10179159.27,10179280.16,10179476.17,2,1000,16,72.27,722,0.722,0.072,678185073,67818507,1293.54,0.70,0.00,-1,-1,0.00
dag_12e6b55766fb4483,sampler_a252961a,sampler,1397302,9848477.61,10179476.17,10179477.61,10180066.26,1,6,0,57.75,577,0.577,0.058,668208896,66820889,1274.51,0.72,0.00,-1,-1,0.00
dag_0605d9f01775453c,sampler_2c68051d,sampler,638666,9858391.68,10180066.26,10180067.69,10180705.32,1,12,12,62.63,626,0.626,0.063,423508105,42350810,807.78,0.76,0.00,-1,-1,0.00
dag_52fb11ac19314df7,unet_denoise_c142f225,unet_denoise,3088750,9858823.74,10180705.32,10180706.79,10185609.47,1,7,2,489.16,4891,4.891,0.489,2348751410,234875141,4479.89,0.88,0.00,-1,-1,0.00
dag_26efd09e7e754609,sampler_5435b186,sampler,421232,9865287.79,10185609.47,10185610.92,10186147.56,1,13,14,52.52,525,0.525,0.053,265415189,26541518,506.24,0.60,0.00,-1,-1,0.00
dag_1f52bd4c90834fa8,sampler_81cfeb5b,sampler,360567,9869007.84,10186147.56,10186149.03,10186462.71,1,12,12,30.26,302,0.302,0.030,457136993,45713699,871.92,0.62,0.00,-1,-1,0.00
dag_53ac1a8f51e34e5c,sampler_91ab8c25,sampler,1745860,9874371.94,10186462.71,10186464.16,10186887.81,1,6,0,41.21,412,0.412,0.041,777615218,77761521,1483.18,0.91,0.00,-1,-1,0.00
dag_38ec206859024673,sampler_66fb14fb,sampler,364301,9884951.03,10186887.81,10186889.25,10187612.90,1,10,8,71.26,712,0.712,0.071,818872137,81887213,1561.87,0.76,0.00,-1,-1,0.00
dag_1f23f3a4c41b4836,sampler_bc77bbb3,sampler,290674,9889754.09,10187612.90,10187614.35,10187970.00,1,7,2,35.43,354,0.354,0.035,462391352,46239135,881.94,0.63,0.00,-1,-1,0.00
dag_5d27d0b9ef574f30,sampler_2c27cbbf,sampler,445937,9897817.14,10187970.00,10187971.43,10188499.06,1,9,6,51.69,516,0.516,0.052,614265926,61426592,1171.62,0.68,0.00,-1,-1,0.00
dag_1225345267d447cc,sampler_f04e7095,sampler,3131479,9905840.24,10188499.06,10188500.53,10189070.20,1,6,0,56.86,568,0.568,0.057,718536210,71853621,1370.50,0.57,0.00,-1,-1,0.00
dag_bea8b8165f864dbb,sampler_50250b36,sampler,1776489,9913422.34,10189070.20,10189191.13,10189378.18,2,1000,16,63.24,632,0.632,0.063,471906801,47190680,900.09,0.79,0.00,-1,-1,0.00
dag_ad36e74386b9411c,sampler_b2124a02,sampler,311979,9915111.41,10189378.18,10189499.48,10189636.43,2,1000,16,12.66,126,0.126,0.013,671190487,67119048,1280.19,0.68,0.00,-1,-1,0.00
dag_2ef9fa6af23a4570,sampler_19d1f14a,sampler,531091,9916308.71,10189636.43,10189637.88,10190174.53,1,12,12,52.50,525,0.525,0.053,377318304,37731830,719.68,0.75,0.00,-1,-1,0.00
dag_a4eb8e47d4f34c31,sampler_838fc4a6,sampler,1812352,9917102.39,10190174.53,10190175.95,10190538.57,1,11,10,35.17,351,0.351,0.035,121434832,12143483,231.62,0.47,0.00,-1,-1,0.00
dag_959798270e604592,sampler_616ffa5b,sampler,3166836,9922813.48,10190538.57,10190540.00,10190956.62,1,9,6,40.53,405,0.405,0.041,446609267,44660926,851.84,0.62,0.00,-1,-1,0.00
dag_63efbf42a747449f,sampler_d6bbf564,sampler,3173288,9923826.42,10190956.62,10190958.07,10191466.72,1,12,12,49.72,497,0.497,0.050,461226690,46122669,879.72,0.92,0.00,-1,-1,0.00
dag_475c47767ca54a4b,sampler_991e9810,sampler,239931,9941113.46,10191466.72,10191468.14,10192474.76,1,11,10,99.57,995,0.995,0.100,580952965,58095296,1108.08,0.83,0.00,-1,-1,0.00
dag_819bfa9f377c43e3,sampler_04c2fcfc,sampler,2392891,9968887.55,10192474.76,10192476.20,10194368.84,1,12,12,188.17,1881,1.881,0.188,410364872,41036487,782.71,0.60,0.00,-1,-1,0.00
dag_c4506bff0691461e,unet_denoise_a0aef2ea,unet_denoise,411601,9969097.62,10194368.84,10194370.31,10197814.98,1,9,6,343.34,3433,3.433,0.343,2789407505,278940750,5320.37,0.76,0.00,-1,-1,0.00
dag_7fcfd30e057e4720,unet_denoise_285cf3f7,unet_denoise,2402161,9969410.71,10197814.98,10197816.40,10200871.01,1,13,14,305.39,3053,3.053,0.305,3366220012,336622001,6420.56,0.74,0.00,-1,-1,0.00
dag_dffce61524874add,sampler_6222e6ee,sampler,1837456,9978211.79,10205953.45,10205954.92,10206535.59,1,8,4,56.96,569,0.569,0.057,420557563,42055756,802.15,0.68,0.00,-1,-1,0.00
dag_2604b14cf4864967,sampler_fe348b89,sampler,1597098,9991645.84,10206535.59,10206537.03,10207513.67,1,9,6,96.58,965,0.965,0.097,334213884,33421388,637.46,0.66,0.00,-1,-1,0.00
dag_48ce7371571e408e,sampler_ff839800,sampler,2443694,9994294.96,10207513.67,10207515.09,10207674.71,1,12,12,14.88,148,0.148,0.015,402463436,40246343,767.64,0.68,0.00,-1,-1,0.00
dag_158e662ab43f41be,unet_denoise_86320d08,unet_denoise,1879793,9995665.02,10207674.71,10207676.15,10230575.78,1,12,12,2288.88,22888,22.888,2.289,1909899069,190989906,3642.84,0.85,0.00,-1,-1,0.00
dag_b1b7f34a46354e06,unet_denoise_702560e2,unet_denoise,1601341,9996030.14,10230575.78,10230577.22,10234961.86,1,8,4,438.37,4383,4.383,0.438,3946593410,394659341,7527.53,0.59,0.00,-1,-1,0.00
dag_df9fc3aa30db4ac6,unet_denoise_ed2bb535,unet_denoise,955731,9996614.23,10234961.86,10234963.29,10243670.92,1,7,2,869.64,8696,8.696,0.870,4123679721,412367972,7865.29,0.86,0.00,-1,-1,0.00
dag_58f9446bbd3d4230,sampler_0a5efac8,sampler,2508851,10006156.31,10243670.92,10243672.36,10244358.01,1,6,0,67.42,674,0.674,0.067,629471258,62947125,1200.62,0.42,0.00,-1,-1,0.00
dag_72c99ec3b9a54445,unet_denoise_1c5c496e,unet_denoise,788640,10006813.37,10244358.01,10244479.24,10245724.85,2,1000,16,1121.40,11214,11.214,1.121,4380295319,438029531,8354.75,0.71,0.00,-1,-1,0.00
dag_c662227e80b24669,unet_denoise_a96f680f,unet_denoise,1635280,10007234.50,10245724.85,10245845.25,10246645.21,2,1000,16,676.80,6768,6.768,0.677,2463351057,246335105,4698.47,0.52,0.00,-1,-1,0.00
dag_301b8aa355cf41a5,sampler_f35a6020,sampler,1924705,10017530.58,10246645.21,10246646.64,10247352.27,1,12,12,69.45,694,0.694,0.069,498205696,49820569,950.25,0.41,0.00,-1,-1,0.00
dag_7da0a6ba311a4a8d,unet_denoise_adc4d466,unet_denoise,2557185,10017775.63,10247352.27,10247353.71,10252533.34,1,12,12,516.88,5168,5.168,0.517,1594504046,159450404,3041.28,0.60,0.00,-1,-1,0.00
dag_087a3e55add54b84,unet_denoise_a1ed3fd6,unet_denoise,2579922,10018102.67,10252533.34,10252653.73,10253186.90,2,1000,16,410.02,4100,4.100,0.410,4889162350,488916235,9325.34,0.53,0.00,-1,-1,0.00
dag_0a118d4db805487c,sampler_4184eb43,sampler,2597180,10035506.71,10253186.90,10253188.36,10254423.02,1,7,2,122.38,1223,1.223,0.122,601815343,60181534,1147.87,0.58,0.00,-1,-1,0.00
dag_bb8425b128964146,unet_denoise_51f33ce6,unet_denoise,2714901,10035948.84,10254423.02,10254424.48,10262446.14,1,12,12,801.09,8010,8.010,0.801,3503674018,350367401,6682.73,0.90,0.00,-1,-1,0.00
dag_99104302e6ae4866,unet_denoise_09993b00,unet_denoise,2736704,10036402.93,10262446.14,10262447.60,10269746.27,1,11,10,728.80,7287,7.287,0.729,3155762146,315576214,6019.14,0.71,0.00,-1,-1,0.00
dag_3616f9eb4acd4cce,unet_denoise_3b2c3a37,unet_denoise,2740620,10036957.00,10269746.27,10269747.70,10278056.32,1,8,4,829.71,8297,8.297,0.830,2801752496,280175249,5343.92,0.67,0.00,-1,-1,0.00
dag_4612b1ef61374610,unet_denoise_31b08ca9,unet_denoise,2746361,10037253.63,10278056.32,10278057.75,10288053.38,1,6,0,998.45,9984,9.984,0.998,2690808362,269080836,5132.31,0.90,0.00,-1,-1,0.00
dag_6751fb9a83ed408d,sampler_89ac93d9,sampler,1980673,10038297.94,10288053.38,10288174.17,10288340.55,2,1000,16,42.73,427,0.427,0.043,767869126,76786912,1464.59,0.59,0.00,-1,-1,0.00
dag_e7ccfd39016d4183,sampler_36a3b134,sampler,2044685,10042726.07,10288340.55,10288342.01,10288625.67,1,8,4,27.26,272,0.272,0.027,581023483,58102348,1108.21,0.74,0.00,-1,-1,0.00
dag_2672a5cdae594062,unet_denoise_1c43d86a,unet_denoise,2065622,10042992.21,10288625.67,10288627.11,10294486.75,1,7,2,585.85,5858,5.858,0.586,5576107285,557610728,10635.58,0.91,0.00,-1,-1,0.00
dag_daff787d847b4d66,unet_denoise_bc2fd845,unet_denoise,2871924,10043266.69,10294486.75,10294488.21,10298679.87,1,12,12,418.07,4180,4.180,0.418,3465120887,346512088,6609.19,0.86,0.00,-1,-1,0.00
dag_45623821bc4b48ca,unet_denoise_8fdc07d9,unet_denoise,2913489,10043676.82,10298679.87,10298800.66,10299585.74,2,1000,16,661.42,6614,6.614,0.661,4379130171,437913017,8352.53,0.56,0.00,-1,-1,0.00
dag_02c30d07c2df4f53,sampler_44d93a9b,sampler,2094720,10052186.89,10299585.74,10299587.18,10300178.82,1,6,0,58.00,580,0.580,0.058,724773330,72477333,1382.40,0.93,0.00,-1,-1,0.00
dag_8240779e963a41fd,sampler_429f2bdb,sampler,2195145,10053102.45,10300178.82,10300180.24,10300602.86,1,9,6,41.20,411,0.411,0.041,560242792,56024279,1068.58,0.67,0.00,-1,-1,0.00
dag_8a885e2c63a444bc,sampler_c1408466,sampler,1639359,10059913.54,10300602.86,10300604.29,10301165.92,1,12,12,55.04,550,0.550,0.055,580308949,58030894,1106.85,0.63,0.00,-1,-1,0.00
dag_046e5a04b57748db,sampler_3d8be492,sampler,2207056,10060854.02,10301165.92,10301167.34,10301621.96,1,9,6,45.33,453,0.453,0.045,667348812,66734881,1272.87,0.66,0.00,-1,-1,0.00
dag_0e0ca4159e544e86,sampler_2147f98d,sampler,2944176,10069147.14,10301621.96,10301623.42,10302156.08,1,13,14,52.17,521,0.521,0.052,394500083,39450008,752.45,0.56,0.00,-1,-1,0.00
dag_79b32ae1f64043d1,sampler_276ba155,sampler,1020281,10092273.26,10302156.08,10302157.51,10303557.14,1,12,12,138.84,1388,1.388,0.139,576761870,57676187,1100.09,0.47,0.00,-1,-1,0.00
dag_9c3a4b173dc84179,unet_denoise_f851718d,unet_denoise,1024634,10092835.35,10303557.14,10303558.58,10310605.22,1,9,6,703.55,7035,7.035,0.704,2183101765,218310176,4163.94,0.94,0.00,-1,-1,0.00
dag_c4fc9dded3924f0a,unet_denoise_9e57f591,unet_denoise,832179,10093110.47,10310605.22,10310606.66,10316340.29,1,12,12,572.27,5722,5.722,0.572,3840421772,384042177,7325.02,0.70,0.00,-1,-1,0.00
dag_44a26dab89444865,sampler_3c7569e1,sampler,1234450,10099095.59,10316340.29,10316341.72,10316772.35,1,6,0,41.92,419,0.419,0.042,501269122,50126912,956.09,0.51,0.00,-1,-1,0.00
dag_58e29ceb412c47dc,unet_denoise_681c7b8a,unet_denoise,1045271,10099391.64,10316772.35,10316773.79,10321062.43,1,11,10,427.77,4277,4.277,0.428,1993520007,199352000,3802.34,0.40,0.00,-1,-1,0.00
dag_3ae1fe8af2dd4c57,sampler_5b76095b,sampler,1245010,10109613.71,10321062.43,10321063.87,10321652.50,1,12,12,57.76,577,0.577,0.058,359690662,35969066,686.06,0.77,0.00,-1,-1,0.00
dag_46cf51d5c3044117,unet_denoise_df8e0e19,unet_denoise,3003208,10109895.82,10321652.50,10321653.96,10327827.62,1,11,10,616.29,6162,6.162,0.616,3422627194,342262719,6528.14,0.47,0.00,-1,-1,0.00
dag_46455272cbe54ec8,unet_denoise_b45a5a3f,unet_denoise,2255434,10110743.90,10327827.62,10327829.04,10338743.66,1,6,0,1090.39,10903,10.903,1.090,4301399636,430139963,8204.27,0.87,0.00,-1,-1,0.00
dag_41ec2176cd454bc4,sampler_d99b56d8,sampler,1518045,10116401.98,10338743.66,10338745.09,10339282.71,1,8,4,52.68,526,0.526,0.053,368791592,36879159,703.41,0.59,0.00,-1,-1,0.00
dag_e0bf0b0c3c93417d,sampler_f181d450,sampler,1521599,10121499.07,10339282.71,10339284.15,10339600.79,1,6,0,30.54,305,0.305,0.031,419847872,41984787,800.80,0.51,0.00,-1,-1,0.00
dag_73f06810d4f94121,unet_denoise_096a93f2,unet_denoise,1048269,10122028.10,10339600.79,10339602.25,10348787.91,1,8,4,917.45,9174,9.174,0.917,2004957659,200495765,3824.15,0.53,0.00,-1,-1,0.00
dag_66afb2b173ef46b3,unet_denoise_c379e5d1,unet_denoise,1689059,10122308.16,10348787.91,10348789.34,10352294.97,1,6,0,349.40,3494,3.494,0.349,1843714100,184371410,3516.61,0.95,0.00,-1,-1,0.00
dag_acef7e389a114bcc,unet_denoise_e6604c99,unet_denoise,833139,10122653.25,10352294.97,10352296.39,10358171.01,1,7,2,586.39,5863,5.863,0.586,2374206902,237420690,4528.44,0.76,0.00,-1,-1,0.00
dag_06313785c32c493a,sampler_c7fac62f,sampler,1253795,10127155.38,10358171.01,10358172.43,10358452.05,1,13,14,26.81,268,0.268,0.027,496147959,49614795,946.33,0.42,0.00,-1,-1,0.00
dag_4223921a13d94f85,sampler_699a880c,sampler,1528507,10139258.46,10358452.05,10358572.64,10358769.65,2,1000,16,73.63,736,0.736,0.074,326478475,32647847,622.71,0.91,0.00,-1,-1,0.00
dag_6c49e8f33c75421e,sampler_5059e0ef,sampler,2304077,10146290.55,10358769.65,10358771.09,10359251.73,1,8,4,46.94,469,0.469,0.047,430338875,43033887,820.81,0.86,0.00,-1,-1,0.00
dag_e4d333c3eab5448d,sampler_84dadcf8,sampler,1697292,10150207.68,10359251.73,10359372.45,10359526.24,2,1000,16,30.29,302,0.302,0.030,429700791,42970079,819.59,0.91,0.00,-1,-1,0.00
dag_eb11baf7ee404c2f,sampler_5a94e29f,sampler,1530044,10155216.73,10359526.24,10359527.67,10359830.30,1,7,2,29.16,291,0.291,0.029,715013376,71501337,1363.78,0.69,0.00,-1,-1,0.00
dag_7eeaa25eb2024286,sampler_df5a0262,sampler,846479,10160559.82,10359830.30,10359831.73,10360151.36,1,12,12,30.89,308,0.308,0.031,714594838,71459483,1362.98,0.56,0.00,-1,-1,0.00
dag_628c617e7c804df0,sampler_b24a999b,sampler,3058035,10165218.96,10360151.36,10360152.82,10360511.47,1,6,0,35.75,357,0.357,0.036,507210079,50721007,967.43,0.81,0.00,-1,-1,0.00
dag_a7af186451ff4870,unet_denoise_5e0afd13,unet_denoise,1076091,10165721.98,10360511.47,10360512.93,10370010.59,1,10,8,948.60,9486,9.486,0.949,2684757882,268475788,5120.77,0.71,0.00,-1,-1,0.00
dag_c939c36c249f4616,sampler_5121e6ac,sampler,852984,10170707.07,10370010.59,10370012.01,10370333.62,1,10,8,31.02,310,0.310,0.031,541149803,54114980,1032.16,0.92,0.00,-1,-1,0.00
dag_475955bb70184b83,sampler_2096f671,sampler,877914,10171766.20,10370333.62,10370454.34,10370619.43,2,1000,16,41.55,415,0.415,0.042,720294281,72029428,1373.85,0.95,0.00,-1,-1,0.00
dag_3d98a7542f9e4c06,sampler_3f4d6351,sampler,665144,10179159.27,10370619.43,10370620.86,10371034.48,1,13,14,40.21,402,0.402,0.040,562285241,56228524,1072.47,0.71,0.00,-1,-1,0.00
dag_460c3a8ec45a455a,unet_denoise_98b6da5f,unet_denoise,3071505,10179476.17,10371034.48,10371155.13,10372240.44,2,1000,16,961.81,9618,9.618,0.962,2376830539,237683053,4533.44,0.74,0.00,-1,-1,0.00
dag_12e6b55766fb4483,unet_denoise_7fde1f6b,unet_denoise,1397302,10180066.26,10372240.44,10372241.85,10381453.46,1,10,8,920.07,9200,9.200,0.920,3663505337,366350533,6987.58,0.88,0.00,-1,-1,0.00
dag_0605d9f01775453c,unet_denoise_893dc0e2,unet_denoise,638666,10180705.32,10381453.46,10381574.12,10382499.17,2,1000,16,801.60,8015,8.015,0.802,3290935774,329093577,6276.96,0.69,0.00,-1,-1,0.00
dag_52fb11ac19314df7,sampler_993546f9,sampler,3088750,10185609.47,10382499.17,10382500.60,10382932.24,1,10,8,42.06,420,0.420,0.042,544968811,54496881,1039.45,0.82,0.00,-1,-1,0.00
dag_1f52bd4c90834fa8,unet_denoise_75e68ddf,unet_denoise,360567,10186462.71,10390001.67,10390003.09,10393735.71,1,9,6,372.16,3721,3.721,0.372,3260939152,326093915,6219.75,0.55,0.00,-1,-1,0.00
dag_53ac1a8f51e34e5c,unet_denoise_a3e74b56,unet_denoise,1745860,10186887.81,10393735.71,10393737.13,10400120.74,1,10,8,637.21,6372,6.372,0.637,4872449215,487244921,9293.46,0.51,0.00,-1,-1,0.00
dag_38ec206859024673,unet_denoise_b045ab87,unet_denoise,364301,10187612.90,10400120.74,10400122.18,10410946.81,1,6,0,1081.32,10813,10.813,1.081,4110531513,411053151,7840.22,0.91,0.00,-1,-1,0.00
dag_1f23f3a4c41b4836,unet_denoise_ebde7a1e,unet_denoise,290674,10187970.00,10410946.81,10411067.84,10411634.83,2,1000,16,443.05,4430,4.430,0.443,3210532824,321053282,6123.61,0.53,0.00,-1,-1,0.00
dag_5d27d0b9ef574f30,unet_denoise_b0e6f732,unet_denoise,445937,10188499.06,10411634.83,10411636.28,10419206.93,1,6,0,756.92,7569,7.569,0.757,2712519126,271251912,5173.72,0.61,0.00,-1,-1,0.00
dag_1225345267d447cc,unet_denoise_df8aae16,unet_denoise,3131479,10189070.20,10419206.93,10419208.39,10426693.04,1,9,6,747.36,7473,7.473,0.747,2477392111,247739211,4725.25,0.45,0.00,-1,-1,0.00
dag_bea8b8165f864dbb,unet_denoise_1eabba71,unet_denoise,1776489,10189378.18,10426693.04,10426694.49,10437091.14,1,11,10,1038.58,10385,10.385,1.039,2415534079,241553407,4607.27,0.92,0.00,-1,-1,0.00
dag_ad36e74386b9411c,unet_denoise_cb7c7d46,unet_denoise,311979,10189636.43,10437091.14,10437092.57,10438946.20,1,8,4,184.30,1842,1.842,0.184,2581894338,258189433,4924.57,0.74,0.00,-1,-1,0.00
dag_2ef9fa6af23a4570,unet_denoise_38527a21,unet_denoise,531091,10190174.53,10438946.20,10438947.63,10447416.26,1,12,12,845.78,8457,8.457,0.846,3802664538,380266453,7253.01,0.72,0.00,-1,-1,0.00
dag_a4eb8e47d4f34c31,unet_denoise_eb465a3e,unet_denoise,1812352,10190538.57,10447416.26,10447417.70,10452757.34,1,10,8,532.85,5328,5.328,0.533,3598675050,359867505,6863.93,0.68,0.00,-1,-1,0.00
dag_959798270e604592,unet_denoise_f0466e8d,unet_denoise,3166836,10190956.62,10452757.34,10452878.00,10453601.60,2,1000,16,600.11,6001,6.001,0.600,2308398571,230839857,4402.92,0.69,0.00,-1,-1,0.00
dag_63efbf42a747449f,unet_denoise_d39bb0db,unet_denoise,3173288,10191466.72,10453601.60,10453603.05,10462407.71,1,6,0,880.39,8803,8.803,0.880,1803575143,180357514,3440.05,0.72,0.00,-1,-1,0.00
dag_475c47767ca54a4b,unet_denoise_77f1d6c5,unet_denoise,239931,10192474.76,10462407.71,10462409.14,10480361.77,1,8,4,1794.10,17941,17.941,1.794,4163877502,416387750,7941.97,0.64,0.00,-1,-1,0.00
dag_819bfa9f377c43e3,unet_denoise_d38e164e,unet_denoise,2392891,10194368.84,10480361.77,10480363.20,10503073.83,1,8,4,2269.93,22699,22.699,2.270,2311090094,231109009,4408.05,0.85,0.00,-1,-1,0.00
dag_c4506bff0691461e,sampler_3f73b3bf,sampler,411601,10197814.98,10503073.83,10503075.27,10503304.92,1,12,12,21.88,218,0.218,0.022,478153217,47815321,912.00,0.93,0.00,-1,-1,0.00
dag_7fcfd30e057e4720,sampler_3b029328,sampler,2402161,10200871.01,10503304.92,10503306.35,10503497.98,1,10,8,19.04,190,0.190,0.019,531294083,53129408,1013.36,0.44,0.00,-1,-1,0.00
dag_dffce61524874add,unet_denoise_034a2eef,unet_denoise,1837456,10206535.59,10503497.98,10503499.43,10512225.07,1,6,0,871.50,8714,8.714,0.871,3282420268,328242026,6260.72,0.68,0.00,-1,-1,0.00
dag_2604b14cf4864967,unet_denoise_3c0a5bc1,unet_denoise,1597098,10207513.67,10512225.07,10512226.50,10526543.11,1,8,4,1430.58,14305,14.305,1.431,2857154693,285715469,5449.59,0.69,0.00,-1,-1,0.00
dag_48ce7371571e408e,unet_denoise_aeafe5e0,unet_denoise,2443694,10207674.71,10526543.11,10526544.55,10529535.19,1,9,6,297.91,2979,2.979,0.298,4310919045,431091904,8222.43,0.55,0.00,-1,-1,0.00
dag_158e662ab43f41be,sampler_df8b951d,sampler,1879793,10230575.78,10529535.19,10529536.60,10530834.21,1,7,2,128.61,1286,1.286,0.129,512606771,51260677,977.72,0.86,0.00,-1,-1,0.00
dag_b1b7f34a46354e06,sampler_c5f1ed9d,sampler,1601341,10234961.86,10530834.21,10530835.66,10531189.30,1,9,6,34.25,342,0.342,0.034,406099470,40609947,774.57,0.48,0.00,-1,-1,0.00
dag_df9fc3aa30db4ac6,sampler_0b091f63,sampler,955731,10243670.92,10531189.30,10531190.73,10531806.36,1,6,0,60.49,604,0.604,0.060,355286323,35528632,677.65,0.70,0.00,-1,-1,0.00
dag_58f9446bbd3d4230,unet_denoise_63b5433b,unet_denoise,2508851,10244358.01,10531806.36,10531807.81,10540355.46,1,10,8,853.68,8536,8.536,0.854,3541622110,354162211,6755.11,0.44,0.00,-1,-1,0.00
dag_72c99ec3b9a54445,sampler_6064621c,sampler,788640,10245724.85,10540355.46,10540356.90,10540989.54,1,9,6,62.12,621,0.621,0.062,507181385,50718138,967.37,0.93,0.00,-1,-1,0.00
dag_c662227e80b24669,sampler_2731bd22,sampler,1635280,10246645.21,10540989.54,10540990.98,10541380.63,1,13,14,37.90,378,0.378,0.038,628067917,62806791,1197.94,0.86,0.00,-1,-1,0.00
dag_301b8aa355cf41a5,unet_denoise_74ac0ea8,unet_denoise,1924705,10247352.27,10541380.63,10541382.08,10550353.73,1,9,6,896.04,8960,8.960,0.896,3413941552,341394155,6511.58,0.91,0.00,-1,-1,0.00
dag_7da0a6ba311a4a8d,sampler_f0cb811d,sampler,2557185,10252533.34,10550353.73,10550355.17,10550688.82,1,7,2,32.20,322,0.322,0.032,325551897,32555189,620.94,0.55,0.00,-1,-1,0.00
dag_087a3e55add54b84,sampler_debbfa6d,sampler,2579922,10253186.90,10550688.82,10550809.58,10550963.31,2,1000,16,30.11,301,0.301,0.030,471998760,47199876,900.27,0.65,0.00,-1,-1,0.00
dag_0a118d4db805487c,unet_denoise_f2e007de,unet_denoise,2597180,10254423.02,10550963.31,10551084.07,10552910.50,2,1000,16,1702.87,17028,17.028,1.703,4637454557,463745455,8845.24,0.91,0.00,-1,-1,0.00
dag_bb8425b128964146,sampler_ac2a37fa,sampler,2714901,10262446.14,10552910.50,10552911.95,10553390.59,1,13,14,46.79,467,0.467,0.047,342869242,34286924,653.97,0.68,0.00,-1,-1,0.00
dag_99104302e6ae4866,sampler_e4785f42,sampler,2736704,10269746.27,10553390.59,10553392.03,10553848.67,1,6,0,44.55,445,0.445,0.045,389182137,38918213,742.31,0.82,0.00,-1,-1,0.00
dag_3616f9eb4acd4cce,sampler_56b742d1,sampler,2740620,10278056.32,10553848.67,10553850.12,10554394.77,1,6,0,54.38,543,0.543,0.054,470708661,47070866,897.81,0.43,0.00,-1,-1,0.00
dag_4612b1ef61374610,sampler_c553420d,sampler,2746361,10288053.38,10554394.77,10554396.20,10554947.84,1,6,0,54.08,540,0.540,0.054,484078600,48407860,923.31,0.83,0.00,-1,-1,0.00
dag_6751fb9a83ed408d,unet_denoise_31c49236,unet_denoise,1980673,10288340.55,10554947.84,10554949.29,10561356.94,1,12,12,639.63,6396,6.396,0.640,4115983186,411598318,7850.61,0.41,0.00,-1,-1,0.00
dag_e7ccfd39016d4183,unet_denoise_e8887720,unet_denoise,2044685,10288625.67,10561356.94,10561358.38,10566033.02,1,12,12,466.36,4663,4.663,0.466,2739142612,273914261,5224.50,0.82,0.00,-1,-1,0.00
dag_2672a5cdae594062,sampler_a0c05199,sampler,2065622,10294486.75,10566033.02,10566034.46,10566421.11,1,8,4,37.54,375,0.375,0.038,693991344,69399134,1323.68,0.84,0.00,-1,-1,0.00
dag_daff787d847b4d66,sampler_fdc42322,sampler,2871924,10298679.87,10566421.11,10566422.55,10566746.19,1,8,4,31.20,312,0.312,0.031,328524484,32852448,626.61,0.66,0.00,-1,-1,0.00
dag_45623821bc4b48ca,sampler_b3c0329e,sampler,2913489,10299585.74,10566746.19,10566747.64,10567317.29,1,11,10,55.84,558,0.558,0.056,477256473,47725647,910.29,0.87,0.00,-1,-1,0.00
dag_02c30d07c2df4f53,unet_denoise_d9e2c163,unet_denoise,2094720,10300178.82,10567317.29,10567318.73,10576814.36,1,8,4,949.41,9494,9.494,0.949,4106599538,410659953,7832.72,0.64,0.00,-1,-1,0.00
dag_8240779e963a41fd,unet_denoise_fb0694ac,unet_denoise,2195145,10300602.86,10576814.36,10576815.78,10583499.39,1,8,4,667.30,6672,6.672,0.667,2874981893,287498189,5483.59,0.64,0.00,-1,-1,0.00
dag_8a885e2c63a444bc,unet_denoise_a9abafa6,unet_denoise,1639359,10301165.92,10583499.39,10583500.83,10592381.48,1,8,4,886.92,8869,8.869,0.887,3544339443,354433944,6760.29,0.89,0.00,-1,-1,0.00
dag_046e5a04b57748db,unet_denoise_88940dbc,unet_denoise,2207056,10301621.96,10592381.48,10592382.93,10598908.58,1,11,10,651.44,6514,6.514,0.651,3663297783,366329778,6987.19,0.87,0.00,-1,-1,0.00
dag_0e0ca4159e544e86,unet_denoise_e142680f,unet_denoise,2944176,10302156.08,10598908.58,10599029.10,10600194.64,2,1000,16,1042.21,10422,10.422,1.042,2929291364,292929136,5587.18,0.73,0.00,-1,-1,0.00
dag_79b32ae1f64043d1,unet_denoise_27b1150f,unet_denoise,1020281,10303557.14,10600194.64,10600196.08,10618765.73,1,7,2,1855.83,18558,18.558,1.856,3056468059,305646805,5829.75,0.70,0.00,-1,-1,0.00
dag_9c3a4b173dc84179,sampler_eae7be0f,sampler,1024634,10310605.22,10618765.73,10618767.18,10619336.81,1,8,4,55.85,558,0.558,0.056,244138527,24413852,465.66,0.71,0.00,-1,-1,0.00
dag_c4fc9dded3924f0a,sampler_2e3da689,sampler,832179,10316340.29,10619336.81,10619338.25,10619659.88,1,6,0,31.07,310,0.310,0.031,407166444,40716644,776.61,0.72,0.00,-1,-1,0.00
dag_44a26dab89444865,unet_denoise_c45fd944,unet_denoise,1234450,10316772.35,10619659.88,10619661.33,10625916.98,1,10,8,624.47,6244,6.244,0.624,2095152350,209515235,3996.19,0.56,0.00,-1,-1,0.00
dag_58e29ceb412c47dc,sampler_9401274c,sampler,1045271,10321062.43,10625916.98,10625918.43,10626258.08,1,10,8,32.89,328,0.328,0.033,447497158,44749715,853.53,0.44,0.00,-1,-1,0.00
dag_3ae1fe8af2dd4c57,unet_denoise_fa73d325,unet_denoise,1245010,10321652.50,10626258.08,10626259.50,10636573.11,1,7,2,1030.30,10302,10.302,1.030,3094311227,309431122,5901.93,0.45,0.00,-1,-1,0.00
dag_46cf51d5c3044117,sampler_94a5d38c,sampler,3003208,10327827.62,10636573.11,10636574.53,10637037.13,1,13,14,45.17,451,0.451,0.045,659225430,65922543,1257.37,0.61,0.00,-1,-1,0.00
dag_46455272cbe54ec8,sampler_897d7715,sampler,2255434,10338743.66,10637037.13,10637038.56,10637734.19,1,7,2,68.42,684,0.684,0.068,403377169,40337716,769.38,0.77,0.00,-1,-1,0.00
dag_41ec2176cd454bc4,unet_denoise_1ba65e0e,unet_denoise,1518045,10339282.71,10637734.19,10637735.62,10643975.25,1,9,6,622.86,6228,6.228,0.623,4193668959,419366895,7998.79,0.65,0.00,-1,-1,0.00
dag_e0bf0b0c3c93417d,unet_denoise_5200f751,unet_denoise,1521599,10339600.79,10643975.25,10643976.69,10648928.33,1,10,8,494.08,4940,4.940,0.494,5052870745,505287074,9637.59,0.58,0.00,-1,-1,0.00
dag_73f06810d4f94121,sampler_1e6eaae5,sampler,1048269,10348787.91,10648928.33,10648929.77,10649461.40,1,6,0,52.01,520,0.520,0.052,521480921,52148092,994.65,0.82,0.00,-1,-1,0.00
dag_66afb2b173ef46b3,sampler_d1e96af5,sampler,1689059,10352294.97,10649461.40,10649462.83,10649753.45,1,11,10,27.96,279,0.279,0.028,437663542,43766354,834.78,0.93,0.00,-1,-1,0.00
dag_acef7e389a114bcc,sampler_f1f7bc47,sampler,833139,10358171.01,10649753.45,10649754.90,10650134.55,1,10,8,36.81,368,0.368,0.037,549505164,54950516,1048.10,0.78,0.00,-1,-1,0.00
dag_06313785c32c493a,unet_denoise_4f2d66f9,unet_denoise,1253795,10358452.05,10650134.55,10650255.47,10650857.22,2,1000,16,478.00,4779,4.779,0.478,2534210624,253421062,4833.62,0.80,0.00,-1,-1,0.00
dag_4223921a13d94f85,unet_denoise_52b897a9,unet_denoise,1528507,10358769.65,10650857.22,10650858.66,10663077.30,1,9,6,1220.73,12207,12.207,1.221,3264998227,326499822,6227.49,0.43,0.00,-1,-1,0.00
dag_6c49e8f33c75421e,unet_denoise_e7cb14b6,unet_denoise,2304077,10359251.73,10663077.30,10663078.74,10670259.39,1,12,12,716.92,7169,7.169,0.717,2865471448,286547144,5465.45,0.80,0.00,-1,-1,0.00
dag_e4d333c3eab5448d,unet_denoise_04219839,unet_denoise,1697292,10359526.24,10670259.39,10670380.18,10670925.95,2,1000,16,422.18,4221,4.221,0.422,3165478589,316547858,6037.67,0.77,0.00,-1,-1,0.00
dag_eb11baf7ee404c2f,unet_denoise_deb4a84a,unet_denoise,1530044,10359830.30,10670925.95,10670927.40,10674657.04,1,6,0,372.82,3728,3.728,0.373,3070154224,307015422,5855.85,0.70,0.00,-1,-1,0.00
dag_7eeaa25eb2024286,unet_denoise_6b6bfc45,unet_denoise,846479,10360151.36,10674657.04,10674658.49,10679852.13,1,6,0,519.27,5192,5.192,0.519,2905462907,290546290,5541.73,0.50,0.00,-1,-1,0.00
dag_628c617e7c804df0,unet_denoise_0a497cf4,unet_denoise,3058035,10360511.47,10679852.13,10679972.99,10680590.85,2,1000,16,494.14,4941,4.941,0.494,2942197447,294219744,5611.80,0.92,0.00,-1,-1,0.00
dag_a7af186451ff4870,sampler_83600bab,sampler,1076091,10370010.59,10680590.85,10680592.30,10681199.94,1,10,8,59.65,596,0.596,0.060,426151476,42615147,812.82,0.92,0.00,-1,-1,0.00
dag_c939c36c249f4616,unet_denoise_6f825fe0,unet_denoise,852984,10370333.62,10681199.94,10681201.38,10687347.02,1,12,12,613.45,6134,6.134,0.613,3348429228,334842922,6386.62,0.76,0.00,-1,-1,0.00
dag_475955bb70184b83,unet_denoise_7b4ac9ac,unet_denoise,877914,10370619.43,10687347.02,10687348.47,10696315.11,1,7,2,895.59,8955,8.955,0.896,2745194691,274519469,5236.04,0.91,0.00,-1,-1,0.00
dag_3d98a7542f9e4c06,unet_denoise_bca9b97e,unet_denoise,665144,10371034.48,10696315.11,10696435.93,10697198.05,2,1000,16,638.48,6384,6.384,0.638,2836180287,283618028,5409.58,0.70,0.00,-1,-1,0.00
dag_460c3a8ec45a455a,sampler_6f0c6ef1,sampler,3071505,10372240.44,10697198.05,10697199.49,10697922.14,1,8,4,71.14,711,0.711,0.071,641263066,64126306,1223.11,0.70,0.00,-1,-1,0.00
dag_12e6b55766fb4483,sampler_4376af79,sampler,1397302,10381453.46,10697922.14,10697923.55,10698564.16,1,8,4,62.96,629,0.629,0.063,673541932,67354193,1284.68,0.81,0.00,-1,-1,0.00
dag_0605d9f01775453c,sampler_fb4173b0,sampler,638666,10382499.17,10698564.16,10698565.60,10699191.24,1,13,14,61.44,614,0.614,0.061,525672962,52567296,1002.64,0.66,0.00,-1,-1,0.00
dag_52fb11ac19314df7,unet_denoise_29b1599a,unet_denoise,3088750,10382932.24,10699191.24,10699192.68,10705612.33,1,12,12,640.86,6408,6.408,0.641,3809382034,380938203,7265.82,0.77,0.00,-1,-1,0.00
dag_1f52bd4c90834fa8,sampler_6c21cf5e,sampler,360567,10393735.71,10705612.33,10705613.77,10705898.41,1,6,0,27.36,273,0.273,0.027,451526562,45152656,861.22,0.50,0.00,-1,-1,0.00
dag_53ac1a8f51e34e5c,sampler_a53b4f90,sampler,1745860,10400120.74,10705898.41,10705899.86,10706351.50,1,9,6,44.09,440,0.440,0.044,554061005,55406100,1056.79,0.51,0.00,-1,-1,0.00
dag_38ec206859024673,sampler_401e087e,sampler,364301,10410946.81,10706351.50,10706472.32,10706673.04,2,1000,16,77.09,770,0.770,0.077,509203609,50920360,971.23,0.54,0.00,-1,-1,0.00
dag_1f23f3a4c41b4836,sampler_18ead5e2,sampler,290674,10411634.83,10706673.04,10706674.49,10706986.13,1,13,14,30.05,300,0.300,0.030,684743989,68474398,1306.05,0.90,0.00,-1,-1,0.00
dag_5d27d0b9ef574f30,sampler_b9d79c82,sampler,445937,10419206.93,10706986.13,10706987.56,10707614.18,1,11,10,61.50,615,0.615,0.062,515906084,51590608,984.01,0.78,0.00,-1,-1,0.00
dag_1225345267d447cc,sampler_fc010b22,sampler,3131479,10426693.04,10707614.18,10707615.62,10708053.27,1,11,10,42.65,426,0.426,0.043,448484850,44848485,855.42,0.58,0.00,-1,-1,0.00
dag_bea8b8165f864dbb,sampler_9511f05e,sampler,1776489,10437091.14,10708053.27,10708054.70,10708649.33,1,11,10,58.34,583,0.583,0.058,493928059,49392805,942.09,0.88,0.00,-1,-1,0.00
dag_ad36e74386b9411c,sampler_06509d7c,sampler,311979,10438946.20,10708649.33,10708650.77,10708779.41,1,12,12,11.79,117,0.117,0.012,470034458,47003445,896.52,0.80,0.00,-1,-1,0.00
dag_2ef9fa6af23a4570,sampler_c142f3a8,sampler,531091,10447416.26,10708779.41,10708780.85,10709296.50,1,10,8,50.44,504,0.504,0.050,576591224,57659122,1099.76,0.87,0.00,-1,-1,0.00
dag_a4eb8e47d4f34c31,sampler_b8c726aa,sampler,1812352,10452757.34,10709296.50,10709297.94,10709623.58,1,11,10,31.50,314,0.314,0.031,541720065,54172006,1033.25,0.41,0.00,-1,-1,0.00
dag_959798270e604592,sampler_20ce644f,sampler,3166836,10453601.60,10709623.58,10709625.03,10710073.67,1,6,0,43.76,437,0.437,0.044,621363864,62136386,1185.16,0.77,0.00,-1,-1,0.00
dag_63efbf42a747449f,sampler_3860453c,sampler,3173288,10462407.71,10710073.67,10710075.09,10710679.72,1,10,8,59.34,593,0.593,0.059,348696100,34869610,665.09,0.59,0.00,-1,-1,0.00
dag_819bfa9f377c43e3,sampler_4baa2993,sampler,2392891,10503073.83,10711935.16,10711936.60,10713463.25,1,8,4,151.55,1515,1.515,0.152,648591745,64859174,1237.09,0.88,0.00,-1,-1,0.00
dag_c4506bff0691461e,unet_denoise_ac571fa4,unet_denoise,411601,10503304.92,10713463.25,10713464.69,10716343.34,1,10,8,286.73,2867,2.867,0.287,3261135146,326113514,6220.12,0.57,0.00,-1,-1,0.00
dag_7fcfd30e057e4720,unet_denoise_52c0cc6f,unet_denoise,2402161,10503497.98,10716343.34,10716344.78,10719431.42,1,10,8,307.56,3075,3.075,0.308,2347434252,234743425,4477.38,0.52,0.00,-1,-1,0.00
dag_dffce61524874add,sampler_f158211b,sampler,1837456,10512225.07,10719431.42,10719432.85,10720094.49,1,12,12,65.03,650,0.650,0.065,361463695,36146369,689.44,0.77,0.00,-1,-1,0.00
dag_2604b14cf4864967,sampler_b18696f5,sampler,1597098,10526543.11,10720094.49,10720095.94,10720890.58,1,10,8,78.32,783,0.783,0.078,701799367,70179936,1338.58,0.41,0.00,-1,-1,0.00
dag_48ce7371571e408e,sampler_33f9f08e,sampler,2443694,10529535.19,10720890.58,10720892.02,10721093.67,1,11,10,19.04,190,0.190,0.019,524095177,52409517,999.63,0.82,0.00,-1,-1,0.00
dag_158e662ab43f41be,unet_denoise_c67bde6f,unet_denoise,1879793,10530834.21,10721093.67,10721095.11,10747453.75,1,6,0,2634.74,26347,26.347,2.635,2435162341,243516234,4644.70,0.74,0.00,-1,-1,0.00
dag_b1b7f34a46354e06,unet_denoise_133b5a19,unet_denoise,1601341,10531189.30,10747453.75,10747455.18,10752836.80,1,13,14,537.06,5370,5.370,0.537,3567258937,356725893,6804.01,0.47,0.00,-1,-1,0.00
dag_df9fc3aa30db4ac6,unet_denoise_a98af116,unet_denoise,955731,10531806.36,10752836.80,10752838.24,10762394.88,1,12,12,954.51,9545,9.545,0.955,3363004696,336300469,6414.42,0.44,0.00,-1,-1,0.00
dag_58f9446bbd3d4230,sampler_f9e9b589,sampler,2508851,10540355.46,10762394.88,10762515.73,10762711.90,2,1000,16,72.44,724,0.724,0.072,458434724,45843472,874.39,0.65,0.00,-1,-1,0.00
dag_72c99ec3b9a54445,unet_denoise_91020ad4,unet_denoise,788640,10540989.54,10762711.90,10762713.34,10773689.97,1,8,4,1096.60,10965,10.965,1.097,2864866640,286486664,5464.30,0.56,0.00,-1,-1,0.00
dag_c662227e80b24669,unet_denoise_8a09c26a,unet_denoise,1635280,10541380.63,10773689.97,10773691.41,10780479.05,1,13,14,677.67,6776,6.776,0.678,3349855225,334985522,6389.34,0.65,0.00,-1,-1,0.00
dag_301b8aa355cf41a5,sampler_92253f31,sampler,1924705,10550353.73,10780479.05,10780599.80,10780781.74,2,1000,16,58.38,583,0.583,0.058,526645029,52664502,1004.50,0.73,0.00,-1,-1,0.00
dag_7da0a6ba311a4a8d,unet_denoise_e0895cf0,unet_denoise,2557185,10550688.82,10780781.74,10780783.18,10786567.83,1,13,14,577.32,5773,5.773,0.577,3403189920,340318992,6491.07,0.42,0.00,-1,-1,0.00
dag_087a3e55add54b84,unet_denoise_ebd9f00c,unet_denoise,2579922,10550963.31,10786567.83,10786569.27,10791739.91,1,7,2,516.95,5169,5.169,0.517,3743547096,374354709,7140.25,0.93,0.00,-1,-1,0.00
dag_0a118d4db805487c,sampler_dedb1134,sampler,2597180,10552910.50,10791739.91,10791741.35,10792752.99,1,7,2,100.04,1000,1.000,0.100,729309171,72930917,1391.05,0.76,0.00,-1,-1,0.00
dag_bb8425b128964146,unet_denoise_9f0edd31,unet_denoise,2714901,10553390.59,10792752.99,10792873.25,10793824.55,2,1000,16,828.35,8283,8.283,0.828,2288575749,228857574,4365.11,0.92,0.00,-1,-1,0.00
dag_99104302e6ae4866,unet_denoise_ad14f794,unet_denoise,2736704,10553848.67,10793824.55,10793825.99,10799797.63,1,13,14,596.10,5960,5.960,0.596,1878658186,187865818,3583.26,0.58,0.00,-1,-1,0.00
dag_3616f9eb4acd4cce,unet_denoise_b8680044,unet_denoise,2740620,10554394.77,10799797.63,10799799.09,10807927.74,1,10,8,811.75,8117,8.117,0.812,2539816234,253981623,4844.32,0.65,0.00,-1,-1,0.00
dag_4612b1ef61374610,unet_denoise_6442d514,unet_denoise,2746361,10554947.84,10807927.74,10807929.18,10817318.81,1,12,12,937.88,9378,9.378,0.938,1970672040,197067204,3758.76,0.41,0.00,-1,-1,0.00
dag_6751fb9a83ed408d,sampler_29335618,sampler,1980673,10561356.94,10817318.81,10817320.26,10817802.89,1,8,4,47.18,471,0.471,0.047,411466016,41146601,784.81,0.69,0.00,-1,-1,0.00
dag_e7ccfd39016d4183,sampler_5c6375b5,sampler,2044685,10566033.02,10817802.89,10817804.32,10818097.94,1,12,12,28.29,282,0.282,0.028,613252737,61325273,1169.69,0.86,0.00,-1,-1,0.00
dag_2672a5cdae594062,unet_denoise_b123f296,unet_denoise,2065622,10566421.11,10818097.94,10818218.43,10818867.22,2,1000,16,525.55,5255,5.255,0.526,2752138305,275213830,5249.29,0.80,0.00,-1,-1,0.00
dag_daff787d847b4d66,unet_denoise_42562789,unet_denoise,2871924,10566746.19,10818867.22,10818868.66,10823103.30,1,7,2,422.32,4223,4.223,0.422,2967769977,296776997,5660.57,0.77,0.00,-1,-1,0.00
dag_45623821bc4b48ca,unet_denoise_0db09645,unet_denoise,2913489,10567317.29,10823103.30,10823224.09,10823906.37,2,1000,16,558.68,5586,5.586,0.559,3026259812,302625981,5772.13,0.51,0.00,-1,-1,0.00
dag_02c30d07c2df4f53,sampler_1e824933,sampler,2094720,10576814.36,10823906.37,10823907.81,10824585.45,1,9,6,67.67,676,0.676,0.068,345910030,34591003,659.77,0.45,0.00,-1,-1,0.00
dag_8240779e963a41fd,sampler_83c59c8e,sampler,2195145,10583499.39,10824585.45,10824586.88,10825031.52,1,8,4,43.39,433,0.433,0.043,153209234,15320923,292.22,0.87,0.00,-1,-1,0.00
dag_8a885e2c63a444bc,sampler_9e94f5b1,sampler,1639359,10592381.48,10825031.52,10825151.91,10825325.48,2,1000,16,50.45,504,0.504,0.050,511928823,51192882,976.43,0.51,0.00,-1,-1,0.00
dag_046e5a04b57748db,sampler_b0751309,sampler,2207056,10598908.58,10825325.48,10825326.91,10825782.55,1,9,6,44.49,444,0.444,0.044,459620467,45962046,876.66,0.83,0.00,-1,-1,0.00
dag_0e0ca4159e544e86,sampler_440a3272,sampler,2944176,10600194.64,10825782.55,10825784.00,10826335.65,1,9,6,54.10,540,0.540,0.054,458015931,45801593,873.60,0.51,0.00,-1,-1,0.00
dag_79b32ae1f64043d1,sampler_ccf17d24,sampler,1020281,10618765.73,10826335.65,10826337.09,10827781.73,1,11,10,143.35,1433,1.433,0.143,376064684,37606468,717.29,0.82,0.00,-1,-1,0.00
dag_9c3a4b173dc84179,unet_denoise_ff2b6b04,unet_denoise,1024634,10619336.81,10827781.73,10827783.15,10835179.77,1,12,12,738.53,7385,7.385,0.739,2053510933,205351093,3916.76,0.88,0.00,-1,-1,0.00
dag_c4fc9dded3924f0a,unet_denoise_cdc81aa5,unet_denoise,832179,10619659.88,10835179.77,10835181.22,10840336.87,1,8,4,514.40,5144,5.144,0.514,2269486997,226948699,4328.70,0.49,0.00,-1,-1,0.00
dag_44a26dab89444865,sampler_96b308de,sampler,1234450,10625916.98,10840336.87,10840338.31,10840716.95,1,8,4,36.73,367,0.367,0.037,657100826,65710082,1253.32,0.79,0.00,-1,-1,0.00
dag_58e29ceb412c47dc,unet_denoise_3a85413e,unet_denoise,1045271,10626258.08,10840716.95,10840718.39,10845597.03,1,11,10,486.76,4867,4.867,0.487,3272311648,327231164,6241.44,0.41,0.00,-1,-1,0.00
dag_3ae1fe8af2dd4c57,sampler_0fdd1f2e,sampler,1245010,10636573.11,10845597.03,10845717.78,10845902.62,2,1000,16,61.23,612,0.612,0.061,524943190,52494319,1001.25,0.40,0.00,-1,-1,0.00
dag_46cf51d5c3044117,unet_denoise_2f40251d,unet_denoise,3003208,10637037.13,10845902.62,10846023.37,10846708.80,2,1000,16,561.81,5618,5.618,0.562,2552775047,255277504,4869.03,0.87,0.00,-1,-1,0.00
dag_46455272cbe54ec8,unet_denoise_78383c0e,unet_denoise,2255434,10637734.19,10846708.80,10846710.23,10856968.85,1,11,10,1024.71,10247,10.247,1.025,2726191421,272619142,5199.80,0.43,0.00,-1,-1,0.00
dag_41ec2176cd454bc4,sampler_0ed940c3,sampler,1518045,10643975.25,10856968.85,10856970.28,10857351.92,1,13,14,37.01,370,0.370,0.037,674151686,67415168,1285.84,0.91,0.00,-1,-1,0.00
dag_e0bf0b0c3c93417d,sampler_ac2ee6f4,sampler,1521599,10648928.33,10857351.92,10857353.36,10857692.00,1,9,6,32.79,327,0.327,0.033,681298150,68129815,1299.47,0.69,0.00,-1,-1,0.00
dag_73f06810d4f94121,unet_denoise_cd7be808,unet_denoise,1048269,10649461.40,10857692.00,10857693.44,10863918.08,1,6,0,621.35,6213,6.213,0.621,3141710481,314171048,5992.34,0.42,0.00,-1,-1,0.00
dag_66afb2b173ef46b3,unet_denoise_79b25499,unet_denoise,1689059,10649753.45,10863918.08,10863919.53,10867274.18,1,10,8,334.36,3343,3.343,0.334,2249134976,224913497,4289.88,0.79,0.00,-1,-1,0.00
dag_acef7e389a114bcc,unet_denoise_03c72f2d,unet_denoise,833139,10650134.55,10867274.18,10867275.62,10873343.25,1,12,12,605.67,6056,6.056,0.606,2783593224,278359322,5309.28,0.71,0.00,-1,-1,0.00
dag_06313785c32c493a,sampler_cc0a2e5a,sampler,1253795,10650857.22,10873343.25,10873344.69,10873634.32,1,10,8,27.85,278,0.278,0.028,802226772,80222677,1530.13,0.56,0.00,-1,-1,0.00
dag_4223921a13d94f85,sampler_d008cd84,sampler,1528507,10663077.30,10873634.32,10873635.76,10874329.40,1,11,10,68.20,682,0.682,0.068,544587802,54458780,1038.72,0.81,0.00,-1,-1,0.00
dag_6c49e8f33c75421e,sampler_81edd899,sampler,2304077,10670259.39,10874329.40,10874450.39,10874626.73,2,1000,16,52.41,524,0.524,0.052,537418541,53741854,1025.04,0.87,0.00,-1,-1,0.00
dag_e4d333c3eab5448d,sampler_2b27298c,sampler,1697292,10670925.95,10874626.73,10874628.17,10874948.81,1,6,0,30.95,309,0.309,0.031,458053986,45805398,873.67,0.85,0.00,-1,-1,0.00
dag_eb11baf7ee404c2f,sampler_9030042c,sampler,1530044,10674657.04,10874948.81,10874950.25,10875197.88,1,12,12,23.67,236,0.236,0.024,457540231,45754023,872.69,0.79,0.00,-1,-1,0.00
dag_7eeaa25eb2024286,sampler_3a306dd1,sampler,846479,10679852.13,10875197.88,10875199.33,10875556.99,1,9,6,34.62,346,0.346,0.035,388783085,38878308,741.54,0.77,0.00,-1,-1,0.00
dag_628c617e7c804df0,sampler_a8ae173d,sampler,3058035,10680590.85,10875556.99,10875558.43,10875909.07,1,7,2,33.92,339,0.339,0.034,568491128,56849112,1084.31,0.93,0.00,-1,-1,0.00
dag_a7af186451ff4870,unet_denoise_18de00a0,unet_denoise,1076091,10681199.94,10875909.07,10876030.06,10877030.60,2,1000,16,876.68,8766,8.766,0.877,3970841698,397084169,7573.78,0.77,0.00,-1,-1,0.00
dag_c939c36c249f4616,sampler_5a6bfdc6,sampler,852984,10687347.02,10877030.60,10877032.04,10877382.67,1,12,12,33.90,339,0.339,0.034,616195112,61619511,1175.30,0.40,0.00,-1,-1,0.00
dag_475955bb70184b83,sampler_5ae8d46f,sampler,877914,10696315.11,10877382.67,10877384.12,10877913.77,1,8,4,51.90,518,0.518,0.052,681180040,68118004,1299.25,0.52,0.00,-1,-1,0.00
dag_3d98a7542f9e4c06,sampler_8d41b486,sampler,665144,10697198.05,10877913.77,10877915.19,10878308.81,1,7,2,38.22,382,0.382,0.038,344102170,34410217,656.32,0.74,0.00,-1,-1,0.00
dag_460c3a8ec45a455a,unet_denoise_e0bebd4e,unet_denoise,3071505,10697922.14,10878308.81,10878310.26,10889739.91,1,6,0,1142.88,11428,11.428,1.143,2691441520,269144152,5133.52,0.75,0.00,-1,-1,0.00
dag_12e6b55766fb4483,unet_denoise_e36f6180,unet_denoise,1397302,10698564.16,10889739.91,10889860.70,10890857.08,2,1000,16,872.72,8727,8.727,0.873,4224543375,422454337,8057.68,0.83,0.00,-1,-1,0.00
dag_0605d9f01775453c,unet_denoise_832eebc9,unet_denoise,638666,10699191.24,10890857.08,10890858.52,10900439.16,1,8,4,956.96,9569,9.569,0.957,3495104109,349510410,6666.38,0.58,0.00,-1,-1,0.00
dag_52fb11ac19314df7,sampler_25611485,sampler,3088750,10705612.33,10900439.16,10900440.61,10900869.26,1,6,0,42.71,427,0.427,0.043,361426865,36142686,689.37,0.64,0.00,-1,-1,0.00
dag_1f52bd4c90834fa8,unet_denoise_fff540c0,unet_denoise,360567,10705898.41,10900869.26,10900990.01,10901510.75,2,1000,16,397.20,3971,3.971,0.397,1785489764,178548976,3405.55,0.58,0.00,-1,-1,0.00
dag_53ac1a8f51e34e5c,unet_denoise_42583d5f,unet_denoise,1745860,10706351.50,10901510.75,10901512.19,10907643.82,1,10,8,612.01,6120,6.120,0.612,2529641097,252964109,4824.91,0.66,0.00,-1,-1,0.00
dag_38ec206859024673,unet_denoise_be0c0f7f,unet_denoise,364301,10706673.04,10907643.82,10907645.26,10919187.89,1,8,4,1153.11,11531,11.531,1.153,2695661037,269566103,5141.57,0.86,0.00,-1,-1,0.00
dag_1f23f3a4c41b4836,unet_denoise_9a2f2975,unet_denoise,290674,10706986.13,10919187.89,10919189.33,10922801.96,1,12,12,360.18,3601,3.601,0.360,3572890521,357289052,6814.75,0.41,0.00,-1,-1,0.00
dag_5d27d0b9ef574f30,unet_denoise_4fd39043,unet_denoise,445937,10707614.18,10922801.96,10922803.40,10930136.04,1,7,2,732.19,7321,7.321,0.732,3640096639,364009663,6942.93,0.61,0.00,-1,-1,0.00
dag_1225345267d447cc,unet_denoise_c99946f9,unet_denoise,3131479,10708053.27,10930136.04,10930137.48,10937190.12,1,6,0,704.17,7041,7.041,0.704,2873627866,287362786,5481.01,0.64,0.00,-1,-1,0.00
dag_bea8b8165f864dbb,unet_denoise_e0f0fdee,unet_denoise,1776489,10708649.33,10937190.12,10937191.57,10946132.22,1,9,6,892.98,8929,8.929,0.893,4070032172,407003217,7762.97,0.43,0.00,-1,-1,0.00
dag_ad36e74386b9411c,unet_denoise_fd903231,unet_denoise,311979,10708779.41,10946132.22,10946133.66,10948293.30,1,12,12,214.85,2148,2.148,0.215,3336496423,333649642,6363.86,0.89,0.00,-1,-1,0.00
dag_2ef9fa6af23a4570,unet_denoise_9717b62b,unet_denoise,531091,10709296.50,10948293.30,10948294.73,10957685.37,1,10,8,937.95,9379,9.379,0.938,3867177947,386717794,7376.06,0.93,0.00,-1,-1,0.00
dag_a4eb8e47d4f34c31,unet_denoise_5192e8a3,unet_denoise,1812352,10709623.58,10957685.37,10957686.82,10962128.47,1,11,10,443.04,4430,4.430,0.443,3093779408,309377940,5900.92,0.46,0.00,-1,-1,0.00
dag_959798270e604592,unet_denoise_ed6e7aa4,unet_denoise,3166836,10710073.67,10962128.47,10962129.91,10968662.54,1,13,14,652.18,6521,6.521,0.652,2923437319,292343731,5576.01,0.65,0.00,-1,-1,0.00
dag_63efbf42a747449f,unet_denoise_6374e28e,unet_denoise,3173288,10710679.72,10968662.54,10968663.97,10977879.61,1,7,2,921.42,9214,9.214,0.921,2343182958,234318295,4469.27,0.42,0.00,-1,-1,0.00
dag_819bfa9f377c43e3,unet_denoise_c0330dd8,unet_denoise,2392891,10713463.25,10977879.61,10977881.03,11001758.65,1,9,6,2386.64,23866,23.866,2.387,3996049935,399604993,7621.86,0.44,0.00,-1,-1,0.00
dag_c4506bff0691461e,sampler_b2df5a71,sampler,411601,10716343.34,11001758.65,11001760.08,11001956.71,1,11,10,19.57,195,0.195,0.020,634439447,63443944,1210.10,0.61,0.00,-1,-1,0.00
dag_7fcfd30e057e4720,sampler_f8590e49,sampler,2402161,10719431.42,11001956.71,11001958.15,11002196.77,1,10,8,22.71,227,0.227,0.023,667911672,66791167,1273.94,0.66,0.00,-1,-1,0.00
dag_dffce61524874add,unet_denoise_abd82533,unet_denoise,1837456,10720094.49,11002196.77,11002198.21,11010578.85,1,13,14,836.96,8369,8.369,0.837,2618513925,261851392,4994.42,0.88,0.00,-1,-1,0.00
dag_2604b14cf4864967,unet_denoise_70fd0b7b,unet_denoise,1597098,10720890.58,11010578.85,11010580.29,11022254.93,1,12,12,1166.36,11663,11.663,1.166,3452700878,345270087,6585.50,0.80,0.00,-1,-1,0.00
dag_48ce7371571e408e,unet_denoise_166ae887,unet_denoise,2443694,10721093.67,11022254.93,11022256.36,11025860.98,1,12,12,359.32,3593,3.593,0.359,2837234703,283723470,5411.60,0.75,0.00,-1,-1,0.00
dag_158e662ab43f41be,sampler_a4591435,sampler,1879793,10747453.75,11025860.98,11025862.42,11027392.06,1,10,8,151.84,1518,1.518,0.152,796176306,79617630,1518.59,0.76,0.00,-1,-1,0.00
dag_b1b7f34a46354e06,sampler_628d819e,sampler,1601341,10752836.80,11027392.06,11027393.50,11027721.13,1,9,6,32.66,326,0.326,0.033,363673630,36367363,693.65,0.85,0.00,-1,-1,0.00
dag_df9fc3aa30db4ac6,sampler_47448202,sampler,955731,10762394.88,11027721.13,11027722.57,11028341.21,1,11,10,60.70,607,0.607,0.061,531721162,53172116,1014.18,0.75,0.00,-1,-1,0.00
dag_58f9446bbd3d4230,unet_denoise_b2b80d38,unet_denoise,2508851,10762711.90,11028341.21,11028461.97,11029432.60,2,1000,16,847.07,8470,8.470,0.847,2171815271,217181527,4142.41,0.62,0.00,-1,-1,0.00
dag_72c99ec3b9a54445,sampler_988de216,sampler,788640,10773689.97,11029432.60,11029434.05,11030137.70,1,9,6,69.27,692,0.692,0.069,421476269,42147626,803.90,0.86,0.00,-1,-1,0.00
dag_c662227e80b24669,sampler_4df89773,sampler,1635280,10780479.05,11030137.70,11030139.12,11030612.75,1,13,14,47.28,472,0.472,0.047,327119531,32711953,623.93,0.46,0.00,-1,-1,0.00
dag_301b8aa355cf41a5,unet_denoise_4b32a988,unet_denoise,1924705,10780781.74,11030612.75,11030614.19,11039397.83,1,11,10,877.29,8772,8.772,0.877,2942193083,294219308,5611.79,0.63,0.00,-1,-1,0.00
dag_7da0a6ba311a4a8d,sampler_7dc26e6d,sampler,2557185,10786567.83,11039397.83,11039399.27,11039773.90,1,6,0,36.33,363,0.363,0.036,808397138,80839713,1541.90,0.53,0.00,-1,-1,0.00
dag_087a3e55add54b84,sampler_c5ad71b3,sampler,2579922,10791739.91,11039773.90,11039775.35,11040071.00,1,8,4,28.42,284,0.284,0.028,421528153,42152815,804.00,0.40,0.00,-1,-1,0.00
dag_0a118d4db805487c,unet_denoise_515bd236,unet_denoise,2597180,10792752.99,11040071.00,11040072.44,11056689.08,1,11,10,1660.54,16605,16.605,1.661,4216831755,421683175,8042.97,0.46,0.00,-1,-1,0.00
dag_bb8425b128964146,sampler_e974d324,sampler,2714901,10793824.55,11056689.08,11056690.51,11057164.14,1,7,2,46.23,462,0.462,0.046,456553348,45655334,870.81,0.63,0.00,-1,-1,0.00
dag_99104302e6ae4866,sampler_0dc40837,sampler,2736704,10799797.63,11057164.14,11057165.56,11057606.18,1,10,8,42.95,429,0.429,0.043,477540646,47754064,910.84,0.52,0.00,-1,-1,0.00
dag_3616f9eb4acd4cce,sampler_bf845f74,sampler,2740620,10807927.74,11057606.18,11057607.63,11058207.28,1,10,8,58.90,588,0.588,0.059,555810935,55581093,1060.13,0.57,0.00,-1,-1,0.00
dag_4612b1ef61374610,sampler_3a920eea,sampler,2746361,10817318.81,11058207.28,11058327.97,11058511.82,2,1000,16,60.35,603,0.603,0.060,803573511,80357351,1532.69,0.56,0.00,-1,-1,0.00
dag_6751fb9a83ed408d,unet_denoise_9ed6a0a8,unet_denoise,1980673,10817802.89,11058511.82,11058513.26,11065559.90,1,7,2,704.54,7045,7.045,0.705,3495857096,349585709,6667.82,0.46,0.00,-1,-1,0.00
dag_e7ccfd39016d4183,unet_denoise_b4a4db56,unet_denoise,2044685,10818097.94,11065559.90,11065561.33,11069942.95,1,13,14,437.09,4370,4.370,0.437,4481190266,448119026,8547.19,0.62,0.00,-1,-1,0.00
dag_2672a5cdae594062,sampler_1e753757,sampler,2065622,10818867.22,11069942.95,11069944.39,11070332.02,1,8,4,37.67,376,0.376,0.038,601010900,60101090,1146.34,0.55,0.00,-1,-1,0.00
dag_daff787d847b4d66,sampler_ca393d30,sampler,2871924,10823103.30,11070332.02,11070333.47,11070584.11,1,7,2,24.92,249,0.249,0.025,509148569,50914856,971.12,0.45,0.00,-1,-1,0.00
dag_45623821bc4b48ca,sampler_dbe3f8ff,sampler,2913489,10823906.37,11070584.11,11070704.67,11070870.74,2,1000,16,42.78,427,0.427,0.043,442102192,44210219,843.24,0.46,0.00,-1,-1,0.00
dag_02c30d07c2df4f53,unet_denoise_38d693ab,unet_denoise,2094720,10824585.45,11070870.74,11070872.19,11081770.84,1,12,12,1088.71,10887,10.887,1.089,3306424794,330642479,6306.50,0.49,0.00,-1,-1,0.00
dag_8240779e963a41fd,unet_denoise_be331fcb,unet_denoise,2195145,10825031.52,11081770.84,11081891.49,11082568.40,2,1000,16,553.49,5534,5.534,0.553,3572298822,357229882,6813.62,0.81,0.00,-1,-1,0.00
dag_046e5a04b57748db,unet_denoise_3485c8d8,unet_denoise,2207056,10825782.55,11089525.82,11089527.25,11096607.89,1,7,2,706.91,7069,7.069,0.707,2854897192,285489719,5445.28,0.70,0.00,-1,-1,0.00
dag_0e0ca4159e544e86,unet_denoise_13da85a3,unet_denoise,2944176,10826335.65,11096607.89,11096728.65,11097804.54,2,1000,16,952.39,9523,9.523,0.952,3206000153,320600015,6114.96,0.45,0.00,-1,-1,0.00
dag_9c3a4b173dc84179,sampler_378f16ea,sampler,1024634,10835179.77,11119906.97,11119908.40,11120494.02,1,11,10,57.49,574,0.574,0.057,288185074,28818507,549.67,0.79,0.00,-1,-1,0.00
dag_c4fc9dded3924f0a,sampler_7ebcb6a4,sampler,832179,10840336.87,11120494.02,11120495.46,11120821.10,1,11,10,31.49,314,0.314,0.031,648087149,64808714,1236.13,0.46,0.00,-1,-1,0.00
dag_44a26dab89444865,unet_denoise_7eeb7965,unet_denoise,1234450,10840716.95,11120821.10,11120822.53,11127431.17,1,8,4,659.80,6597,6.597,0.660,4525213626,452521362,8631.16,0.52,0.00,-1,-1,0.00
dag_58e29ceb412c47dc,sampler_ff05fabf,sampler,1045271,10845597.03,11127431.17,11127432.59,11127812.20,1,12,12,37.84,378,0.378,0.038,248534542,24853454,474.04,0.52,0.00,-1,-1,0.00
dag_3ae1fe8af2dd4c57,unet_denoise_eda3302c,unet_denoise,1245010,10845902.62,11127812.20,11127813.64,11137090.28,1,10,8,926.52,9265,9.265,0.927,2823594735,282359473,5385.58,0.72,0.00,-1,-1,0.00
dag_46cf51d5c3044117,sampler_4bfd6492,sampler,3003208,10846708.80,11137090.28,11137091.71,11137491.33,1,11,10,38.81,388,0.388,0.039,843571882,84357188,1608.99,0.73,0.00,-1,-1,0.00
dag_46455272cbe54ec8,sampler_1a86943c,sampler,2255434,10856968.85,11137491.33,11137492.76,11138354.37,1,13,14,85.03,850,0.850,0.085,540043040,54004304,1030.05,0.94,0.00,-1,-1,0.00
dag_41ec2176cd454bc4,unet_denoise_2914fb4f,unet_denoise,1518045,10857351.92,11138354.37,11138355.80,11146267.42,1,6,0,790.03,7900,7.900,0.790,2677292178,267729217,5106.53,0.49,0.00,-1,-1,0.00
dag_e0bf0b0c3c93417d,unet_denoise_7afe2900,unet_denoise,1521599,10857692.00,11146267.42,11146388.18,11147079.91,2,1000,16,568.10,5681,5.681,0.568,3429401333,342940133,6541.06,0.70,0.00,-1,-1,0.00
dag_73f06810d4f94121,sampler_c0a14e9d,sampler,1048269,10863918.08,11147079.91,11147081.36,11147571.00,1,7,2,47.86,478,0.478,0.048,800362154,80036215,1526.57,0.70,0.00,-1,-1,0.00
dag_66afb2b173ef46b3,sampler_439ee119,sampler,1689059,10867274.18,11147571.00,11147572.43,11147813.05,1,10,8,22.92,229,0.229,0.023,455254732,45525473,868.33,0.70,0.00,-1,-1,0.00
dag_acef7e389a114bcc,sampler_a0be8fb3,sampler,833139,10873343.25,11147813.05,11147814.48,11148144.10,1,12,12,31.81,318,0.318,0.032,458324632,45832463,874.18,0.55,0.00,-1,-1,0.00
dag_06313785c32c493a,unet_denoise_e49ae06d,unet_denoise,1253795,10873634.32,11148144.10,11148145.54,11152653.18,1,9,6,449.62,4496,4.496,0.450,3520128115,352012811,6714.11,0.65,0.00,-1,-1,0.00
dag_4223921a13d94f85,unet_denoise_97095ec4,unet_denoise,1528507,10874329.40,11152653.18,11152773.90,11154021.79,2,1000,16,1124.33,11243,11.243,1.124,2992231432,299223143,5707.23,0.83,0.00,-1,-1,0.00
dag_6c49e8f33c75421e,unet_denoise_6e9d1163,unet_denoise,2304077,10874626.73,11154021.79,11154142.55,11155166.28,2,1000,16,900.16,9001,9.001,0.900,2506509375,250650937,4780.79,0.89,0.00,-1,-1,0.00
dag_e4d333c3eab5448d,unet_denoise_4154da3b,unet_denoise,1697292,10874948.81,11155166.28,11155167.73,11159507.37,1,8,4,432.86,4328,4.328,0.433,5666192682,566619268,10807.40,0.50,0.00,-1,-1,0.00
dag_eb11baf7ee404c2f,unet_denoise_9c674030,unet_denoise,1530044,10875197.88,11159507.37,11159508.81,11164269.44,1,8,4,474.92,4749,4.749,0.475,3277743451,327774345,6251.80,0.88,0.00,-1,-1,0.00
dag_7eeaa25eb2024286,unet_denoise_7db25fe8,unet_denoise,846479,10875556.99,11164269.44,11164270.87,11169228.49,1,12,12,494.65,4946,4.946,0.495,3222470046,322247004,6146.37,0.81,0.00,-1,-1,0.00
dag_628c617e7c804df0,unet_denoise_396d4be2,unet_denoise,3058035,10875909.07,11169228.49,11169229.91,11173422.53,1,9,6,418.14,4181,4.181,0.418,3077664300,307766430,5870.18,0.91,0.00,-1,-1,0.00
dag_a7af186451ff4870,sampler_1cb60d1c,sampler,1076091,10877030.60,11173422.53,11173423.98,11174115.62,1,12,12,68.04,680,0.680,0.068,832490433,83249043,1587.85,0.71,0.00,-1,-1,0.00
dag_c939c36c249f4616,unet_denoise_a27111b0,unet_denoise,852984,10877382.67,11174115.62,11174117.06,11178775.70,1,10,8,464.71,4647,4.647,0.465,3121264258,312126425,5953.34,0.59,0.00,-1,-1,0.00
dag_475955bb70184b83,unet_denoise_c72f4a0d,unet_denoise,877914,10877913.77,11178775.70,11178896.49,11179774.07,2,1000,16,753.91,7539,7.539,0.754,1461413108,146141310,2787.42,0.89,0.00,-1,-1,0.00
dag_3d98a7542f9e4c06,unet_denoise_ccd503a6,unet_denoise,665144,10878308.81,11179774.07,11179775.49,11187197.11,1,10,8,741.03,7410,7.410,0.741,2698240644,269824064,5146.49,0.60,0.00,-1,-1,0.00
dag_460c3a8ec45a455a,sampler_dafa797b,sampler,3071505,10889739.91,11187197.11,11187198.54,11188017.17,1,7,2,80.77,807,0.807,0.081,494621014,49462101,943.41,0.70,0.00,-1,-1,0.00
dag_12e6b55766fb4483,sampler_d655ac2b,sampler,1397302,10890857.08,11188017.17,11188137.72,11188325.00,2,1000,16,63.99,639,0.639,0.064,599186684,59918668,1142.86,0.71,0.00,-1,-1,0.00
dag_0605d9f01775453c,sampler_f040e855,sampler,638666,10900439.16,11188325.00,11188326.43,11188890.05,1,7,2,55.27,552,0.552,0.055,636601883,63660188,1214.22,0.71,0.00,-1,-1,0.00
dag_52fb11ac19314df7,unet_denoise_ef8eeee5,unet_denoise,3088750,10900869.26,11188890.05,11188891.49,11196554.12,1,6,0,765.11,7651,7.651,0.765,3185052959,318505295,6075.01,0.87,0.00,-1,-1,0.00
dag_1f52bd4c90834fa8,sampler_943b6cca,sampler,360567,10901510.75,11196554.12,11196555.56,11196804.19,1,13,14,23.80,237,0.237,0.024,599534523,59953452,1143.52,0.64,0.00,-1,-1,0.00
dag_53ac1a8f51e34e5c,sampler_0c295366,sampler,1745860,10907643.82,11196804.19,11196805.61,11197195.23,1,8,4,37.83,378,0.378,0.038,532649694,53264969,1015.95,0.61,0.00,-1,-1,0.00
dag_38ec206859024673,sampler_6f79be48,sampler,364301,10919187.89,11197195.23,11197315.69,11197503.44,2,1000,16,64.53,645,0.645,0.065,544691133,54469113,1038.92,0.66,0.00,-1,-1,0.00
dag_1f23f3a4c41b4836,sampler_d9230912,sampler,290674,10922801.96,11197503.44,11197504.88,11197814.51,1,13,14,29.82,298,0.298,0.030,725017898,72501789,1382.86,0.64,0.00,-1,-1,0.00
dag_5d27d0b9ef574f30,sampler_7f216a10,sampler,445937,10930136.04,11197814.51,11197815.96,11198329.59,1,7,2,50.21,502,0.502,0.050,529419219,52941921,1009.79,0.90,0.00,-1,-1,0.00
dag_1225345267d447cc,sampler_6fc7799d,sampler,3131479,10937190.12,11198329.59,11198331.02,11198856.64,1,11,10,51.49,514,0.514,0.051,571992346,57199234,1090.99,0.58,0.00,-1,-1,0.00
dag_bea8b8165f864dbb,sampler_b291ff39,sampler,1776489,10946132.22,11198856.64,11198977.40,11199158.53,2,1000,16,57.54,575,0.575,0.058,237828943,23782894,453.62,0.91,0.00,-1,-1,0.00
dag_ad36e74386b9411c,sampler_974c8b61,sampler,311979,10948293.30,11199158.53,11199159.97,11199278.61,1,11,10,10.79,107,0.107,0.011,484649920,48464992,924.40,0.82,0.00,-1,-1,0.00
dag_2ef9fa6af23a4570,sampler_e88e45dc,sampler,531091,10957685.37,11199278.61,11199280.06,11199950.70,1,11,10,65.93,659,0.659,0.066,583392595,58339259,1112.73,0.93,0.00,-1,-1,0.00
dag_a4eb8e47d4f34c31,sampler_e6b7a5bb,sampler,1812352,10962128.47,11199950.70,11199952.13,11200313.75,1,11,10,35.04,350,0.350,0.035,474516393,47451639,905.07,0.56,0.00,-1,-1,0.00
dag_959798270e604592,sampler_c4cfb836,sampler,3166836,10968662.54,11200313.75,11200315.18,11200718.80,1,13,14,39.24,392,0.392,0.039,566084638,56608463,1079.72,0.71,0.00,-1,-1,0.00
dag_63efbf42a747449f,sampler_1848f0f0,sampler,3173288,10977879.61,11200718.80,11200720.25,11201268.89,1,10,8,53.75,537,0.537,0.054,401811450,40181145,766.39,0.73,0.00,-1,-1,0.00
dag_819bfa9f377c43e3,sampler_981b73be,sampler,2392891,11001758.65,11201268.89,11201270.34,11202969.98,1,12,12,168.88,1688,1.688,0.169,677031696,67703169,1291.34,0.49,0.00,-1,-1,0.00
dag_c4506bff0691461e,unet_denoise_3ca75f91,unet_denoise,411601,11001956.71,11202969.98,11202971.43,11205979.07,1,12,12,299.63,2996,2.996,0.300,2191264542,219126454,4179.51,0.51,0.00,-1,-1,0.00
dag_7fcfd30e057e4720,unet_denoise_ff96be38,unet_denoise,2402161,11002196.77,11205979.07,11205980.49,11208960.11,1,6,0,296.85,2968,2.968,0.297,2963990588,296399058,5653.36,0.41,0.00,-1,-1,0.00
dag_dffce61524874add,sampler_b210c740,sampler,1837456,11010578.85,11208960.11,11209080.53,11209266.34,2,1000,16,62.69,626,0.626,0.063,220898452,22089845,421.33,0.56,0.00,-1,-1,0.00
dag_2604b14cf4864967,sampler_61edc35f,sampler,1597098,11022254.93,11209266.34,11209267.79,11210095.43,1,11,10,81.65,816,0.816,0.082,695241515,69524151,1326.07,0.64,0.00,-1,-1,0.00
dag_48ce7371571e408e,sampler_c2c91a45,sampler,2443694,11025860.98,11210095.43,11210096.87,11210328.51,1,6,0,22.06,220,0.220,0.022,796907936,79690793,1519.98,0.77,0.00,-1,-1,0.00
dag_158e662ab43f41be,unet_denoise_5811b9c5,unet_denoise,1879793,11027392.06,11210328.51,11210329.93,11234406.55,1,8,4,2406.58,24065,24.065,2.407,3183305717,318330571,6071.67,0.43,0.00,-1,-1,0.00
dag_b1b7f34a46354e06,unet_denoise_62a16aa0,unet_denoise,1601341,11027721.13,11234406.55,11234407.99,11239024.64,1,12,12,460.57,4605,4.605,0.461,2587692508,258769250,4935.63,0.53,0.00,-1,-1,0.00
dag_df9fc3aa30db4ac6,unet_denoise_706671b0,unet_denoise,955731,11028341.21,11239024.64,11239026.08,11248324.72,1,8,4,928.73,9287,9.287,0.929,3062981492,306298149,5842.17,0.94,0.00,-1,-1,0.00
dag_58f9446bbd3d4230,sampler_16bc9ab4,sampler,2508851,11029432.60,11248324.72,11248326.15,11248825.78,1,10,8,49.86,498,0.498,0.050,481417314,48141731,918.23,0.68,0.00,-1,-1,0.00
dag_72c99ec3b9a54445,unet_denoise_eb4fca80,unet_denoise,788640,11030137.70,11248825.78,11248946.64,11250164.60,2,1000,16,1094.25,10942,10.942,1.094,3391826343,339182634,6469.40,0.41,0.00,-1,-1,0.00
dag_c662227e80b24669,unet_denoise_b9f8c7aa,unet_denoise,1635280,11030612.75,11250164.60,11250166.05,11255118.69,1,12,12,494.18,4941,4.941,0.494,2619947783,261994778,4997.15,0.90,0.00,-1,-1,0.00
dag_301b8aa355cf41a5,sampler_7576bf0f,sampler,1924705,11039397.83,11255118.69,11255120.12,11255872.75,1,7,2,74.10,741,0.741,0.074,603261603,60326160,1150.63,0.82,0.00,-1,-1,0.00
dag_7da0a6ba311a4a8d,unet_denoise_5b7d8829,unet_denoise,2557185,11039773.90,11255872.75,11255993.18,11256603.59,2,1000,16,487.25,4872,4.872,0.487,3334915559,333491555,6360.85,0.92,0.00,-1,-1,0.00
dag_087a3e55add54b84,unet_denoise_ed99cf04,unet_denoise,2579922,11040071.00,11256603.59,11256605.01,11260741.63,1,9,6,412.52,4125,4.125,0.413,2028041309,202804130,3868.18,0.94,0.00,-1,-1,0.00
dag_0a118d4db805487c,sampler_0200830a,sampler,2597180,11056689.08,11260741.63,11260743.06,11261851.68,1,13,14,110.79,1107,1.107,0.111,349971069,34997106,667.52,0.78,0.00,-1,-1,0.00
dag_bb8425b128964146,unet_denoise_3287ab27,unet_denoise,2714901,11057164.14,11261851.68,11261853.11,11270915.74,1,6,0,905.11,9051,9.051,0.905,3193103924,319310392,6090.36,0.94,0.00,-1,-1,0.00
dag_99104302e6ae4866,unet_denoise_4e3f218f,unet_denoise,2736704,11057606.18,11270915.74,11270917.17,11278557.79,1,10,8,762.91,7629,7.629,0.763,2261066935,226106693,4312.64,0.81,0.00,-1,-1,0.00
dag_3616f9eb4acd4cce,unet_denoise_ac46228a,unet_denoise,2740620,11058207.28,11278557.79,11278559.23,11287477.86,1,13,14,890.71,8907,8.907,0.891,3506670064,350667006,6688.44,0.82,0.00,-1,-1,0.00
dag_4612b1ef61374610,unet_denoise_b65a72b5,unet_denoise,2746361,11058511.82,11287477.86,11287479.29,11296071.91,1,6,0,858.11,8581,8.581,0.858,4973283598,497328359,9485.79,0.61,0.00,-1,-1,0.00
dag_6751fb9a83ed408d,sampler_0f55cc28,sampler,1980673,11065559.90,11296071.91,11296073.35,11296602.99,1,6,0,51.82,518,0.518,0.052,517816665,51781666,987.66,0.66,0.00,-1,-1,0.00
dag_e7ccfd39016d4183,sampler_c666c00b,sampler,2044685,11069942.95,11296602.99,11296723.78,11296875.96,2,1000,16,28.53,285,0.285,0.029,424350739,42435073,809.38,0.93,0.00,-1,-1,0.00
dag_2672a5cdae594062,unet_denoise_fab2cf04,unet_denoise,2065622,11070332.02,11296875.96,11296877.39,11302899.01,1,6,0,601.09,6010,6.010,0.601,4148711350,414871135,7913.04,0.86,0.00,-1,-1,0.00
dag_daff787d847b4d66,unet_denoise_cd82d299,unet_denoise,2871924,11070584.11,11302899.01,11302900.43,11306587.06,1,7,2,367.58,3675,3.675,0.368,2523810553,252381055,4813.79,0.54,0.00,-1,-1,0.00
dag_45623821bc4b48ca,unet_denoise_21cf85ba,unet_denoise,2913489,11070870.74,11306587.06,11306588.48,11314250.10,1,11,10,765.04,7650,7.650,0.765,3540972384,354097238,6753.87,0.42,0.00,-1,-1,0.00
dag_02c30d07c2df4f53,sampler_0815f4e9,sampler,2094720,11081770.84,11314250.10,11314251.52,11314918.14,1,8,4,65.52,655,0.655,0.066,504631633,50463163,962.51,0.46,0.00,-1,-1,0.00
dag_8240779e963a41fd,sampler_6007c564,sampler,2195145,11082568.40,11314918.14,11314919.59,11315360.24,1,7,2,42.91,429,0.429,0.043,862491068,86249106,1645.07,0.93,0.00,-1,-1,0.00
dag_046e5a04b57748db,sampler_63390a79,sampler,2207056,11096607.89,11315360.24,11315480.63,11315646.90,2,1000,16,43.12,431,0.431,0.043,816884860,81688486,1558.08,0.55,0.00,-1,-1,0.00
dag_0e0ca4159e544e86,sampler_301b8618,sampler,2944176,11097804.54,11315646.90,11315648.34,11316269.97,1,10,8,61.09,610,0.610,0.061,460164365,46016436,877.69,0.76,0.00,-1,-1,0.00
dag_9c3a4b173dc84179,unet_denoise_01f165bd,unet_denoise,1024634,11120494.02,11316269.97,11316271.40,11322703.02,1,13,14,642.03,6420,6.420,0.642,2361534640,236153464,4504.27,0.66,0.00,-1,-1,0.00
dag_c4fc9dded3924f0a,unet_denoise_fbb856d7,unet_denoise,832179,11120821.10,11322703.02,11322704.44,11328154.06,1,8,4,543.80,5438,5.438,0.544,4088514843,408851484,7798.22,0.86,0.00,-1,-1,0.00
dag_44a26dab89444865,sampler_04270bac,sampler,1234450,11127431.17,11328154.06,11328274.46,11328439.62,2,1000,16,42.01,420,0.420,0.042,322438717,32243871,615.00,0.54,0.00,-1,-1,0.00
dag_58e29ceb412c47dc,unet_denoise_b6827497,unet_denoise,1045271,11127812.20,11328439.62,11328441.06,11333245.70,1,8,4,479.30,4793,4.793,0.479,2715101702,271510170,5178.65,0.52,0.00,-1,-1,0.00
dag_3ae1fe8af2dd4c57,sampler_05d82282,sampler,1245010,11137090.28,11333245.70,11333247.14,11333999.77,1,10,8,75.11,751,0.751,0.075,551615468,55161546,1052.12,0.41,0.00,-1,-1,0.00
dag_46cf51d5c3044117,unet_denoise_3493f27b,unet_denoise,3003208,11137491.33,11333999.77,11334001.20,11340364.82,1,13,14,635.22,6352,6.352,0.635,2190349146,219034914,4177.76,0.69,0.00,-1,-1,0.00
dag_46455272cbe54ec8,unet_denoise_a169b75c,unet_denoise,2255434,11138354.37,11340364.82,11340485.28,11341611.33,2,1000,16,1002.89,10028,10.028,1.003,4584343983,458434398,8743.94,0.55,0.00,-1,-1,0.00
dag_41ec2176cd454bc4,sampler_72010261,sampler,1518045,11146267.42,11341611.33,11341612.78,11342077.42,1,12,12,45.40,453,0.453,0.045,603761214,60376121,1151.58,0.84,0.00,-1,-1,0.00
dag_e0bf0b0c3c93417d,sampler_25a1abd2,sampler,1521599,11147079.91,11342077.42,11342078.87,11342438.51,1,8,4,34.85,348,0.348,0.035,550294191,55029419,1049.60,0.71,0.00,-1,-1,0.00
dag_73f06810d4f94121,unet_denoise_27bb172a,unet_denoise,1048269,11147571.00,11342438.51,11342439.95,11349972.59,1,8,4,752.18,7521,7.521,0.752,4031793382,403179338,7690.04,0.43,0.00,-1,-1,0.00
dag_66afb2b173ef46b3,unet_denoise_eb7934fb,unet_denoise,1689059,11147813.05,11349972.59,11349974.04,11353999.68,1,13,14,401.45,4014,4.014,0.401,3738226963,373822696,7130.10,0.78,0.00,-1,-1,0.00
dag_acef7e389a114bcc,unet_denoise_db74baee,unet_denoise,833139,11148144.10,11353999.68,11354001.12,11359719.76,1,10,8,570.73,5707,5.707,0.571,2858400650,285840065,5451.97,0.95,0.00,-1,-1,0.00
dag_06313785c32c493a,sampler_4577568a,sampler,1253795,11152653.18,11359719.76,11359721.21,11359971.85,1,11,10,23.99,239,0.239,0.024,639890166,63989016,1220.49,0.63,0.00,-1,-1,0.00
dag_4223921a13d94f85,sampler_0fb712d6,sampler,1528507,11154021.79,11359971.85,11359973.30,11360710.95,1,10,8,72.69,726,0.726,0.073,740751751,74075175,1412.87,0.52,0.00,-1,-1,0.00
dag_6c49e8f33c75421e,sampler_fca5b503,sampler,2304077,11155166.28,11360710.95,11360712.37,11361163.00,1,13,14,43.92,439,0.439,0.044,424571752,42457175,809.81,0.48,0.00,-1,-1,0.00
dag_e4d333c3eab5448d,sampler_52303b80,sampler,1697292,11159507.37,11361163.00,11361164.44,11361435.09,1,13,14,25.93,259,0.259,0.026,367999706,36799970,701.90,0.48,0.00,-1,-1,0.00
dag_eb11baf7ee404c2f,sampler_ea91c9bd,sampler,1530044,11164269.44,11361435.09,11361436.53,11361763.17,1,6,0,32.56,325,0.325,0.033,498518043,49851804,950.85,0.60,0.00,-1,-1,0.00
dag_7eeaa25eb2024286,sampler_be87f31e,sampler,846479,11169228.49,11361763.17,11361764.61,11362121.25,1,12,12,34.60,345,0.345,0.035,441726633,44172663,842.53,0.76,0.00,-1,-1,0.00
dag_628c617e7c804df0,sampler_ef1ea71b,sampler,3058035,11173422.53,11362121.25,11362122.69,11362450.33,1,7,2,31.66,316,0.316,0.032,394950125,39495012,753.31,0.78,0.00,-1,-1,0.00
dag_a7af186451ff4870,unet_denoise_8995dd34,unet_denoise,1076091,11174115.62,11362450.33,11362571.12,11363617.56,2,1000,16,922.90,9228,9.228,0.923,1933904382,193390438,3688.63,0.75,0.00,-1,-1,0.00
dag_c939c36c249f4616,sampler_29b646e5,sampler,852984,11178775.70,11363617.56,11363619.00,11363937.63,1,9,6,31.75,317,0.317,0.032,624895055,62489505,1191.89,0.92,0.00,-1,-1,0.00
dag_475955bb70184b83,sampler_2582f877,sampler,877914,11179774.07,11363937.63,11363939.06,11364439.67,1,11,10,48.91,489,0.489,0.049,341214496,34121449,650.82,0.57,0.00,-1,-1,0.00
dag_3d98a7542f9e4c06,sampler_98a703e4,sampler,665144,11187197.11,11364439.67,11364441.12,11364970.77,1,11,10,51.90,518,0.518,0.052,669369573,66936957,1276.72,0.84,0.00,-1,-1,0.00
dag_460c3a8ec45a455a,unet_denoise_d539d83c,unet_denoise,3071505,11188017.17,11364970.77,11364972.21,11374961.85,1,6,0,997.80,9978,9.978,0.998,3029507184,302950718,5778.33,0.85,0.00,-1,-1,0.00
dag_12e6b55766fb4483,unet_denoise_8eb5ffa8,unet_denoise,1397302,11188325.00,11374961.85,11374963.29,11384579.94,1,10,8,960.54,9605,9.605,0.961,3897693418,389769341,7434.26,0.40,0.00,-1,-1,0.00
dag_0605d9f01775453c,unet_denoise_9fe50db6,unet_denoise,638666,11188890.05,11384579.94,11384581.37,11391379.00,1,8,4,678.62,6786,6.786,0.679,3801920920,380192092,7251.59,0.42,0.00,-1,-1,0.00
dag_52fb11ac19314df7,sampler_8863c01b,sampler,3088750,11196554.12,11391379.00,11391499.59,11391667.50,2,1000,16,44.55,445,0.445,0.045,544617409,54461740,1038.78,0.87,0.00,-1,-1,0.00
dag_1f52bd4c90834fa8,unet_denoise_5dd7b3a1,unet_denoise,360567,11196804.19,11391667.50,11391668.94,11395644.58,1,12,12,396.46,3964,3.964,0.396,2703097049,270309704,5155.75,0.51,0.00,-1,-1,0.00
dag_53ac1a8f51e34e5c,unet_denoise_c7985073,unet_denoise,1745860,11197195.23,11395644.58,11395646.03,11401479.67,1,11,10,582.25,5822,5.822,0.582,5123357523,512335752,9772.03,0.95,0.00,-1,-1,0.00
dag_38ec206859024673,unet_denoise_39a471ff,unet_denoise,364301,11197503.44,11401479.67,11401481.11,11410282.75,1,9,6,879.09,8790,8.790,0.879,3752569481,375256948,7157.46,0.79,0.00,-1,-1,0.00
dag_1f23f3a4c41b4836,unet_denoise_37dcb754,unet_denoise,290674,11197814.51,11410282.75,11410284.19,11414275.83,1,6,0,399.01,3990,3.990,0.399,2546033905,254603390,4856.17,0.72,0.00,-1,-1,0.00
dag_5d27d0b9ef574f30,unet_denoise_aaf9f495,unet_denoise,445937,11198329.59,11414275.83,11414277.28,11423142.92,1,8,4,885.47,8854,8.854,0.885,2082641988,208264198,3972.32,0.70,0.00,-1,-1,0.00
dag_1225345267d447cc,unet_denoise_7f2f814b,unet_denoise,3131479,11198856.64,11423142.92,11423144.37,11431094.03,1,13,14,793.87,7938,7.938,0.794,2979643624,297964362,5683.22,0.75,0.00,-1,-1,0.00
dag_bea8b8165f864dbb,unet_denoise_922caf46,unet_denoise,1776489,11199158.53,11431094.03,11431214.85,11432193.67,2,1000,16,855.19,8551,8.551,0.855,2680019445,268001944,5111.73,0.81,0.00,-1,-1,0.00
dag_ad36e74386b9411c,unet_denoise_1dac50fb,unet_denoise,311979,11199278.61,11432193.67,11432195.11,11434233.75,1,8,4,202.75,2027,2.027,0.203,3715558654,371555865,7086.87,0.85,0.00,-1,-1,0.00
dag_2ef9fa6af23a4570,unet_denoise_afc4ba50,unet_denoise,531091,11199950.70,11434233.75,11434235.18,11442947.79,1,12,12,870.10,8701,8.701,0.870,3428165933,342816593,6538.71,0.41,0.00,-1,-1,0.00
dag_a4eb8e47d4f34c31,unet_denoise_9e651cd7,unet_denoise,1812352,11200313.75,11442947.79,11442949.22,11448639.85,1,12,12,567.95,5679,5.679,0.568,3449517104,344951710,6579.43,0.47,0.00,-1,-1,0.00
dag_959798270e604592,unet_denoise_c28420c0,unet_denoise,3166836,11200718.80,11448639.85,11448641.27,11454293.88,1,9,6,564.14,5641,5.641,0.564,3117354692,311735469,5945.88,0.62,0.00,-1,-1,0.00
dag_63efbf42a747449f,unet_denoise_eff8ae94,unet_denoise,3173288,11201268.89,11454293.88,11454295.33,11461966.99,1,13,14,766.03,7660,7.660,0.766,2301565108,230156510,4389.89,0.85,0.00,-1,-1,0.00
dag_819bfa9f377c43e3,unet_denoise_db3701bf,unet_denoise,2392891,11202969.98,11461966.99,11461968.42,11489659.06,1,9,6,2767.97,27679,27.679,2.768,3028112812,302811281,5775.67,0.51,0.00,-1,-1,0.00
dag_c4506bff0691461e,sampler_b270f122,sampler,411601,11205979.07,11489659.06,11489660.50,11489880.14,1,9,6,20.86,208,0.208,0.021,555358643,55535864,1059.26,0.94,0.00,-1,-1,0.00
dag_7fcfd30e057e4720,sampler_6cbbf4a9,sampler,2402161,11208960.11,11489880.14,11489881.57,11490125.20,1,11,10,24.23,242,0.242,0.024,684751260,68475126,1306.06,0.49,0.00,-1,-1,0.00
dag_dffce61524874add,unet_denoise_7d26cd9e,unet_denoise,1837456,11209266.34,11490125.20,11490126.64,11498112.27,1,7,2,797.48,7974,7.974,0.797,4060933882,406093388,7745.62,0.91,0.00,-1,-1,0.00
dag_2604b14cf4864967,unet_denoise_08e73c9a,unet_denoise,1597098,11210095.43,11498112.27,11498113.69,11511585.30,1,11,10,1346.06,13460,13.460,1.346,4131550479,413155047,7880.31,0.78,0.00,-1,-1,0.00
dag_48ce7371571e408e,unet_denoise_e36f9f78,unet_denoise,2443694,11210328.51,11511585.30,11511586.74,11515134.37,1,11,10,353.69,3536,3.536,0.354,3114580929,311458092,5940.59,0.86,0.00,-1,-1,0.00
dag_158e662ab43f41be,sampler_09284e03,sampler,1879793,11234406.55,11515134.37,11515135.80,11516619.43,1,8,4,147.27,1472,1.472,0.147,515078669,51507866,982.43,0.42,0.00,-1,-1,0.00
dag_b1b7f34a46354e06,sampler_c7bcf515,sampler,1601341,11239024.64,11516619.43,11516620.85,11516934.46,1,9,6,30.28,302,0.302,0.030,858526873,85852687,1637.51,0.42,0.00,-1,-1,0.00
dag_df9fc3aa30db4ac6,sampler_f6bbda1e,sampler,955731,11248324.72,11516934.46,11516935.90,11517558.54,1,6,0,62.12,621,0.621,0.062,572557408,57255740,1092.07,0.71,0.00,-1,-1,0.00
dag_58f9446bbd3d4230,unet_denoise_2161b60d,unet_denoise,2508851,11248825.78,11517558.54,11517559.98,11525845.63,1,12,12,827.45,8274,8.274,0.827,3199620358,319962035,6102.79,0.90,0.00,-1,-1,0.00
dag_72c99ec3b9a54445,sampler_dfae83dd,sampler,788640,11250164.60,11525845.63,11525847.06,11526619.68,1,8,4,76.12,761,0.761,0.076,531090185,53109018,1012.97,0.42,0.00,-1,-1,0.00
dag_c662227e80b24669,sampler_d9471ae0,sampler,1635280,11255118.69,11526619.68,11526621.10,11527076.73,1,6,0,44.48,444,0.444,0.044,596729240,59672924,1138.17,0.72,0.00,-1,-1,0.00
dag_301b8aa355cf41a5,unet_denoise_81767a78,unet_denoise,1924705,11255872.75,11527076.73,11527078.17,11537602.82,1,10,8,1051.37,10513,10.513,1.051,3449554190,344955419,6579.50,0.60,0.00,-1,-1,0.00
dag_7da0a6ba311a4a8d,sampler_b533a8d8,sampler,2557185,11256603.59,11537602.82,11537604.27,11537919.91,1,9,6,31.49,314,0.314,0.031,768386951,76838695,1465.58,0.80,0.00,-1,-1,0.00
dag_087a3e55add54b84,sampler_6e3089e8,sampler,2579922,11260741.63,11537919.91,11537921.36,11538236.01,1,10,8,30.32,303,0.303,0.030,330629741,33062974,630.63,0.47,0.00,-1,-1,0.00
dag_0a118d4db805487c,unet_denoise_0e92cc3a,unet_denoise,2597180,11261851.68,11538236.01,11538237.43,11554294.06,1,7,2,1604.59,16045,16.045,1.605,2331342556,233134255,4446.68,0.49,0.00,-1,-1,0.00
dag_bb8425b128964146,sampler_93176eba,sampler,2714901,11270915.74,11554294.06,11554295.51,11554722.16,1,9,6,42.54,425,0.425,0.043,488705265,48870526,932.13,0.83,0.00,-1,-1,0.00
dag_99104302e6ae4866,sampler_c962e989,sampler,2736704,11278557.79,11554722.16,11554723.58,11555268.19,1,8,4,53.36,533,0.533,0.053,614344063,61434406,1171.77,0.47,0.00,-1,-1,0.00
dag_3616f9eb4acd4cce,sampler_0ecdaf9d,sampler,2740620,11287477.86,11555268.19,11555269.62,11555948.24,1,9,6,66.76,667,0.667,0.067,420700439,42070043,802.42,0.79,0.00,-1,-1,0.00
dag_4612b1ef61374610,sampler_6a1b8ad6,sampler,2746361,11296071.91,11555948.24,11555949.67,11556633.30,1,7,2,67.29,672,0.672,0.067,317437475,31743747,605.46,0.53,0.00,-1,-1,0.00
dag_6751fb9a83ed408d,unet_denoise_20220b53,unet_denoise,1980673,11296602.99,11556633.30,11556754.26,11557497.76,2,1000,16,619.65,6196,6.196,0.620,3957809273,395780927,7548.92,0.67,0.00,-1,-1,0.00
dag_e7ccfd39016d4183,unet_denoise_8d7fd7c8,unet_denoise,2044685,11296875.96,11557497.76,11557499.21,11561482.86,1,9,6,397.28,3972,3.972,0.397,4565520237,456552023,8708.04,0.65,0.00,-1,-1,0.00
dag_2672a5cdae594062,sampler_06813b04,sampler,2065622,11302899.01,11561482.86,11561484.29,11561879.91,1,7,2,38.44,384,0.384,0.038,565898516,56589851,1079.37,0.50,0.00,-1,-1,0.00
dag_daff787d847b4d66,sampler_2245f343,sampler,2871924,11306587.06,11561879.91,11561881.36,11562174.00,1,8,4,28.18,281,0.281,0.028,655159895,65515989,1249.62,0.88,0.00,-1,-1,0.00
dag_45623821bc4b48ca,sampler_b48a73d1,sampler,2913489,11314250.10,11562174.00,11562175.43,11562632.05,1,6,0,44.51,445,0.445,0.045,441405072,44140507,841.91,0.93,0.00,-1,-1,0.00
dag_02c30d07c2df4f53,unet_denoise_9087ac93,unet_denoise,2094720,11314918.14,11562632.05,11562633.48,11573721.09,1,12,12,1107.64,11076,11.076,1.108,3198374791,319837479,6100.42,0.87,0.00,-1,-1,0.00
dag_8240779e963a41fd,unet_denoise_bf1ae164,unet_denoise,2195145,11315360.24,11573721.09,11573842.08,11574542.42,2,1000,16,576.40,5764,5.764,0.576,2528990350,252899035,4823.67,0.50,0.00,-1,-1,0.00
dag_046e5a04b57748db,unet_denoise_dbcedee4,unet_denoise,2207056,11315646.90,11574542.42,11574663.42,11575574.46,2,1000,16,787.19,7871,7.871,0.787,3492917264,349291726,6662.21,0.59,0.00,-1,-1,0.00
dag_0e0ca4159e544e86,unet_denoise_726a59ea,unet_denoise,2944176,11316269.97,11575574.46,11575575.91,11584922.55,1,10,8,933.51,9335,9.335,0.934,2695274750,269527475,5140.83,0.93,0.00,-1,-1,0.00
dag_9c3a4b173dc84179,sampler_3a3047e6,sampler,1024634,11322703.02,11584922.55,11584923.98,11585450.61,1,7,2,51.58,515,0.515,0.052,730237258,73023725,1392.82,0.57,0.00,-1,-1,0.00
dag_c4fc9dded3924f0a,sampler_61edac87,sampler,832179,11328154.06,11585450.61,11585452.06,11585770.71,1,8,4,30.75,307,0.307,0.031,555202164,55520216,1058.96,0.66,0.00,-1,-1,0.00
dag_44a26dab89444865,unet_denoise_711a775c,unet_denoise,1234450,11328439.62,11585770.71,11585772.13,11591917.75,1,10,8,613.45,6134,6.134,0.613,2344074517,234407451,4470.97,0.64,0.00,-1,-1,0.00
dag_58e29ceb412c47dc,sampler_27148cfc,sampler,1045271,11333245.70,11591917.75,11591919.17,11592204.79,1,12,12,27.42,274,0.274,0.027,680053832,68005383,1297.10,0.78,0.00,-1,-1,0.00
dag_3ae1fe8af2dd4c57,unet_denoise_e354abcb,unet_denoise,1245010,11333999.77,11592204.79,11592206.21,11602881.83,1,13,14,1066.48,10664,10.664,1.066,3534394301,353439430,6741.32,0.85,0.00,-1,-1,0.00
dag_46cf51d5c3044117,sampler_5e932a2a,sampler,3003208,11340364.82,11602881.83,11603002.65,11603174.37,2,1000,16,48.01,480,0.480,0.048,503339429,50333942,960.04,0.77,0.00,-1,-1,0.00
dag_46455272cbe54ec8,sampler_97a6d7c7,sampler,2255434,11341611.33,11603174.37,11603175.82,11603968.46,1,10,8,78.18,781,0.781,0.078,527356344,52735634,1005.85,0.46,0.00,-1,-1,0.00
dag_41ec2176cd454bc4,unet_denoise_5815956c,unet_denoise,1518045,11342077.42,11603968.46,11603969.90,11610356.55,1,11,10,637.52,6375,6.375,0.638,2029981877,202998187,3871.88,0.72,0.00,-1,-1,0.00
dag_e0bf0b0c3c93417d,unet_denoise_2e427c48,unet_denoise,1521599,11342438.51,11610356.55,11610357.99,11615277.64,1,11,10,490.82,4908,4.908,0.491,2253015677,225301567,4297.29,0.80,0.00,-1,-1,0.00
dag_73f06810d4f94121,sampler_134dcc63,sampler,1048269,11349972.59,11615277.64,11615279.07,11615740.70,1,8,4,46.09,460,0.460,0.046,500042940,50004294,953.76,0.76,0.00,-1,-1,0.00
dag_66afb2b173ef46b3,sampler_284b541d,sampler,1689059,11353999.68,11615740.70,11615742.13,11616026.74,1,6,0,27.34,273,0.273,0.027,425602222,42560222,811.77,0.78,0.00,-1,-1,0.00
dag_acef7e389a114bcc,sampler_37dd64ad,sampler,833139,11359719.76,11616026.74,11616028.18,11616436.81,1,12,12,39.78,397,0.397,0.040,460876655,46087665,879.05,0.56,0.00,-1,-1,0.00
dag_06313785c32c493a,unet_denoise_9a242bee,unet_denoise,1253795,11359971.85,11616436.81,11616438.26,11620842.91,1,8,4,439.31,4393,4.393,0.439,3626804256,362680425,6917.58,0.81,0.00,-1,-1,0.00
dag_4223921a13d94f85,unet_denoise_2d7db8d4,unet_denoise,1528507,11360710.95,11620842.91,11620844.36,11631329.01,1,13,14,1047.39,10473,10.473,1.047,2028903589,202890358,3869.83,0.62,0.00,-1,-1,0.00
dag_6c49e8f33c75421e,unet_denoise_bc58af8f,unet_denoise,2304077,11361163.00,11631329.01,11631330.46,11638949.11,1,8,4,760.74,7607,7.607,0.761,2926470319,292647031,5581.80,0.86,0.00,-1,-1,0.00
dag_e4d333c3eab5448d,unet_denoise_e570c53b,unet_denoise,1697292,11361435.09,11638949.11,11639069.93,11639569.95,2,1000,16,376.33,3763,3.763,0.376,4109676033,410967603,7838.58,0.91,0.00,-1,-1,0.00
dag_eb11baf7ee404c2f,unet_denoise_a2ccc32b,unet_denoise,1530044,11361763.17,11639569.95,11639571.40,11644212.04,1,11,10,462.91,4629,4.629,0.463,2205735675,220573567,4207.11,0.58,0.00,-1,-1,0.00
dag_7eeaa25eb2024286,unet_denoise_49c9d727,unet_denoise,846479,11362121.25,11644212.04,11644213.47,11649845.10,1,13,14,562.07,5620,5.620,0.562,2582060468,258206046,4924.89,0.42,0.00,-1,-1,0.00
dag_628c617e7c804df0,unet_denoise_4bf6c4ad,unet_denoise,3058035,11362450.33,11649845.10,11649846.53,11654967.16,1,11,10,510.93,5109,5.109,0.511,2879878860,287987886,5492.93,0.66,0.00,-1,-1,0.00
dag_a7af186451ff4870,sampler_30025c20,sampler,1076091,11363617.56,11654967.16,11654968.60,11655654.23,1,9,6,67.48,674,0.674,0.067,425879231,42587923,812.30,0.85,0.00,-1,-1,0.00
dag_c939c36c249f4616,unet_denoise_11b34786,unet_denoise,852984,11363937.63,11655654.23,11655655.66,11661223.28,1,10,8,555.68,5556,5.556,0.556,3037147790,303714779,5792.90,0.84,0.00,-1,-1,0.00
dag_475955bb70184b83,unet_denoise_84c1b070,unet_denoise,877914,11364439.67,11661223.28,11661343.77,11662193.26,2,1000,16,726.24,7262,7.262,0.726,2962559626,296255962,5650.63,0.46,0.00,-1,-1,0.00
dag_3d98a7542f9e4c06,unet_denoise_d12ad6e5,unet_denoise,665144,11364970.77,11662193.26,11662194.69,11668693.32,1,12,12,648.71,6487,6.487,0.649,3283409538,328340953,6262.61,0.48,0.00,-1,-1,0.00
dag_460c3a8ec45a455a,sampler_63e6a008,sampler,3071505,11374961.85,11668693.32,11668694.75,11669417.38,1,13,14,71.15,711,0.711,0.071,528277942,52827794,1007.61,0.58,0.00,-1,-1,0.00
dag_12e6b55766fb4483,sampler_700b8a20,sampler,1397302,11384579.94,11669417.38,11669418.80,11670010.42,1,7,2,58.07,580,0.580,0.058,429418735,42941873,819.05,0.81,0.00,-1,-1,0.00
dag_0605d9f01775453c,sampler_d3007969,sampler,638666,11391379.00,11670010.42,11670011.85,11670567.48,1,12,12,54.46,544,0.544,0.054,563863406,56386340,1075.48,0.60,0.00,-1,-1,0.00
dag_52fb11ac19314df7,unet_denoise_38ad41ae,unet_denoise,3088750,11391667.50,11670567.48,11670568.92,11677169.55,1,13,14,658.97,6589,6.589,0.659,1665338531,166533853,3176.38,0.84,0.00,-1,-1,0.00
dag_1f52bd4c90834fa8,sampler_a114e923,sampler,360567,11395644.58,11677169.55,11677171.00,11677446.64,1,12,12,26.48,264,0.264,0.026,854625880,85462588,1630.07,0.66,0.00,-1,-1,0.00
dag_53ac1a8f51e34e5c,sampler_7a835be4,sampler,1745860,11401479.67,11677446.64,11677448.06,11677785.67,1,8,4,32.69,326,0.326,0.033,479093036,47909303,913.80,0.46,0.00,-1,-1,0.00
dag_38ec206859024673,sampler_7db4eeef,sampler,364301,11410282.75,11677785.67,11677787.12,11678545.77,1,10,8,74.71,747,0.747,0.075,336111375,33611137,641.08,0.77,0.00,-1,-1,0.00
dag_1f23f3a4c41b4836,sampler_818e5b2c,sampler,290674,11414275.83,11678545.77,11678547.19,11678850.80,1,13,14,30.25,302,0.302,0.030,386897816,38689781,737.95,0.51,0.00,-1,-1,0.00
dag_5d27d0b9ef574f30,sampler_4db6afa8,sampler,445937,11423142.92,11678850.80,11678852.25,11679335.89,1,10,8,47.22,472,0.472,0.047,505709749,50570974,964.56,0.77,0.00,-1,-1,0.00
dag_1225345267d447cc,sampler_9d2c1153,sampler,3131479,11431094.03,11679335.89,11679337.31,11679908.93,1,8,4,56.10,560,0.560,0.056,500374166,50037416,954.39,0.63,0.00,-1,-1,0.00
dag_bea8b8165f864dbb,sampler_12bcd495,sampler,1776489,11432193.67,11679908.93,11679910.35,11680501.97,1,9,6,58.07,580,0.580,0.058,302734066,30273406,577.42,0.81,0.00,-1,-1,0.00
dag_ad36e74386b9411c,sampler_6d924e0e,sampler,311979,11434233.75,11680501.97,11680503.41,11680647.06,1,12,12,13.29,132,0.132,0.013,751671360,75167136,1433.70,0.55,0.00,-1,-1,0.00
dag_2ef9fa6af23a4570,sampler_7bfb5d77,sampler,531091,11442947.79,11680647.06,11680648.48,11681243.10,1,8,4,58.34,583,0.583,0.058,328596246,32859624,626.75,0.76,0.00,-1,-1,0.00
dag_a4eb8e47d4f34c31,sampler_46516e5b,sampler,1812352,11448639.85,11681243.10,11681244.55,11681599.19,1,11,10,34.36,343,0.343,0.034,468328814,46832881,893.27,0.87,0.00,-1,-1,0.00
dag_959798270e604592,sampler_8d35f2bc,sampler,3166836,11454293.88,11681599.19,11681600.62,11681958.24,1,7,2,34.69,346,0.346,0.035,576213354,57621335,1099.04,0.63,0.00,-1,-1,0.00
dag_63efbf42a747449f,sampler_58b93e26,sampler,3173288,11461966.99,11681958.24,11681959.68,11682443.32,1,13,14,47.25,472,0.472,0.047,422754992,42275499,806.34,0.73,0.00,-1,-1,0.00
dag_819bfa9f377c43e3,sampler_fe8ba900,sampler,2392891,11489659.06,11682443.32,11682444.77,11684491.41,1,6,0,204.59,2045,2.045,0.205,193170484,19317048,368.44,0.63,0.00,-1,-1,0.00
dag_c4506bff0691461e,unet_denoise_f185b03a,unet_denoise,411601,11489880.14,11684491.41,11684612.10,11685032.05,2,1000,16,296.41,2964,2.964,0.296,3667269981,366726998,6994.76,0.79,0.00,-1,-1,0.00
dag_7fcfd30e057e4720,unet_denoise_41b7158b,unet_denoise,2402161,11490125.20,11685032.05,11685033.48,11688660.11,1,9,6,361.59,3615,3.615,0.362,3718290965,371829096,7092.08,0.47,0.00,-1,-1,0.00
dag_dffce61524874add,sampler_26ae5a39,sampler,1837456,11498112.27,11688660.11,11688661.56,11689184.20,1,9,6,52.13,521,0.521,0.052,476312243,47631224,908.49,0.92,0.00,-1,-1,0.00
dag_2604b14cf4864967,sampler_0a841e04,sampler,1597098,11511585.30,11689184.20,11689185.65,11689970.29,1,7,2,78.33,783,0.783,0.078,372404751,37240475,710.31,0.71,0.00,-1,-1,0.00
dag_48ce7371571e408e,sampler_bb91b53f,sampler,2443694,11515134.37,11689970.29,11689971.74,11690172.38,1,6,0,19.90,199,0.199,0.020,430897138,43089713,821.87,0.44,0.00,-1,-1,0.00
dag_158e662ab43f41be,unet_denoise_633d94d7,unet_denoise,1879793,11516619.43,11690172.38,11690293.04,11692682.54,2,1000,16,2266.04,22660,22.660,2.266,3785728426,378572842,7220.70,0.61,0.00,-1,-1,0.00
dag_b1b7f34a46354e06,unet_denoise_109cdb80,unet_denoise,1601341,11516934.46,11692682.54,11692683.99,11698021.63,1,8,4,532.66,5326,5.326,0.533,3537279462,353727946,6746.83,0.50,0.00,-1,-1,0.00
dag_df9fc3aa30db4ac6,unet_denoise_5e9e7eb4,unet_denoise,955731,11517558.54,11698021.63,11698023.08,11707495.73,1,8,4,946.11,9461,9.461,0.946,2627962600,262796260,5012.44,0.84,0.00,-1,-1,0.00
dag_58f9446bbd3d4230,sampler_259f1130,sampler,2508851,11525845.63,11707495.73,11707497.17,11708193.81,1,12,12,68.50,685,0.685,0.069,709504994,70950499,1353.27,0.79,0.00,-1,-1,0.00
dag_72c99ec3b9a54445,unet_denoise_adb5acfb,unet_denoise,788640,11526619.68,11708193.81,11708195.26,11720545.91,1,11,10,1233.93,12339,12.339,1.234,3207258225,320725822,6117.36,0.84,0.00,-1,-1,0.00
dag_c662227e80b24669,unet_denoise_59559ea2,unet_denoise,1635280,11527076.73,11720545.91,11720547.35,11726466.97,1,11,10,590.82,5908,5.908,0.591,2630536613,263053661,5017.35,0.57,0.00,-1,-1,0.00
dag_301b8aa355cf41a5,sampler_5ee10485,sampler,1924705,11537602.82,11726466.97,11726468.43,11727111.08,1,6,0,63.17,631,0.631,0.063,418140318,41814031,797.54,0.53,0.00,-1,-1,0.00
dag_7da0a6ba311a4a8d,unet_denoise_b70e7f51,unet_denoise,2557185,11537919.91,11727111.08,11727112.51,11732249.14,1,8,4,512.51,5125,5.125,0.513,4773101897,477310189,9103.97,0.45,0.00,-1,-1,0.00
dag_087a3e55add54b84,unet_denoise_f444ca24,unet_denoise,2579922,11538236.01,11732249.14,11732250.57,11737287.20,1,8,4,502.52,5025,5.025,0.503,3892731778,389273177,7424.80,0.43,0.00,-1,-1,0.00
dag_0a118d4db805487c,sampler_6f7603cf,sampler,2597180,11554294.06,11737287.20,11737408.26,11737647.29,2,1000,16,115.08,1150,1.150,0.115,301149214,30114921,574.40,0.72,0.00,-1,-1,0.00
dag_bb8425b128964146,unet_denoise_44a8a800,unet_denoise,2714901,11554722.16,11737647.29,11737648.72,11745091.35,1,12,12,743.11,7431,7.431,0.743,1924805419,192480541,3671.27,0.93,0.00,-1,-1,0.00
dag_99104302e6ae4866,unet_denoise_06a8812c,unet_denoise,2736704,11555268.19,11745091.35,11745092.80,11752419.46,1,7,2,732.55,7325,7.325,0.733,2906682856,290668285,5544.06,0.45,0.00,-1,-1,0.00
dag_3616f9eb4acd4cce,unet_denoise_de755f28,unet_denoise,2740620,11555948.24,11752419.46,11752540.52,11753460.05,2,1000,16,795.52,7955,7.955,0.796,2096813107,209681310,3999.35,0.57,0.00,-1,-1,0.00
dag_4612b1ef61374610,unet_denoise_da7ff13e,unet_denoise,2746361,11556633.30,11753460.05,11753461.51,11763153.17,1,9,6,968.09,9680,9.680,0.968,3734466356,373446635,7122.93,0.91,0.00,-1,-1,0.00
dag_6751fb9a83ed408d,sampler_df354abe,sampler,1980673,11557497.76,11763153.17,11763154.60,11763648.24,1,10,8,48.27,482,0.482,0.048,523905710,52390571,999.27,0.46,0.00,-1,-1,0.00
dag_e7ccfd39016d4183,sampler_b4c75d84,sampler,2044685,11561482.86,11763648.24,11763649.67,11763936.29,1,10,8,27.53,275,0.275,0.028,539762560,53976256,1029.52,0.58,0.00,-1,-1,0.00
dag_2672a5cdae594062,unet_denoise_a3366bb4,unet_denoise,2065622,11561879.91,11763936.29,11763937.73,11768316.37,1,10,8,436.79,4367,4.367,0.437,3607949157,360794915,6881.62,0.71,0.00,-1,-1,0.00
dag_daff787d847b4d66,unet_denoise_6a94876e,unet_denoise,2871924,11562174.00,11768316.37,11768317.81,11772527.44,1,8,4,419.89,4198,4.198,0.420,3733483167,373348316,7121.05,0.88,0.00,-1,-1,0.00
dag_45623821bc4b48ca,unet_denoise_30f3e853,unet_denoise,2913489,11562632.05,11772527.44,11772528.88,11779475.51,1,13,14,693.55,6935,6.935,0.694,3108678303,310867830,5929.33,0.90,0.00,-1,-1,0.00
dag_02c30d07c2df4f53,sampler_5660671c,sampler,2094720,11573721.09,11779475.51,11779476.96,11780151.62,1,10,8,66.37,663,0.663,0.066,450073584,45007358,858.45,0.76,0.00,-1,-1,0.00
dag_8240779e963a41fd,sampler_a28eb62a,sampler,2195145,11574542.42,11780151.62,11780272.28,11780431.58,2,1000,16,35.90,358,0.358,0.036,457719400,45771940,873.03,0.59,0.00,-1,-1,0.00
dag_046e5a04b57748db,sampler_94125fbb,sampler,2207056,11575574.46,11780431.58,11780433.02,11780840.66,1,9,6,39.61,396,0.396,0.040,533523347,53352334,1017.62,0.55,0.00,-1,-1,0.00
dag_0e0ca4159e544e86,sampler_1ba2e9a3,sampler,2944176,11584922.55,11780840.66,11780842.10,11781472.73,1,13,14,61.92,619,0.619,0.062,313037831,31303783,597.07,0.90,0.00,-1,-1,0.00
dag_9c3a4b173dc84179,unet_denoise_ad021651,unet_denoise,1024634,11585450.61,11781472.73,11781474.18,11789275.83,1,8,4,779.09,7790,7.790,0.779,2511614638,251161463,4790.52,0.86,0.00,-1,-1,0.00
dag_c4fc9dded3924f0a,unet_denoise_dc42fa42,unet_denoise,832179,11585770.71,11789275.83,11789277.27,11794255.91,1,11,10,496.78,4967,4.967,0.497,2400984381,240098438,4579.51,0.62,0.00,-1,-1,0.00
dag_44a26dab89444865,sampler_5bfd1ad4,sampler,1234450,11591917.75,11794255.91,11794257.34,11794752.97,1,12,12,48.47,484,0.484,0.048,473608193,47360819,903.34,0.83,0.00,-1,-1,0.00
dag_58e29ceb412c47dc,unet_denoise_0b5b6c80,unet_denoise,1045271,11592204.79,11794752.97,11794754.41,11798629.05,1,9,6,386.37,3863,3.863,0.386,2747752048,274775204,5240.92,0.87,0.00,-1,-1,0.00
dag_3ae1fe8af2dd4c57,sampler_90f3ae1d,sampler,1245010,11602881.83,11798629.05,11798749.88,11798948.10,2,1000,16,74.56,745,0.745,0.075,412890262,41289026,787.53,0.75,0.00,-1,-1,0.00
dag_46cf51d5c3044117,unet_denoise_2b80a7a5,unet_denoise,3003208,11603174.37,11798948.10,11798949.54,11805128.17,1,7,2,616.75,6167,6.167,0.617,4080345781,408034578,7782.64,0.60,0.00,-1,-1,0.00
dag_46455272cbe54ec8,unet_denoise_24478b79,unet_denoise,2255434,11603968.46,11805128.17,11805129.61,11816126.24,1,13,14,1098.51,10985,10.985,1.099,3062380034,306238003,5841.03,0.69,0.00,-1,-1,0.00
dag_41ec2176cd454bc4,sampler_c1ccee9a,sampler,1518045,11610356.55,11816126.24,11816247.07,11816412.39,2,1000,16,41.66,416,0.416,0.042,536152035,53615203,1022.63,0.66,0.00,-1,-1,0.00
dag_e0bf0b0c3c93417d,sampler_6925d648,sampler,1521599,11615277.64,11816412.39,11816413.84,11816718.49,1,10,8,29.37,293,0.293,0.029,579339280,57933928,1105.00,0.77,0.00,-1,-1,0.00
dag_73f06810d4f94121,unet_denoise_bc31d2c2,unet_denoise,1048269,11615740.70,11816718.49,11816719.92,11825006.54,1,12,12,827.53,8275,8.275,0.828,2428178049,242817804,4631.38,0.76,0.00,-1,-1,0.00
dag_66afb2b173ef46b3,unet_denoise_0c186520,unet_denoise,1689059,11616026.74,11825006.54,11825007.98,11827894.63,1,11,10,287.50,2875,2.875,0.288,3922613400,392261340,7481.79,0.44,0.00,-1,-1,0.00
dag_acef7e389a114bcc,unet_denoise_6145872c,unet_denoise,833139,11616436.81,11827894.63,11828015.45,11828710.97,2,1000,16,571.81,5718,5.718,0.572,5176383880,517638388,9873.17,0.53,0.00,-1,-1,0.00
dag_06313785c32c493a,sampler_de42c7ee,sampler,1253795,11620842.91,11828710.97,11828712.40,11828992.02,1,11,10,26.82,268,0.268,0.027,402645474,40264547,767.99,0.73,0.00,-1,-1,0.00
dag_4223921a13d94f85,sampler_568e92c6,sampler,1528507,11631329.01,11828992.02,11828993.45,11829768.08,1,11,10,76.38,763,0.763,0.076,417863436,41786343,797.01,0.64,0.00,-1,-1,0.00
dag_6c49e8f33c75421e,sampler_ee530fb9,sampler,2304077,11638949.11,11829768.08,11829769.52,11830260.16,1,10,8,47.96,479,0.479,0.048,287221153,28722115,547.83,0.41,0.00,-1,-1,0.00
dag_e4d333c3eab5448d,sampler_21cc4ea5,sampler,1697292,11639569.95,11830260.16,11830261.61,11830546.26,1,10,8,27.37,273,0.273,0.027,778054003,77805400,1484.02,0.70,0.00,-1,-1,0.00
dag_eb11baf7ee404c2f,sampler_1fee754b,sampler,1530044,11644212.04,11830546.26,11830547.71,11830877.36,1,6,0,31.80,318,0.318,0.032,391740544,39174054,747.19,0.89,0.00,-1,-1,0.00
dag_7eeaa25eb2024286,sampler_442a97d0,sampler,846479,11649845.10,11830877.36,11830878.79,11831228.42,1,13,14,33.85,338,0.338,0.034,558175722,55817572,1064.64,0.89,0.00,-1,-1,0.00
dag_628c617e7c804df0,sampler_97449c2d,sampler,3058035,11654967.16,11831228.42,11831349.38,11831511.68,2,1000,16,38.42,384,0.384,0.038,554119358,55411935,1056.90,0.72,0.00,-1,-1,0.00
dag_a7af186451ff4870,unet_denoise_1b50dc50,unet_denoise,1076091,11655654.23,11831511.68,11831513.11,11839268.74,1,8,4,774.48,7744,7.744,0.774,2848787310,284878731,5433.63,0.66,0.00,-1,-1,0.00
dag_c939c36c249f4616,sampler_09a7aeae,sampler,852984,11661223.28,11839268.74,11839270.17,11839600.81,1,10,8,31.99,319,0.319,0.032,383657881,38365788,731.77,0.63,0.00,-1,-1,0.00
dag_475955bb70184b83,sampler_e80965ff,sampler,877914,11662193.26,11839600.81,11839602.24,11840028.86,1,13,14,41.60,415,0.415,0.042,419717070,41971707,800.55,0.82,0.00,-1,-1,0.00
dag_3d98a7542f9e4c06,sampler_612ea027,sampler,665144,11668693.32,11840028.86,11840030.31,11840459.96,1,7,2,42.89,428,0.428,0.043,549262573,54926257,1047.64,0.76,0.00,-1,-1,0.00
dag_460c3a8ec45a455a,unet_denoise_fef2d168,unet_denoise,3071505,11669417.38,11840459.96,11840461.41,11849208.05,1,6,0,874.54,8745,8.745,0.875,2962203537,296220353,5649.95,0.93,0.00,-1,-1,0.00
dag_12e6b55766fb4483,unet_denoise_17b12e53,unet_denoise,1397302,11670010.42,11849208.05,11849209.50,11857812.15,1,7,2,860.16,8601,8.601,0.860,3231990337,323199033,6164.53,0.59,0.00,-1,-1,0.00
dag_0605d9f01775453c,unet_denoise_e9c86510,unet_denoise,638666,11670567.48,11857812.15,11857813.59,11866747.23,1,6,0,893.30,8932,8.932,0.893,3311558486,331155848,6316.30,0.52,0.00,-1,-1,0.00
dag_52fb11ac19314df7,sampler_eca6f197,sampler,3088750,11677169.55,11866747.23,11866748.67,11867233.31,1,11,10,47.36,473,0.473,0.047,492211764,49221176,938.82,0.57,0.00,-1,-1,0.00
dag_1f52bd4c90834fa8,unet_denoise_596a3dcf,unet_denoise,360567,11677446.64,11867233.31,11867234.75,11870146.38,1,13,14,290.06,2900,2.900,0.290,3539691836,353969183,6751.43,0.81,0.00,-1,-1,0.00
dag_53ac1a8f51e34e5c,unet_denoise_25903f9f,unet_denoise,1745860,11677785.67,11870146.38,11870147.82,11875404.45,1,13,14,524.58,5245,5.245,0.525,2329719374,232971937,4443.59,0.59,0.00,-1,-1,0.00
dag_38ec206859024673,unet_denoise_f578453d,unet_denoise,364301,11678545.77,11875404.45,11875405.91,11888355.56,1,6,0,1293.88,12938,12.938,1.294,2332596686,233259668,4449.08,0.86,0.00,-1,-1,0.00
dag_1f23f3a4c41b4836,unet_denoise_d3fe27dc,unet_denoise,290674,11678850.80,11888355.56,11888356.99,11893122.60,1,8,4,475.44,4754,4.754,0.475,2131691098,213169109,4065.88,0.46,0.00,-1,-1,0.00
dag_5d27d0b9ef574f30,unet_denoise_c49432e2,unet_denoise,445937,11679335.89,11893122.60,11893124.03,11900473.67,1,7,2,733.80,7338,7.338,0.734,2598604314,259860431,4956.44,0.86,0.00,-1,-1,0.00
dag_1225345267d447cc,unet_denoise_725123db,unet_denoise,3131479,11679908.93,11900473.67,11900475.10,11909024.73,1,7,2,853.82,8538,8.538,0.854,2080627761,208062776,3968.48,0.84,0.00,-1,-1,0.00
dag_bea8b8165f864dbb,unet_denoise_12453861,unet_denoise,1776489,11680501.97,11909024.73,11909026.16,11919145.79,1,6,0,1010.83,10108,10.108,1.011,3056227613,305622761,5829.29,0.49,0.00,-1,-1,0.00
dag_ad36e74386b9411c,unet_denoise_f933c38e,unet_denoise,311979,11680647.06,11919145.79,11919266.44,11919600.15,2,1000,16,210.23,2102,2.102,0.210,3544529316,354452931,6760.65,0.78,0.00,-1,-1,0.00
dag_2ef9fa6af23a4570,unet_denoise_142cb661,unet_denoise,531091,11681243.10,11919600.15,11919601.57,11927585.20,1,8,4,797.23,7972,7.972,0.797,3012490324,301249032,5745.87,0.85,0.00,-1,-1,0.00
dag_a4eb8e47d4f34c31,unet_denoise_cd9f6d15,unet_denoise,1812352,11681599.19,11927585.20,11927586.64,11932871.29,1,6,0,528.35,5283,5.283,0.528,3159419972,315941997,6026.12,0.62,0.00,-1,-1,0.00
dag_959798270e604592,unet_denoise_911c212d,unet_denoise,3166836,11681958.24,11932871.29,11932872.71,11937801.33,1,6,0,491.76,4917,4.917,0.492,4050951431,405095143,7726.58,0.44,0.00,-1,-1,0.00
dag_819bfa9f377c43e3,unet_denoise_bb9639ce,unet_denoise,2392891,11684491.41,11947385.76,11947387.21,11972141.85,1,7,2,2474.39,24743,24.743,2.474,3817606470,381760647,7281.51,0.78,0.00,-1,-1,0.00
dag_c4506bff0691461e,sampler_cadfc37a,sampler,411601,11685032.05,11972141.85,11972143.29,11972345.92,1,6,0,19.18,191,0.191,0.019,444334229,44433422,847.50,0.52,0.00,-1,-1,0.00
dag_7fcfd30e057e4720,sampler_9fb2b025,sampler,2402161,11688660.11,11972345.92,11972347.36,11972596.00,1,10,8,24.71,247,0.247,0.025,442736819,44273681,844.45,0.89,0.00,-1,-1,0.00
dag_dffce61524874add,unet_denoise_496edcc0,unet_denoise,1837456,11689184.20,11972596.00,11972597.45,11981903.11,1,12,12,929.48,9294,9.294,0.929,4085577196,408557719,7792.62,0.67,0.00,-1,-1,0.00
dag_2604b14cf4864967,unet_denoise_f49b8776,unet_denoise,1597098,11689970.29,11981903.11,11981904.54,11994380.16,1,11,10,1246.45,12464,12.464,1.246,2939744307,293974430,5607.12,0.84,0.00,-1,-1,0.00
dag_48ce7371571e408e,unet_denoise_731d5b8f,unet_denoise,2443694,11690172.38,11994380.16,11994381.60,11997365.24,1,6,0,298.23,2982,2.982,0.298,2394483090,239448309,4567.11,0.69,0.00,-1,-1,0.00
dag_158e662ab43f41be,sampler_2055c742,sampler,1879793,11692682.54,11997365.24,11997366.70,11998751.37,1,11,10,137.34,1373,1.373,0.137,483939840,48393984,923.04,0.91,0.00,-1,-1,0.00
dag_b1b7f34a46354e06,sampler_2082aaae,sampler,1601341,11698021.63,11998751.37,11998752.83,11999103.49,1,12,12,33.96,339,0.339,0.034,474468313,47446831,904.98,0.45,0.00,-1,-1,0.00
dag_df9fc3aa30db4ac6,sampler_4de7eea0,sampler,955731,11707495.73,11999103.49,11999104.94,11999698.58,1,12,12,58.25,582,0.582,0.058,734273373,73427337,1400.52,0.57,0.00,-1,-1,0.00
dag_58f9446bbd3d4230,unet_denoise_0d8a29dd,unet_denoise,2508851,11708193.81,11999698.58,11999819.07,12000986.36,2,1000,16,1044.06,10440,10.440,1.044,3727200356,372720035,7109.07,0.48,0.00,-1,-1,0.00
dag_72c99ec3b9a54445,sampler_e9fb42f1,sampler,788640,11720545.91,12000986.36,12000987.79,12001713.41,1,7,2,71.41,714,0.714,0.071,338544344,33854434,645.72,0.84,0.00,-1,-1,0.00
dag_c662227e80b24669,sampler_54985419,sampler,1635280,11726466.97,12001713.41,12001714.84,12002086.46,1,12,12,36.06,360,0.360,0.036,395117451,39511745,753.63,0.56,0.00,-1,-1,0.00
dag_301b8aa355cf41a5,unet_denoise_54fcc2e0,unet_denoise,1924705,11727111.08,12002086.46,12002087.87,12011501.48,1,6,0,940.28,9402,9.402,0.940,3367180012,336718001,6422.39,0.63,0.00,-1,-1,0.00
dag_7da0a6ba311a4a8d,sampler_01b49503,sampler,2557185,11732249.14,12011501.48,12011502.94,12011865.61,1,8,4,35.10,351,0.351,0.035,722688636,72268863,1378.42,0.77,0.00,-1,-1,0.00
dag_087a3e55add54b84,sampler_f770bc3c,sampler,2579922,11737287.20,12011865.61,12011867.04,12012185.66,1,11,10,30.76,307,0.307,0.031,825629316,82562931,1574.76,0.59,0.00,-1,-1,0.00
dag_0a118d4db805487c,unet_denoise_fb38ee3a,unet_denoise,2597180,11737647.29,12012185.66,12012187.12,12027389.80,1,13,14,1519.19,15191,15.191,1.519,1705463591,170546359,3252.91,0.77,0.00,-1,-1,0.00
dag_bb8425b128964146,sampler_a7cba042,sampler,2714901,11745091.35,12027389.80,12027391.23,12027983.87,1,10,8,58.10,581,0.581,0.058,461838213,46183821,880.89,0.50,0.00,-1,-1,0.00
dag_99104302e6ae4866,sampler_9446e504,sampler,2736704,11752419.46,12027983.87,12027985.34,12028458.01,1,11,10,46.17,461,0.461,0.046,697122008,69712200,1329.65,0.91,0.00,-1,-1,0.00
dag_3616f9eb4acd4cce,sampler_3f2e67e8,sampler,2740620,11753460.05,12028458.01,12028459.45,12029058.08,1,9,6,59.75,597,0.597,0.060,564400016,56440001,1076.51,0.52,0.00,-1,-1,0.00
dag_4612b1ef61374610,sampler_a8b46f6a,sampler,2746361,11763153.17,12029058.08,12029059.51,12029663.14,1,10,8,59.20,592,0.592,0.059,356737915,35673791,680.42,0.87,0.00,-1,-1,0.00
dag_6751fb9a83ed408d,unet_denoise_bc032a9e,unet_denoise,1980673,11763648.24,12029663.14,12029783.86,12030589.65,2,1000,16,682.29,6822,6.822,0.682,3619079235,361907923,6902.85,0.69,0.00,-1,-1,0.00
dag_e7ccfd39016d4183,unet_denoise_ca4908f2,unet_denoise,2044685,11763936.29,12030589.65,12030591.12,12034493.79,1,13,14,389.18,3891,3.891,0.389,3058246153,305824615,5833.14,0.57,0.00,-1,-1,0.00
dag_2672a5cdae594062,sampler_f14a7141,sampler,2065622,11768316.37,12034493.79,12034495.26,12034873.93,1,6,0,36.76,367,0.367,0.037,540400144,54040014,1030.73,0.60,0.00,-1,-1,0.00
dag_daff787d847b4d66,sampler_22264bc9,sampler,2871924,11772527.44,12034873.93,12034994.49,12035145.66,2,1000,16,27.86,278,0.278,0.028,602703190,60270319,1149.57,0.61,0.00,-1,-1,0.00
dag_45623821bc4b48ca,sampler_b4050f31,sampler,2913489,11779475.51,12035145.66,12035147.13,12035650.81,1,8,4,49.21,492,0.492,0.049,409032454,40903245,780.17,0.65,0.00,-1,-1,0.00
dag_02c30d07c2df4f53,unet_denoise_9d08ed6c,unet_denoise,2094720,11780151.62,12035650.81,12035652.27,12044285.95,1,10,8,862.26,8622,8.622,0.862,3400415717,340041571,6485.78,0.80,0.00,-1,-1,0.00
dag_8240779e963a41fd,unet_denoise_b3187698,unet_denoise,2195145,11780431.58,12044285.95,12044287.38,12050154.01,1,6,0,585.57,5855,5.855,0.586,2989844651,298984465,5702.68,0.76,0.00,-1,-1,0.00
dag_046e5a04b57748db,unet_denoise_bddc6576,unet_denoise,2207056,11780840.66,12050154.01,12050155.48,12056345.15,1,9,6,617.81,6178,6.178,0.618,3278919805,327891980,6254.04,0.54,0.00,-1,-1,0.00
dag_0e0ca4159e544e86,unet_denoise_0cbf652e,unet_denoise,2944176,11781472.73,12056345.15,12056466.42,12057372.22,2,1000,16,781.57,7815,7.815,0.782,3624934733,362493473,6914.01,0.59,0.00,-1,-1,0.00
dag_9c3a4b173dc84179,sampler_45b731e7,sampler,1024634,11789275.83,12057372.22,12057373.65,12057847.28,1,13,14,46.23,462,0.462,0.046,476446455,47644645,908.75,0.67,0.00,-1,-1,0.00
dag_c4fc9dded3924f0a,sampler_5d033bf1,sampler,832179,11794255.91,12057847.28,12057848.72,12058165.35,1,10,8,30.51,305,0.305,0.031,497841087,49784108,949.56,0.42,0.00,-1,-1,0.00
dag_44a26dab89444865,unet_denoise_8e456b1e,unet_denoise,1234450,11794752.97,12058165.35,12058166.78,12065038.41,1,12,12,686.05,6860,6.860,0.686,5251056086,525105608,10015.59,0.64,0.00,-1,-1,0.00
dag_58e29ceb412c47dc,sampler_fe9fd011,sampler,1045271,11798629.05,12065038.41,12065039.84,12065331.47,1,10,8,29.00,290,0.290,0.029,542933519,54293351,1035.56,0.71,0.00,-1,-1,0.00
dag_3ae1fe8af2dd4c57,unet_denoise_9225c611,unet_denoise,1245010,11798948.10,12065331.47,12065332.90,12075348.53,1,11,10,1000.46,10004,10.004,1.000,3236776970,323677697,6173.66,0.83,0.00,-1,-1,0.00
dag_46cf51d5c3044117,sampler_aa39ef47,sampler,3003208,11805128.17,12075348.53,12075349.95,12075768.57,1,12,12,41.80,417,0.417,0.042,428215938,42821593,816.76,0.42,0.00,-1,-1,0.00
dag_46455272cbe54ec8,sampler_01b4900b,sampler,2255434,11816126.24,12075768.57,12075770.03,12076678.70,1,8,4,89.73,897,0.897,0.090,498229309,49822930,950.30,0.74,0.00,-1,-1,0.00
dag_41ec2176cd454bc4,unet_denoise_94bd1b22,unet_denoise,1518045,11816412.39,12076678.70,12076680.13,12082472.76,1,6,0,578.12,5781,5.781,0.578,2953741531,295374153,5633.81,0.55,0.00,-1,-1,0.00
dag_e0bf0b0c3c93417d,unet_denoise_7bf8ed4b,unet_denoise,1521599,11816718.49,12082472.76,12082593.96,12083162.87,2,1000,16,444.73,4447,4.447,0.445,2830446258,283044625,5398.65,0.67,0.00,-1,-1,0.00
dag_73f06810d4f94121,sampler_1319ba54,sampler,1048269,11825006.54,12083162.87,12083283.29,12083459.50,2,1000,16,53.02,530,0.530,0.053,418469323,41846932,798.17,0.45,0.00,-1,-1,0.00
dag_66afb2b173ef46b3,sampler_eeacaf48,sampler,1689059,11827894.63,12083459.50,12083460.92,12083713.54,1,6,0,24.17,241,0.241,0.024,381820928,38182092,728.27,0.56,0.00,-1,-1,0.00
dag_acef7e389a114bcc,sampler_72eebed0,sampler,833139,11828710.97,12083713.54,12083715.00,12084058.67,1,6,0,33.20,332,0.332,0.033,725439655,72543965,1383.67,0.80,0.00,-1,-1,0.00
dag_06313785c32c493a,unet_denoise_18f37d4f,unet_denoise,1253795,11828992.02,12084058.67,12084179.46,12084648.13,2,1000,16,345.10,3450,3.450,0.345,2349318320,234931832,4480.97,0.81,0.00,-1,-1,0.00
dag_4223921a13d94f85,unet_denoise_b3789657,unet_denoise,1528507,11829768.08,12084648.13,12084649.58,12094744.22,1,8,4,1008.35,10083,10.083,1.008,2174481704,217448170,4147.49,0.67,0.00,-1,-1,0.00
dag_6c49e8f33c75421e,unet_denoise_421f4f05,unet_denoise,2304077,11830260.16,12094744.22,12094745.68,12101654.35,1,8,4,689.73,6897,6.897,0.690,4150791014,415079101,7917.01,0.92,0.00,-1,-1,0.00
dag_e4d333c3eab5448d,unet_denoise_33f42c25,unet_denoise,1697292,11830546.26,12101654.35,12101655.81,12105473.47,1,7,2,381.68,3816,3.816,0.382,3103332751,310333275,5919.14,0.52,0.00,-1,-1,0.00
dag_eb11baf7ee404c2f,unet_denoise_d2d982b0,unet_denoise,1530044,11830877.36,12105473.47,12105474.93,12109653.60,1,7,2,417.76,4177,4.177,0.418,3366734351,336673435,6421.54,0.80,0.00,-1,-1,0.00
dag_7eeaa25eb2024286,unet_denoise_d0abac68,unet_denoise,846479,11831228.42,12109653.60,12109774.39,12110403.66,2,1000,16,505.70,5056,5.056,0.506,3082921023,308292102,5880.21,0.94,0.00,-1,-1,0.00
dag_628c617e7c804df0,unet_denoise_49cd2bc6,unet_denoise,3058035,11831511.68,12110403.66,12110405.10,12115555.74,1,7,2,513.95,5139,5.139,0.514,3042269110,304226911,5802.67,0.72,0.00,-1,-1,0.00
dag_a7af186451ff4870,sampler_5fb88b44,sampler,1076091,11839268.74,12115555.74,12115557.18,12116146.82,1,8,4,57.80,578,0.578,0.058,642606605,64260660,1225.67,0.49,0.00,-1,-1,0.00
dag_c939c36c249f4616,unet_denoise_c838b9c7,unet_denoise,852984,11839600.81,12116146.82,12116148.28,12121928.93,1,9,6,576.93,5769,5.769,0.577,1028739952,102873995,1962.17,0.87,0.00,-1,-1,0.00
dag_475955bb70184b83,unet_denoise_ab0e0eb5,unet_denoise,877914,11840028.86,12121928.93,12121930.37,12128273.00,1,9,6,633.15,6331,6.331,0.633,3132866883,313286688,5975.47,0.42,0.00,-1,-1,0.00
dag_3d98a7542f9e4c06,unet_denoise_07060f2a,unet_denoise,665144,11840459.96,12128273.00,12128274.43,12134311.06,1,11,10,602.56,6025,6.025,0.603,1971780508,197178050,3760.87,0.66,0.00,-1,-1,0.00
dag_460c3a8ec45a455a,sampler_d67d4fa6,sampler,3071505,11849208.05,12134311.06,12134312.52,12134951.17,1,12,12,62.77,627,0.627,0.063,791660367,79166036,1509.97,0.85,0.00,-1,-1,0.00
dag_12e6b55766fb4483,sampler_52bff085,sampler,1397302,11857812.15,12134951.17,12134952.61,12135554.24,1,8,4,59.01,590,0.590,0.059,554302484,55430248,1057.25,0.49,0.00,-1,-1,0.00
dag_0605d9f01775453c,sampler_ed534b20,sampler,638666,11866747.23,12135554.24,12135555.68,12136116.32,1,8,4,54.93,549,0.549,0.055,563619845,56361984,1075.02,0.92,0.00,-1,-1,0.00
dag_52fb11ac19314df7,unet_denoise_7bbb033c,unet_denoise,3088750,11867233.31,12136116.32,12136117.78,12143411.43,1,7,2,729.25,7292,7.292,0.729,3554907721,355490772,6780.45,0.91,0.00,-1,-1,0.00
dag_1f52bd4c90834fa8,sampler_696c8481,sampler,360567,11870146.38,12143411.43,12143412.86,12143645.49,1,13,14,22.11,221,0.221,0.022,597221333,59722133,1139.11,0.89,0.00,-1,-1,0.00
dag_53ac1a8f51e34e5c,sampler_cba31f1e,sampler,1745860,11875404.45,12143645.49,12143646.93,12144054.56,1,6,0,39.62,396,0.396,0.040,429707545,42970754,819.60,0.44,0.00,-1,-1,0.00
dag_38ec206859024673,sampler_11eda015,sampler,364301,11888355.56,12144054.56,12144055.98,12144908.59,1,12,12,84.20,841,0.841,0.084,366489360,36648936,699.02,0.42,0.00,-1,-1,0.00
dag_1f23f3a4c41b4836,sampler_b520a59d,sampler,290674,11893122.60,12144908.59,12144910.02,12145232.64,1,13,14,31.13,311,0.311,0.031,436384497,43638449,832.34,0.44,0.00,-1,-1,0.00
dag_5d27d0b9ef574f30,sampler_b081e60d,sampler,445937,11900473.67,12145232.64,12145234.07,12145740.70,1,10,8,49.53,495,0.495,0.050,621424718,62142471,1185.27,0.43,0.00,-1,-1,0.00
dag_1225345267d447cc,sampler_c8b71c17,sampler,3131479,11909024.73,12145740.70,12145742.13,12146289.76,1,13,14,53.67,536,0.536,0.054,673182773,67318277,1283.99,0.45,0.00,-1,-1,0.00
dag_bea8b8165f864dbb,sampler_c259e149,sampler,1776489,11919145.79,12146289.76,12146291.19,12146932.81,1,12,12,63.02,630,0.630,0.063,476670190,47667019,909.18,0.73,0.00,-1,-1,0.00
dag_ad36e74386b9411c,sampler_27a026b5,sampler,311979,11919600.15,12146932.81,12146934.23,12147069.85,1,10,8,12.45,124,0.124,0.012,658836267,65883626,1256.63,0.71,0.00,-1,-1,0.00
dag_2ef9fa6af23a4570,sampler_1a1ee7c1,sampler,531091,11927585.20,12147069.85,12147071.29,12147654.94,1,11,10,57.27,572,0.572,0.057,457632184,45763218,872.86,0.78,0.00,-1,-1,0.00
dag_a4eb8e47d4f34c31,sampler_835d0848,sampler,1812352,11932871.29,12147654.94,12147775.63,12147931.07,2,1000,16,31.98,319,0.319,0.032,511681830,51168183,975.96,0.85,0.00,-1,-1,0.00
dag_959798270e604592,sampler_edfa35e1,sampler,3166836,11937801.33,12147931.07,12147932.53,12148308.18,1,11,10,36.45,364,0.364,0.036,758518250,75851825,1446.76,0.61,0.00,-1,-1,0.00
dag_819bfa9f377c43e3,sampler_a6baba0f,sampler,2392891,11972141.85,12148308.18,12148309.60,12149897.22,1,6,0,157.69,1576,1.576,0.158,434603954,43460395,828.94,0.81,0.00,-1,-1,0.00
dag_7fcfd30e057e4720,unet_denoise_adcfbb9b,unet_denoise,2402161,11972596.00,12153446.67,12153448.12,12157340.78,1,13,14,388.20,3881,3.881,0.388,2947610321,294761032,5622.12,0.71,0.00,-1,-1,0.00
dag_dffce61524874add,sampler_066d272c,sampler,1837456,11981903.11,12157340.78,12157342.21,12157993.83,1,11,10,64.06,640,0.640,0.064,506700220,50670022,966.45,0.48,0.00,-1,-1,0.00
dag_2604b14cf4864967,sampler_c83bcb9b,sampler,1597098,11994380.16,12157993.83,12157995.26,12159016.89,1,9,6,101.06,1010,1.010,0.101,442467359,44246735,843.94,0.71,0.00,-1,-1,0.00
dag_48ce7371571e408e,sampler_fd8e3466,sampler,2443694,11997365.24,12159016.89,12159018.33,12159242.96,1,8,4,21.34,213,0.213,0.021,369536255,36953625,704.83,0.82,0.00,-1,-1,0.00
dag_158e662ab43f41be,unet_denoise_843ecdc2,unet_denoise,1879793,11998751.37,12159242.96,12159363.32,12161892.14,2,1000,16,2405.74,24057,24.057,2.406,3332937327,333293732,6357.07,0.59,0.00,-1,-1,0.00
dag_df9fc3aa30db4ac6,unet_denoise_7453f3e5,unet_denoise,955731,11999698.58,12162517.30,12162518.72,12171712.33,1,10,8,918.22,9182,9.182,0.918,4553342458,455334245,8684.81,0.52,0.00,-1,-1,0.00
dag_58f9446bbd3d4230,sampler_6148ced9,sampler,2508851,12000986.36,12171712.33,12171713.78,12172372.42,1,12,12,64.79,647,0.647,0.065,456202392,45620239,870.14,0.45,0.00,-1,-1,0.00
dag_72c99ec3b9a54445,unet_denoise_b65c18bc,unet_denoise,788640,12001713.41,12172372.42,12172373.87,12182706.51,1,8,4,1032.17,10321,10.321,1.032,2451792700,245179270,4676.42,0.49,0.00,-1,-1,0.00
dag_c662227e80b24669,unet_denoise_bb1b9b0e,unet_denoise,1635280,12002086.46,12182706.51,12182707.93,12188217.55,1,11,10,549.89,5498,5.498,0.550,3993697690,399369769,7617.37,0.60,0.00,-1,-1,0.00
dag_301b8aa355cf41a5,sampler_2a1b2656,sampler,1924705,12011501.48,12188217.55,12188218.99,12188974.64,1,7,2,74.40,744,0.744,0.074,433240949,43324094,826.34,0.58,0.00,-1,-1,0.00
dag_7da0a6ba311a4a8d,unet_denoise_a608aa4e,unet_denoise,2557185,12011865.61,12188974.64,12188976.07,12194337.69,1,11,10,535.04,5350,5.350,0.535,3020934466,302093446,5761.98,0.72,0.00,-1,-1,0.00
dag_087a3e55add54b84,unet_denoise_5cf22156,unet_denoise,2579922,12012185.66,12194337.69,12194458.75,12194993.79,2,1000,16,411.09,4110,4.110,0.411,2878268050,287826805,5489.86,0.83,0.00,-1,-1,0.00
dag_0a118d4db805487c,sampler_53918723,sampler,2597180,12027389.80,12194993.79,12194995.24,12196210.90,1,9,6,120.48,1204,1.204,0.120,604418847,60441884,1152.84,0.43,0.00,-1,-1,0.00
dag_bb8425b128964146,unet_denoise_74fa6b4e,unet_denoise,2714901,12027983.87,12196210.90,12196212.35,12204277.01,1,8,4,805.33,8053,8.053,0.805,2686595308,268659530,5124.27,0.52,0.00,-1,-1,0.00
dag_99104302e6ae4866,unet_denoise_c36f9b57,unet_denoise,2736704,12028458.01,12204277.01,12204278.47,12211257.13,1,13,14,696.79,6967,6.967,0.697,1802241775,180224177,3437.50,0.57,0.00,-1,-1,0.00
dag_3616f9eb4acd4cce,unet_denoise_5f8d1f3b,unet_denoise,2740620,12029058.08,12211257.13,12211377.72,12212317.74,2,1000,16,816.69,8166,8.166,0.817,3639191097,363919109,6941.21,0.65,0.00,-1,-1,0.00
dag_4612b1ef61374610,unet_denoise_897030b2,unet_denoise,2746361,12029663.14,12212317.74,12212438.63,12213483.34,2,1000,16,920.96,9209,9.209,0.921,2847148443,284714844,5430.50,0.46,0.00,-1,-1,0.00
dag_6751fb9a83ed408d,sampler_370dbfe6,sampler,1980673,12030589.65,12213483.34,12213484.77,12213900.39,1,7,2,40.48,404,0.404,0.040,612411158,61241115,1168.08,0.87,0.00,-1,-1,0.00
dag_e7ccfd39016d4183,sampler_e8305a7d,sampler,2044685,12034493.79,12213900.39,12213901.82,12214232.45,1,9,6,31.97,319,0.319,0.032,328584175,32858417,626.72,0.55,0.00,-1,-1,0.00
dag_2672a5cdae594062,unet_denoise_ec01af45,unet_denoise,2065622,12034873.93,12214232.45,12214233.88,12219656.52,1,7,2,541.14,5411,5.411,0.541,3049710328,304971032,5816.86,0.73,0.00,-1,-1,0.00
dag_daff787d847b4d66,unet_denoise_07b820d3,unet_denoise,2871924,12035145.66,12219656.52,12219657.95,12222784.57,1,13,14,311.59,3115,3.115,0.312,2806420967,280642096,5352.82,0.55,0.00,-1,-1,0.00
dag_45623821bc4b48ca,unet_denoise_2ca130be,unet_denoise,2913489,12035650.81,12222784.57,12222786.03,12229816.69,1,7,2,702.98,7029,7.029,0.703,4363652711,436365271,8323.01,0.49,0.00,-1,-1,0.00
dag_02c30d07c2df4f53,sampler_b5e3608a,sampler,2094720,12044285.95,12229816.69,12229818.11,12230517.72,1,9,6,68.88,688,0.688,0.069,453979258,45397925,865.90,0.68,0.00,-1,-1,0.00
dag_8240779e963a41fd,sampler_2e599739,sampler,2195145,12050154.01,12230517.72,12230638.78,12230806.42,2,1000,16,43.66,436,0.436,0.044,331260292,33126029,631.83,0.80,0.00,-1,-1,0.00
dag_046e5a04b57748db,sampler_5d4cc060,sampler,2207056,12056345.15,12230806.42,12230807.86,12231222.50,1,12,12,40.31,403,0.403,0.040,646991856,64699185,1234.04,0.81,0.00,-1,-1,0.00
dag_0e0ca4159e544e86,sampler_28b4ceb3,sampler,2944176,12057372.22,12231222.50,12231223.93,12231872.54,1,12,12,63.77,637,0.637,0.064,501304015,50130401,956.16,0.94,0.00,-1,-1,0.00
dag_9c3a4b173dc84179,unet_denoise_32d865dc,unet_denoise,1024634,12057847.28,12231872.54,12231874.00,12239200.65,1,13,14,731.54,7315,7.315,0.732,2994081438,299408143,5710.76,0.41,0.00,-1,-1,0.00
dag_c4fc9dded3924f0a,unet_denoise_caa8e840,unet_denoise,832179,12058165.35,12239200.65,12239202.10,12244373.74,1,8,4,516.07,5160,5.160,0.516,3073333732,307333373,5861.92,0.42,0.00,-1,-1,0.00
dag_44a26dab89444865,sampler_555096f6,sampler,1234450,12065038.41,12244373.74,12244375.17,12244770.80,1,8,4,38.45,384,0.384,0.038,635105270,63510527,1211.37,0.58,0.00,-1,-1,0.00
dag_58e29ceb412c47dc,unet_denoise_e98cb005,unet_denoise,1045271,12065331.47,12244770.80,12244772.26,12248927.91,1,13,14,414.46,4144,4.144,0.414,2706208389,270620838,5161.68,0.56,0.00,-1,-1,0.00
dag_3ae1fe8af2dd4c57,sampler_a5fe1abb,sampler,1245010,12075348.53,12248927.91,12248929.35,12249591.00,1,7,2,65.07,650,0.650,0.065,572231782,57223178,1091.45,0.47,0.00,-1,-1,0.00
dag_46cf51d5c3044117,unet_denoise_c11a558e,unet_denoise,3003208,12075768.57,12249591.00,12249711.52,12250437.55,2,1000,16,602.73,6027,6.027,0.603,3096933016,309693301,5906.93,0.60,0.00,-1,-1,0.00
dag_46455272cbe54ec8,unet_denoise_3384d84c,unet_denoise,2255434,12076678.70,12250437.55,12250439.01,12262859.66,1,6,0,1240.91,12409,12.409,1.241,3893966309,389396630,7427.15,0.89,0.00,-1,-1,0.00
dag_41ec2176cd454bc4,sampler_aa7d5f0f,sampler,1518045,12082472.76,12262859.66,12262861.10,12263252.75,1,10,8,38.09,380,0.380,0.038,450537474,45053747,859.33,0.43,0.00,-1,-1,0.00
dag_e0bf0b0c3c93417d,sampler_28fcefbc,sampler,1521599,12083162.87,12263252.75,12263254.17,12263637.78,1,10,8,37.29,372,0.372,0.037,376479021,37647902,718.08,0.79,0.00,-1,-1,0.00
dag_73f06810d4f94121,unet_denoise_e0e737c5,unet_denoise,1048269,12083459.50,12263637.78,12263639.20,12271149.81,1,12,12,749.95,7499,7.499,0.750,3418180526,341818052,6519.66,0.81,0.00,-1,-1,0.00
dag_66afb2b173ef46b3,unet_denoise_1546378a,unet_denoise,1689059,12083713.54,12271149.81,12271151.26,12274773.92,1,8,4,361.11,3611,3.611,0.361,2980388686,298038868,5684.64,0.43,0.00,-1,-1,0.00
dag_acef7e389a114bcc,unet_denoise_282dcc56,unet_denoise,833139,12084058.67,12274773.92,12274775.37,12280431.03,1,10,8,564.45,5644,5.644,0.564,3632678645,363267864,6928.78,0.71,0.00,-1,-1,0.00
dag_06313785c32c493a,sampler_64992495,sampler,1253795,12084648.13,12280431.03,12280432.47,12280687.10,1,13,14,24.39,243,0.243,0.024,924775121,92477512,1763.87,0.67,0.00,-1,-1,0.00
dag_4223921a13d94f85,sampler_cc35ea10,sampler,1528507,12094744.22,12280687.10,12280688.55,12281337.21,1,6,0,63.70,637,0.637,0.064,522967775,52296777,997.48,0.48,0.00,-1,-1,0.00
dag_6c49e8f33c75421e,sampler_18f688ff,sampler,2304077,12101654.35,12281337.21,12281338.66,12281820.32,1,12,12,47.03,470,0.470,0.047,336343102,33634310,641.52,0.90,0.00,-1,-1,0.00
dag_e4d333c3eab5448d,sampler_7c8de308,sampler,1697292,12105473.47,12281820.32,12281821.78,12282091.43,1,6,0,25.88,258,0.258,0.026,766916475,76691647,1462.78,0.54,0.00,-1,-1,0.00
dag_eb11baf7ee404c2f,sampler_45ed1d81,sampler,1530044,12109653.60,12282091.43,12282092.88,12282429.51,1,12,12,32.56,325,0.325,0.033,456473325,45647332,870.65,0.78,0.00,-1,-1,0.00
dag_7eeaa25eb2024286,sampler_f773ec38,sampler,846479,12110403.66,12282429.51,12282430.95,12282816.58,1,11,10,37.42,374,0.374,0.037,411878518,41187851,785.60,0.53,0.00,-1,-1,0.00
dag_628c617e7c804df0,sampler_89397a4c,sampler,3058035,12115555.74,12282816.58,12282818.00,12283175.60,1,9,6,34.69,346,0.346,0.035,424296791,42429679,809.28,0.70,0.00,-1,-1,0.00
dag_a7af186451ff4870,unet_denoise_6b35d39b,unet_denoise,1076091,12116146.82,12283175.60,12283177.06,12291724.72,1,12,12,853.66,8536,8.536,0.854,3405839980,340583998,6496.12,0.77,0.00,-1,-1,0.00
dag_c939c36c249f4616,sampler_83db4f0b,sampler,852984,12121928.93,12291724.72,12291726.18,12292112.84,1,8,4,37.55,375,0.375,0.038,534433126,53443312,1019.35,0.74,0.00,-1,-1,0.00
dag_475955bb70184b83,sampler_7a413a4f,sampler,877914,12128273.00,12292112.84,12292114.28,12292637.92,1,7,2,51.28,512,0.512,0.051,470725969,47072596,897.84,0.43,0.00,-1,-1,0.00
dag_3d98a7542f9e4c06,sampler_0244481b,sampler,665144,12134311.06,12292637.92,12292639.37,12293029.01,1,10,8,37.86,378,0.378,0.038,614363497,61436349,1171.81,0.61,0.00,-1,-1,0.00
dag_460c3a8ec45a455a,unet_denoise_cab150fc,unet_denoise,3071505,12134951.17,12293029.01,12293030.44,12303981.08,1,8,4,1093.94,10939,10.939,1.094,2109350294,210935029,4023.27,0.79,0.00,-1,-1,0.00
dag_12e6b55766fb4483,unet_denoise_be96f8ad,unet_denoise,1397302,12135554.24,12303981.08,12303982.52,12311763.16,1,13,14,776.94,7769,7.769,0.777,2642970970,264297097,5041.07,0.54,0.00,-1,-1,0.00
dag_0605d9f01775453c,unet_denoise_ea7932bd,unet_denoise,638666,12136116.32,12311763.16,12311764.61,12320859.25,1,11,10,908.31,9083,9.083,0.908,2749847307,274984730,5244.92,0.66,0.00,-1,-1,0.00
dag_52fb11ac19314df7,sampler_d8caa931,sampler,3088750,12143411.43,12320859.25,12320860.68,12321364.30,1,8,4,49.30,492,0.492,0.049,532406324,53240632,1015.48,0.65,0.00,-1,-1,0.00
dag_1f52bd4c90834fa8,unet_denoise_b4c56a7f,unet_denoise,360567,12143645.49,12321364.30,12321365.74,12325652.38,1,6,0,427.50,4275,4.275,0.428,3289261111,328926111,6273.77,0.50,0.00,-1,-1,0.00
dag_53ac1a8f51e34e5c,unet_denoise_86226c16,unet_denoise,1745860,12144054.56,12325652.38,12325653.84,12330436.51,1,10,8,477.17,4771,4.771,0.477,3080541505,308054150,5875.67,0.41,0.00,-1,-1,0.00
dag_38ec206859024673,unet_denoise_54a3024e,unet_denoise,364301,12144908.59,12330436.51,12330437.94,12343163.56,1,12,12,1271.48,12714,12.714,1.271,3028989434,302898943,5777.34,0.48,0.00,-1,-1,0.00
dag_1f23f3a4c41b4836,unet_denoise_fb4f1061,unet_denoise,290674,12145232.64,12343163.56,12343165.02,12346466.69,1,13,14,329.07,3290,3.290,0.329,3952491854,395249185,7538.78,0.63,0.00,-1,-1,0.00
dag_5d27d0b9ef574f30,unet_denoise_9346dbb3,unet_denoise,445937,12145740.70,12346466.69,12346468.13,12353653.77,1,9,6,717.42,7174,7.174,0.717,2338760223,233876022,4460.83,0.91,0.00,-1,-1,0.00
dag_1225345267d447cc,unet_denoise_f919d71b,unet_denoise,3131479,12146289.76,12353653.77,12353655.21,12361285.85,1,11,10,761.96,7619,7.619,0.762,4044178086,404417808,7713.66,0.64,0.00,-1,-1,0.00
dag_bea8b8165f864dbb,unet_denoise_44e28514,unet_denoise,1776489,12146932.81,12361285.85,12361287.31,12371028.98,1,7,2,974.04,9740,9.740,0.974,3271060133,327106013,6239.05,0.64,0.00,-1,-1,0.00
dag_ad36e74386b9411c,unet_denoise_b838a676,unet_denoise,311979,12147069.85,12371028.98,12371030.42,12372698.06,1,11,10,165.70,1656,1.656,0.166,2840113774,284011377,5417.09,0.86,0.00,-1,-1,0.00
dag_2ef9fa6af23a4570,unet_denoise_572462f1,unet_denoise,531091,12147654.94,12372698.06,12372699.49,12380363.11,1,13,14,765.25,7652,7.652,0.765,2900242157,290024215,5531.77,0.80,0.00,-1,-1,0.00
dag_a4eb8e47d4f34c31,unet_denoise_5e05966d,unet_denoise,1812352,12147931.07,12380363.11,12380483.93,12381195.75,2,1000,16,588.19,5881,5.881,0.588,3963608552,396360855,7559.98,0.66,0.00,-1,-1,0.00
dag_959798270e604592,unet_denoise_42eb27dd,unet_denoise,3166836,12148308.18,12381195.75,12381197.19,12386357.82,1,12,12,514.91,5149,5.149,0.515,3891540851,389154085,7422.53,0.57,0.00,-1,-1,0.00
dag_7fcfd30e057e4720,sampler_a3518f76,sampler,2402161,12157340.78,12415464.25,12415465.71,12415719.38,1,11,10,24.22,242,0.242,0.024,530292207,53029220,1011.45,0.49,0.00,-1,-1,0.00
dag_dffce61524874add,unet_denoise_0ac8edda,unet_denoise,1837456,12157993.83,12415719.38,12415720.81,12425458.45,1,10,8,972.65,9726,9.726,0.973,3821889301,382188930,7289.68,0.74,0.00,-1,-1,0.00
dag_2604b14cf4864967,unet_denoise_a6400af9,unet_denoise,1597098,12159016.89,12425458.45,12425459.89,12437104.53,1,12,12,1163.34,11633,11.633,1.163,3236021418,323602141,6172.22,0.69,0.00,-1,-1,0.00
dag_48ce7371571e408e,unet_denoise_19f5e369,unet_denoise,2443694,12159242.96,12437104.53,12437105.97,12440342.62,1,8,4,322.59,3225,3.225,0.323,2205772972,220577297,4207.18,0.85,0.00,-1,-1,0.00
dag_158e662ab43f41be,sampler_f5203891,sampler,1879793,12161892.14,12440342.62,12440344.08,12442005.75,1,6,0,165.03,1650,1.650,0.165,511327773,51132777,975.28,0.88,0.00,-1,-1,0.00
dag_df9fc3aa30db4ac6,sampler_2a9579fe,sampler,955731,12171712.33,12442005.75,12442007.18,12442527.81,1,10,8,51.96,519,0.519,0.052,852371418,85237141,1625.77,0.61,0.00,-1,-1,0.00
dag_58f9446bbd3d4230,unet_denoise_bec59b1e,unet_denoise,2508851,12172372.42,12442527.81,12442529.25,12451568.89,1,12,12,902.82,9028,9.028,0.903,3871433435,387143343,7384.17,0.47,0.00,-1,-1,0.00
dag_72c99ec3b9a54445,sampler_193e4f84,sampler,788640,12182706.51,12451568.89,12451570.31,12452298.92,1,11,10,71.75,717,0.717,0.072,557246649,55724664,1062.86,0.63,0.00,-1,-1,0.00
dag_c662227e80b24669,sampler_a643090c,sampler,1635280,12188217.55,12452298.92,12452419.68,12452582.51,2,1000,16,39.28,392,0.392,0.039,375470022,37547002,716.15,0.61,0.00,-1,-1,0.00
dag_301b8aa355cf41a5,unet_denoise_82a0c5b4,unet_denoise,1924705,12188974.64,12452582.51,12452583.95,12462326.60,1,7,2,973.12,9731,9.731,0.973,4517208754,451720875,8615.89,0.87,0.00,-1,-1,0.00
dag_7da0a6ba311a4a8d,sampler_5c8f09db,sampler,2557185,12194337.69,12462326.60,12462328.02,12462646.64,1,12,12,30.74,307,0.307,0.031,424829795,42482979,810.30,0.66,0.00,-1,-1,0.00
dag_087a3e55add54b84,sampler_62ebe6ed,sampler,2579922,12194993.79,12462646.64,12462648.08,12462945.71,1,7,2,28.62,286,0.286,0.029,502627762,50262776,958.69,0.90,0.00,-1,-1,0.00
dag_0a118d4db805487c,unet_denoise_612caed8,unet_denoise,2597180,12196210.90,12462945.71,12462947.13,12478778.74,1,12,12,1583.05,15830,15.830,1.583,2469270395,246927039,4709.76,0.68,0.00,-1,-1,0.00
dag_bb8425b128964146,sampler_b225ea5a,sampler,2714901,12204277.01,12478778.74,12478780.18,12479293.81,1,12,12,50.28,502,0.502,0.050,731232544,73123254,1394.72,0.91,0.00,-1,-1,0.00
dag_99104302e6ae4866,sampler_5669c6c9,sampler,2736704,12211257.13,12479293.81,12479295.25,12479793.90,1,7,2,48.76,487,0.487,0.049,872758472,87275847,1664.65,0.84,0.00,-1,-1,0.00
dag_3616f9eb4acd4cce,sampler_9cb74181,sampler,2740620,12212317.74,12479793.90,12479795.33,12480385.97,1,11,10,59.00,589,0.589,0.059,319042417,31904241,608.53,0.94,0.00,-1,-1,0.00
dag_4612b1ef61374610,sampler_4fb67256,sampler,2746361,12213483.34,12480385.97,12480387.42,12480989.08,1,10,8,59.02,590,0.590,0.059,661563855,66156385,1261.83,0.68,0.00,-1,-1,0.00
dag_6751fb9a83ed408d,unet_denoise_a08bde0f,unet_denoise,1980673,12213900.39,12480989.08,12480990.52,12486946.16,1,11,10,595.46,5954,5.954,0.595,2634414918,263441491,5024.75,0.95,0.00,-1,-1,0.00
dag_e7ccfd39016d4183,unet_denoise_e3f63c2a,unet_denoise,2044685,12214232.45,12486946.16,12487066.65,12487610.54,2,1000,16,420.63,4206,4.206,0.421,3216041003,321604100,6134.11,0.69,0.00,-1,-1,0.00
dag_2672a5cdae594062,sampler_970d84d4,sampler,2065622,12219656.52,12487610.54,12487611.96,12488011.58,1,8,4,39.90,398,0.398,0.040,442785164,44278516,844.55,0.75,0.00,-1,-1,0.00
dag_daff787d847b4d66,sampler_1257c0db,sampler,2871924,12222784.57,12488011.58,12488013.02,12488281.66,1,10,8,25.77,257,0.257,0.026,648008111,64800811,1235.98,0.88,0.00,-1,-1,0.00
dag_45623821bc4b48ca,sampler_b35d996b,sampler,2913489,12229816.69,12488281.66,12488283.10,12488728.74,1,8,4,43.41,434,0.434,0.043,282746986,28274698,539.30,0.42,0.00,-1,-1,0.00
dag_02c30d07c2df4f53,unet_denoise_7cbcfb1e,unet_denoise,2094720,12230517.72,12488728.74,12488730.19,12499897.84,1,7,2,1116.67,11166,11.166,1.117,2401856857,240185685,4581.18,0.71,0.00,-1,-1,0.00
dag_8240779e963a41fd,unet_denoise_d8cf9ced,unet_denoise,2195145,12230806.42,12499897.84,12499899.28,12506826.92,1,12,12,691.64,6916,6.916,0.692,4974914219,497491421,9488.90,0.84,0.00,-1,-1,0.00
dag_046e5a04b57748db,unet_denoise_3bea2f98,unet_denoise,2207056,12231222.50,12506826.92,12506828.37,12513717.01,1,7,2,687.73,6877,6.877,0.688,2980710425,298071042,5685.25,0.73,0.00,-1,-1,0.00
dag_0e0ca4159e544e86,unet_denoise_2b236d13,unet_denoise,2944176,12231872.54,12513717.01,12513837.76,12514833.55,2,1000,16,872.29,8722,8.722,0.872,3731529899,373152989,7117.33,0.76,0.00,-1,-1,0.00
dag_9c3a4b173dc84179,sampler_2557df7b,sampler,1024634,12239200.65,12514833.55,12514834.99,12515275.63,1,10,8,42.97,429,0.429,0.043,459030988,45903098,875.53,0.59,0.00,-1,-1,0.00
dag_c4fc9dded3924f0a,sampler_da9809be,sampler,832179,12244373.74,12515275.63,12515277.07,12515632.71,1,7,2,34.42,344,0.344,0.034,462908599,46290859,882.93,0.85,0.00,-1,-1,0.00
dag_44a26dab89444865,unet_denoise_4bbdf702,unet_denoise,1234450,12244770.80,12515632.71,12515634.16,12521391.81,1,12,12,574.66,5746,5.746,0.575,4329780180,432978018,8258.40,0.56,0.00,-1,-1,0.00
dag_58e29ceb412c47dc,sampler_352551a5,sampler,1045271,12248927.91,12521391.81,12521512.50,12521663.15,2,1000,16,27.20,271,0.271,0.027,406652809,40665280,775.63,0.51,0.00,-1,-1,0.00
dag_3ae1fe8af2dd4c57,unet_denoise_2bb617f2,unet_denoise,1245010,12249591.00,12521663.15,12521664.59,12531835.22,1,10,8,1015.97,10159,10.159,1.016,3574351237,357435123,6817.53,0.44,0.00,-1,-1,0.00
dag_46cf51d5c3044117,sampler_43b980c7,sampler,3003208,12250437.55,12531835.22,12531836.67,12532227.31,1,10,8,37.98,379,0.379,0.038,439431536,43943153,838.15,0.66,0.00,-1,-1,0.00
dag_46455272cbe54ec8,sampler_bf0509ef,sampler,2255434,12262859.66,12532227.31,12532228.74,12532959.36,1,6,0,71.99,719,0.719,0.072,479881028,47988102,915.30,0.94,0.00,-1,-1,0.00
dag_41ec2176cd454bc4,unet_denoise_6e33b4f8,unet_denoise,1518045,12263252.75,12532959.36,12532960.79,12540247.41,1,12,12,727.58,7275,7.275,0.728,3417300930,341730093,6517.98,0.55,0.00,-1,-1,0.00
dag_e0bf0b0c3c93417d,unet_denoise_43d0be0b,unet_denoise,1521599,12263637.78,12540247.41,12540248.85,12545109.50,1,12,12,484.94,4849,4.849,0.485,2517933840,251793384,4802.58,0.82,0.00,-1,-1,0.00
dag_73f06810d4f94121,sampler_8c6ea881,sampler,1048269,12271149.81,12545109.50,12545110.91,12545567.52,1,11,10,44.60,445,0.445,0.045,545601950,54560195,1040.65,0.87,0.00,-1,-1,0.00
dag_66afb2b173ef46b3,sampler_8ca0e99d,sampler,1689059,12274773.92,12545567.52,12545568.96,12545839.59,1,7,2,25.93,259,0.259,0.026,550413735,55041373,1049.83,0.68,0.00,-1,-1,0.00
dag_acef7e389a114bcc,sampler_4b08fe8e,sampler,833139,12280431.03,12545839.59,12545841.03,12546239.67,1,7,2,38.71,387,0.387,0.039,382726630,38272663,729.99,0.53,0.00,-1,-1,0.00
dag_4223921a13d94f85,unet_denoise_01ed046d,unet_denoise,1528507,12281337.21,12551104.11,12551105.54,12561803.17,1,10,8,1068.61,10686,10.686,1.069,2767282023,276728202,5278.17,0.60,0.00,-1,-1,0.00
dag_6c49e8f33c75421e,unet_denoise_9fc85ec5,unet_denoise,2304077,12281820.32,12561803.17,12561804.63,12570002.29,1,11,10,818.64,8186,8.186,0.819,3537210861,353721086,6746.69,0.77,0.00,-1,-1,0.00
dag_e4d333c3eab5448d,unet_denoise_193b58e7,unet_denoise,1697292,12282091.43,12570002.29,12570003.71,12573674.32,1,8,4,365.92,3659,3.659,0.366,2693233213,269323321,5136.93,0.84,0.00,-1,-1,0.00
dag_eb11baf7ee404c2f,unet_denoise_a6bd1794,unet_denoise,1530044,12282429.51,12573674.32,12573675.77,12578174.43,1,12,12,448.76,4487,4.487,0.449,3276022633,327602263,6248.52,0.77,0.00,-1,-1,0.00
dag_7eeaa25eb2024286,unet_denoise_e015fac9,unet_denoise,846479,12282816.58,12578174.43,12578175.87,12583819.51,1,13,14,563.25,5632,5.632,0.563,2871064263,287106426,5476.12,0.83,0.00,-1,-1,0.00
dag_628c617e7c804df0,unet_denoise_781b6e30,unet_denoise,3058035,12283175.60,12583819.51,12583820.96,12588347.61,1,10,8,451.51,4515,4.515,0.452,3284201318,328420131,6264.12,0.69,0.00,-1,-1,0.00
dag_a7af186451ff4870,sampler_fbc971e9,sampler,1076091,12291724.72,12588347.61,12588349.07,12588935.72,1,13,14,57.57,575,0.575,0.058,546767429,54676742,1042.88,0.74,0.00,-1,-1,0.00
dag_c939c36c249f4616,unet_denoise_62699f0d,unet_denoise,852984,12292112.84,12588935.72,12588937.14,12594165.75,1,11,10,521.77,5217,5.217,0.522,3623205580,362320558,6910.72,0.54,0.00,-1,-1,0.00
dag_475955bb70184b83,unet_denoise_b09164c3,unet_denoise,877914,12292637.92,12594165.75,12594167.20,12602770.86,1,8,4,859.26,8592,8.592,0.859,2552061227,255206122,4867.67,0.66,0.00,-1,-1,0.00
dag_3d98a7542f9e4c06,unet_denoise_2a1ffcd5,unet_denoise,665144,12293029.01,12602770.86,12602772.29,12610116.91,1,10,8,734.34,7343,7.343,0.734,3520087164,352008716,6714.03,0.57,0.00,-1,-1,0.00
dag_460c3a8ec45a455a,sampler_5ddaaa61,sampler,3071505,12303981.08,12610116.91,12610118.36,12610783.02,1,7,2,66.36,663,0.663,0.066,396782030,39678203,756.80,0.92,0.00,-1,-1,0.00
dag_12e6b55766fb4483,sampler_432c46c9,sampler,1397302,12311763.16,12610783.02,12610784.47,12611447.12,1,8,4,65.20,651,0.651,0.065,417694189,41769418,796.69,0.54,0.00,-1,-1,0.00
dag_0605d9f01775453c,sampler_c995790e,sampler,638666,12320859.25,12611447.12,12611448.57,12612079.21,1,6,0,61.92,619,0.619,0.062,458535971,45853597,874.59,0.69,0.00,-1,-1,0.00
dag_52fb11ac19314df7,unet_denoise_55420e31,unet_denoise,3088750,12321364.30,12612079.21,12612080.64,12618664.27,1,12,12,657.25,6572,6.572,0.657,2393775976,239377597,4565.77,0.57,0.00,-1,-1,0.00
dag_1f52bd4c90834fa8,sampler_40ac26f9,sampler,360567,12325652.38,12618664.27,12618665.70,12618940.33,1,11,10,26.31,263,0.263,0.026,540935764,54093576,1031.75,0.83,0.00,-1,-1,0.00
dag_53ac1a8f51e34e5c,sampler_67ad9559,sampler,1745860,12330436.51,12618940.33,12618941.79,12619336.44,1,11,10,38.31,383,0.383,0.038,505428048,50542804,964.03,0.72,0.00,-1,-1,0.00
dag_38ec206859024673,sampler_d4cc4561,sampler,364301,12343163.56,12619336.44,12619337.88,12619999.51,1,12,12,65.02,650,0.650,0.065,458083922,45808392,873.73,0.49,0.00,-1,-1,0.00
dag_1f23f3a4c41b4836,sampler_197abeed,sampler,290674,12346466.69,12619999.51,12620000.93,12620356.56,1,9,6,34.40,344,0.344,0.034,823015352,82301535,1569.78,0.71,0.00,-1,-1,0.00
dag_5d27d0b9ef574f30,sampler_3b9829da,sampler,445937,12353653.77,12620356.56,12620358.01,12620800.67,1,6,0,43.14,431,0.431,0.043,381364861,38136486,727.40,0.51,0.00,-1,-1,0.00
dag_1225345267d447cc,sampler_523e7394,sampler,3131479,12361285.85,12620800.67,12620802.11,12621404.76,1,9,6,59.16,591,0.591,0.059,808566438,80856643,1542.22,0.56,0.00,-1,-1,0.00
dag_bea8b8165f864dbb,sampler_8aaf9491,sampler,1776489,12371028.98,12621404.76,12621406.22,12622066.87,1,13,14,64.92,649,0.649,0.065,608331395,60833139,1160.30,0.67,0.00,-1,-1,0.00
dag_ad36e74386b9411c,sampler_412390b9,sampler,311979,12372698.06,12622066.87,12622068.30,12622209.92,1,12,12,13.08,130,0.130,0.013,567745936,56774593,1082.89,0.61,0.00,-1,-1,0.00
dag_2ef9fa6af23a4570,sampler_fca6495c,sampler,531091,12380363.11,12622209.92,12622211.35,12622774.98,1,9,6,55.29,552,0.552,0.055,561128254,56112825,1070.27,0.59,0.00,-1,-1,0.00
dag_a4eb8e47d4f34c31,sampler_595dac7a,sampler,1812352,12381195.75,12622774.98,12622776.41,12623155.05,1,9,6,36.75,367,0.367,0.037,434063026,43406302,827.91,0.84,0.00,-1,-1,0.00
dag_959798270e604592,sampler_fa88c0a4,sampler,3166836,12386357.82,12623155.05,12623156.48,12623601.11,1,13,14,43.37,433,0.433,0.043,650499999,65049999,1240.73,0.83,0.00,-1,-1,0.00
dag_7fcfd30e057e4720,unet_denoise_3996ff88,unet_denoise,2402161,12415719.38,12623601.11,12623602.56,12627368.21,1,8,4,375.47,3754,3.754,0.375,2984307596,298430759,5692.12,0.92,0.00,-1,-1,0.00
dag_dffce61524874add,sampler_e14c7fad,sampler,1837456,12425458.45,12627368.21,12627369.66,12627945.31,1,12,12,56.43,564,0.564,0.056,482805253,48280525,920.88,0.64,0.00,-1,-1,0.00
dag_2604b14cf4864967,sampler_52deef51,sampler,1597098,12437104.53,12627945.31,12627946.75,12628971.38,1,6,0,102.40,1023,1.023,0.102,626427895,62642789,1194.82,0.54,0.00,-1,-1,0.00
dag_48ce7371571e408e,sampler_78c4a1a8,sampler,2443694,12440342.62,12628971.38,12628972.82,12629223.45,1,8,4,23.93,239,0.239,0.024,728906351,72890635,1390.28,0.91,0.00,-1,-1,0.00
dag_158e662ab43f41be,unet_denoise_205da447,unet_denoise,1879793,12442005.75,12629223.45,12629344.48,12631546.56,2,1000,16,2078.13,20781,20.781,2.078,2820681556,282068155,5380.02,0.59,0.00,-1,-1,0.00
dag_df9fc3aa30db4ac6,unet_denoise_8aa1f10b,unet_denoise,955731,12442527.81,12631546.56,12631548.02,12639215.67,1,13,14,765.64,7656,7.656,0.766,2975658977,297565897,5675.62,0.84,0.00,-1,-1,0.00
dag_58f9446bbd3d4230,sampler_cf4232d9,sampler,2508851,12451568.89,12639215.67,12639217.12,12640029.76,1,10,8,80.17,801,0.801,0.080,826402432,82640243,1576.24,0.41,0.00,-1,-1,0.00
dag_72c99ec3b9a54445,unet_denoise_cf763d82,unet_denoise,788640,12452298.92,12640029.76,12640031.19,12651468.81,1,11,10,1142.65,11426,11.426,1.143,2684741229,268474122,5120.74,0.62,0.00,-1,-1,0.00
dag_c662227e80b24669,unet_denoise_a389356e,unet_denoise,1635280,12452582.51,12651468.81,12651470.23,12657951.84,1,9,6,647.05,6470,6.470,0.647,3416508400,341650840,6516.47,0.75,0.00,-1,-1,0.00
dag_301b8aa355cf41a5,sampler_0531cf64,sampler,1924705,12462326.60,12657951.84,12657953.28,12658621.92,1,8,4,65.78,657,0.657,0.066,499138459,49913845,952.03,0.40,0.00,-1,-1,0.00
dag_7da0a6ba311a4a8d,unet_denoise_156f7f77,unet_denoise,2557185,12462646.64,12658621.92,12658742.51,12659340.32,2,1000,16,474.43,4744,4.744,0.474,2546292499,254629249,4856.67,0.87,0.00,-1,-1,0.00
dag_087a3e55add54b84,unet_denoise_35e39343,unet_denoise,2579922,12462945.71,12659340.32,12659460.91,12660043.03,2,1000,16,458.78,4587,4.587,0.459,3215815785,321581578,6133.68,0.56,0.00,-1,-1,0.00
dag_0a118d4db805487c,sampler_c3e859c5,sampler,2597180,12478778.74,12660043.03,12660044.46,12661305.09,1,11,10,124.92,1249,1.249,0.125,508298717,50829871,969.50,0.85,0.00,-1,-1,0.00
dag_bb8425b128964146,unet_denoise_a1556906,unet_denoise,2714901,12479293.81,12661305.09,12661306.51,12668432.13,1,7,2,711.45,7114,7.114,0.711,2669086950,266908695,5090.88,0.70,0.00,-1,-1,0.00
dag_99104302e6ae4866,unet_denoise_c707f5a6,unet_denoise,2736704,12479793.90,12668432.13,12668433.55,12673815.17,1,8,4,537.02,5370,5.370,0.537,3272464085,327246408,6241.73,0.83,0.00,-1,-1,0.00
dag_3616f9eb4acd4cce,unet_denoise_ade27f04,unet_denoise,2740620,12480385.97,12673815.17,12673816.60,12681229.23,1,8,4,740.14,7401,7.401,0.740,3603729902,360372990,6873.57,0.51,0.00,-1,-1,0.00
dag_4612b1ef61374610,unet_denoise_87a8c064,unet_denoise,2746361,12480989.08,12681229.23,12681230.67,12689979.31,1,10,8,873.74,8737,8.737,0.874,2306386043,230638604,4399.08,0.44,0.00,-1,-1,0.00
dag_6751fb9a83ed408d,sampler_c6c3012c,sampler,1980673,12486946.16,12689979.31,12689980.73,12690478.34,1,7,2,48.67,486,0.486,0.049,388886782,38888678,741.74,0.68,0.00,-1,-1,0.00
dag_e7ccfd39016d4183,sampler_b0d5e4b1,sampler,2044685,12487610.54,12690478.34,12690479.79,12690732.43,1,12,12,24.18,241,0.241,0.024,597587014,59758701,1139.81,0.90,0.00,-1,-1,0.00
dag_2672a5cdae594062,unet_denoise_214b7c71,unet_denoise,2065622,12488011.58,12690732.43,12690733.88,12696443.54,1,7,2,570.84,5708,5.708,0.571,2516847152,251684715,4800.50,0.85,0.00,-1,-1,0.00
dag_daff787d847b4d66,unet_denoise_a910cead,unet_denoise,2871924,12488281.66,12696443.54,12696444.98,12700907.62,1,7,2,445.11,4451,4.451,0.445,2855850862,285585086,5447.10,0.62,0.00,-1,-1,0.00
dag_45623821bc4b48ca,unet_denoise_1a20f369,unet_denoise,2913489,12488728.74,12700907.62,12700909.08,12707900.73,1,6,0,698.10,6980,6.980,0.698,2218408534,221840853,4231.28,0.90,0.00,-1,-1,0.00
dag_02c30d07c2df4f53,sampler_4c2d3215,sampler,2094720,12499897.84,12707900.73,12707902.18,12708575.82,1,10,8,66.27,662,0.662,0.066,681839218,68183921,1300.51,0.90,0.00,-1,-1,0.00
dag_8240779e963a41fd,sampler_9cd329e4,sampler,2195145,12506826.92,12708575.82,12708577.24,12708988.85,1,11,10,40.05,400,0.400,0.040,455582193,45558219,868.95,0.88,0.00,-1,-1,0.00
dag_046e5a04b57748db,sampler_996fab55,sampler,2207056,12513717.01,12708988.85,12709109.64,12709276.12,2,1000,16,42.83,428,0.428,0.043,827931007,82793100,1579.15,0.81,0.00,-1,-1,0.00
dag_0e0ca4159e544e86,sampler_ffc14b19,sampler,2944176,12514833.55,12709276.12,12709277.57,12709841.23,1,11,10,55.22,552,0.552,0.055,752380619,75238061,1435.05,0.53,0.00,-1,-1,0.00
dag_9c3a4b173dc84179,unet_denoise_106eff4d,unet_denoise,1024634,12515275.63,12709841.23,12709842.68,12715982.34,1,7,2,613.83,6138,6.138,0.614,3697453967,369745396,7052.33,0.51,0.00,-1,-1,0.00
dag_c4fc9dded3924f0a,unet_denoise_a514dc25,unet_denoise,832179,12515632.71,12715982.34,12716103.37,12716754.15,2,1000,16,526.86,5268,5.268,0.527,3589586846,358958684,6846.59,0.87,0.00,-1,-1,0.00
dag_44a26dab89444865,sampler_23366723,sampler,1234450,12521391.81,12716754.15,12716755.61,12717145.26,1,12,12,37.82,378,0.378,0.038,426786102,42678610,814.03,0.64,0.00,-1,-1,0.00
dag_58e29ceb412c47dc,unet_denoise_fcdbaaf8,unet_denoise,1045271,12521663.15,12717145.26,12717265.92,12717826.32,2,1000,16,436.96,4369,4.369,0.437,4618293092,461829309,8808.70,0.55,0.00,-1,-1,0.00
dag_3ae1fe8af2dd4c57,sampler_bd0da9ca,sampler,1245010,12531835.22,12717826.32,12717827.75,12718561.37,1,6,0,72.28,722,0.722,0.072,473684568,47368456,903.48,0.71,0.00,-1,-1,0.00
dag_46cf51d5c3044117,unet_denoise_7075a398,unet_denoise,3003208,12532227.31,12718561.37,12718562.79,12725716.40,1,12,12,715.28,7152,7.152,0.715,3390150745,339015074,6466.20,0.54,0.00,-1,-1,0.00
dag_46455272cbe54ec8,unet_denoise_179339a4,unet_denoise,2255434,12532959.36,12725716.40,12725717.85,12736720.51,1,7,2,1100.19,11001,11.001,1.100,4424201389,442420138,8438.49,0.64,0.00,-1,-1,0.00
dag_41ec2176cd454bc4,sampler_e26f4830,sampler,1518045,12540247.41,12736720.51,12736721.95,12737175.59,1,7,2,44.22,442,0.442,0.044,704025771,70402577,1342.82,0.65,0.00,-1,-1,0.00
dag_e0bf0b0c3c93417d,sampler_115061cc,sampler,1521599,12545109.50,12737175.59,12737177.04,12737560.68,1,9,6,37.27,372,0.372,0.037,365982842,36598284,698.06,0.64,0.00,-1,-1,0.00
dag_73f06810d4f94121,unet_denoise_c2402a09,unet_denoise,1048269,12545567.52,12737560.68,12737562.14,12745358.79,1,8,4,778.52,7785,7.785,0.779,2354590361,235459036,4491.02,0.80,0.00,-1,-1,0.00
dag_66afb2b173ef46b3,unet_denoise_5726dafe,unet_denoise,1689059,12545839.59,12745358.79,12745360.24,12749282.89,1,11,10,391.14,3911,3.911,0.391,4513780950,451378095,8609.35,0.47,0.00,-1,-1,0.00
dag_acef7e389a114bcc,unet_denoise_f884149f,unet_denoise,833139,12546239.67,12749282.89,12749284.34,12754848.99,1,7,2,556.38,5563,5.563,0.556,1812703522,181270352,3457.46,0.46,0.00,-1,-1,0.00
dag_4223921a13d94f85,sampler_9e21c824,sampler,1528507,12561803.17,12754848.99,12754850.43,12755542.08,1,8,4,68.07,680,0.680,0.068,471087615,47108761,898.53,0.86,0.00,-1,-1,0.00
dag_6c49e8f33c75421e,sampler_544c1784,sampler,2304077,12570002.29,12755542.08,12755543.52,12756123.15,1,7,2,56.80,568,0.568,0.057,479799324,47979932,915.14,0.71,0.00,-1,-1,0.00
dag_e4d333c3eab5448d,sampler_91fd1a39,sampler,1697292,12573674.32,12756123.15,12756124.60,12756448.24,1,11,10,32.28,322,0.322,0.032,672415496,67241549,1282.53,0.87,0.00,-1,-1,0.00
dag_eb11baf7ee404c2f,sampler_52852a47,sampler,1530044,12578174.43,12756448.24,12756449.69,12756784.34,1,6,0,33.34,333,0.333,0.033,479932683,47993268,915.40,0.73,0.00,-1,-1,0.00
dag_7eeaa25eb2024286,sampler_09d7ce89,sampler,846479,12583819.51,12756784.34,12756785.78,12757059.41,1,12,12,26.27,262,0.262,0.026,733459548,73345954,1398.96,0.56,0.00,-1,-1,0.00
dag_628c617e7c804df0,sampler_357d4289,sampler,3058035,12588347.61,12757059.41,12757180.31,12757337.51,2,1000,16,33.45,334,0.334,0.033,673902781,67390278,1285.37,0.41,0.00,-1,-1,0.00
dag_a7af186451ff4870,unet_denoise_a16ec217,unet_denoise,1076091,12588935.72,12757337.51,12757338.96,12765708.61,1,13,14,835.90,8358,8.358,0.836,2690437788,269043778,5131.60,0.78,0.00,-1,-1,0.00
dag_c939c36c249f4616,sampler_20095355,sampler,852984,12594165.75,12765708.61,12765710.03,12766087.64,1,10,8,36.64,366,0.366,0.037,795239883,79523988,1516.80,0.90,0.00,-1,-1,0.00
dag_475955bb70184b83,sampler_3b6c4e9f,sampler,877914,12602770.86,12766087.64,12766089.08,12766665.73,1,13,14,56.51,565,0.565,0.057,551697570,55169757,1052.28,0.55,0.00,-1,-1,0.00
dag_3d98a7542f9e4c06,sampler_e531d801,sampler,665144,12610116.91,12766665.73,12766667.18,12767163.82,1,10,8,48.56,485,0.485,0.049,425736643,42573664,812.03,0.58,0.00,-1,-1,0.00
dag_460c3a8ec45a455a,unet_denoise_cee5c9d2,unet_denoise,3071505,12610783.02,12767163.82,12767165.27,12777510.92,1,6,0,1034.44,10344,10.344,1.034,2207122349,220712234,4209.75,0.74,0.00,-1,-1,0.00
dag_12e6b55766fb4483,unet_denoise_8a8ee562,unet_denoise,1397302,12611447.12,12777510.92,12777512.35,12787995.97,1,9,6,1047.24,10472,10.472,1.047,2862161883,286216188,5459.14,0.67,0.00,-1,-1,0.00
dag_0605d9f01775453c,unet_denoise_1721d2d1,unet_denoise,638666,12612079.21,12787995.97,12787997.40,12797995.02,1,8,4,998.63,9986,9.986,0.999,4478339491,447833949,8541.75,0.82,0.00,-1,-1,0.00
dag_52fb11ac19314df7,sampler_acddee9f,sampler,3088750,12618664.27,12797995.02,12797996.47,12798444.12,1,12,12,43.68,436,0.436,0.044,580264331,58026433,1106.77,0.60,0.00,-1,-1,0.00
dag_1f52bd4c90834fa8,unet_denoise_47d96924,unet_denoise,360567,12618940.33,12798444.12,12798445.55,12802099.17,1,6,0,364.29,3642,3.642,0.364,2981842712,298184271,5687.41,0.74,0.00,-1,-1,0.00
dag_53ac1a8f51e34e5c,unet_denoise_65e118b4,unet_denoise,1745860,12619336.44,12802099.17,12802100.62,12808071.27,1,12,12,595.93,5959,5.959,0.596,3819990617,381999061,7286.05,0.77,0.00,-1,-1,0.00
dag_38ec206859024673,unet_denoise_ec70600d,unet_denoise,364301,12619999.51,12808071.27,12808072.68,12817407.29,1,12,12,933.39,9333,9.333,0.933,2703538844,270353884,5156.59,0.79,0.00,-1,-1,0.00
dag_1f23f3a4c41b4836,unet_denoise_8dc6899d,unet_denoise,290674,12620356.56,12817407.29,12817408.73,12821692.36,1,6,0,427.26,4272,4.272,0.427,5249574761,524957476,10012.77,0.80,0.00,-1,-1,0.00
dag_5d27d0b9ef574f30,unet_denoise_d63ce694,unet_denoise,445937,12620800.67,12821692.36,12821693.81,12830472.46,1,11,10,876.76,8767,8.767,0.877,3531675595,353167559,6736.14,0.76,0.00,-1,-1,0.00
dag_1225345267d447cc,unet_denoise_37eb3ef3,unet_denoise,3131479,12621404.76,12830472.46,12830593.15,12831387.79,2,1000,16,671.17,6711,6.711,0.671,2663373984,266337398,5079.98,0.51,0.00,-1,-1,0.00
dag_bea8b8165f864dbb,unet_denoise_c8b85de7,unet_denoise,1776489,12622066.87,12831387.79,12831389.24,12839884.89,1,8,4,848.48,8484,8.484,0.848,3534480469,353448046,6741.49,0.68,0.00,-1,-1,0.00
dag_ad36e74386b9411c,unet_denoise_24b6417a,unet_denoise,311979,12622209.92,12839884.89,12839886.30,12841879.91,1,7,2,198.23,1982,1.982,0.198,2420029974,242002997,4615.84,0.40,0.00,-1,-1,0.00
dag_2ef9fa6af23a4570,unet_denoise_0bc67283,unet_denoise,531091,12622774.98,12841879.91,12841881.35,12850717.98,1,9,6,882.58,8825,8.825,0.883,2759619355,275961935,5263.56,0.88,0.00,-1,-1,0.00
dag_a4eb8e47d4f34c31,unet_denoise_14043fac,unet_denoise,1812352,12623155.05,12850717.98,12850719.42,12856203.07,1,10,8,547.23,5472,5.472,0.547,4182066765,418206676,7976.66,0.81,0.00,-1,-1,0.00
dag_959798270e604592,unet_denoise_c72cbc3a,unet_denoise,3166836,12623601.11,12856203.07,12856204.52,12862019.18,1,9,6,580.35,5803,5.803,0.580,2503641247,250364124,4775.32,0.94,0.00,-1,-1,0.00
dag_7fcfd30e057e4720,sampler_e94da545,sampler,2402161,12627368.21,12862019.18,12862020.63,12862289.28,1,8,4,25.74,257,0.257,0.026,328725942,32872594,626.99,0.51,0.00,-1,-1,0.00
dag_dffce61524874add,unet_denoise_81b53bf7,unet_denoise,1837456,12627945.31,12862289.28,12862290.73,12870585.39,1,9,6,828.36,8283,8.283,0.828,2632065316,263206531,5020.27,0.80,0.00,-1,-1,0.00
dag_2604b14cf4864967,unet_denoise_0f7b2fc4,unet_denoise,1597098,12628971.38,12870585.39,12870706.38,12872343.32,2,1000,16,1513.04,15130,15.130,1.513,2244606244,224460624,4281.25,0.45,0.00,-1,-1,0.00
dag_48ce7371571e408e,unet_denoise_b7e6d62b,unet_denoise,2443694,12629223.45,12872343.32,12872344.76,12875156.39,1,8,4,280.08,2800,2.800,0.280,2998099201,299809920,5718.42,0.49,0.00,-1,-1,0.00
dag_158e662ab43f41be,sampler_b66a68d0,sampler,1879793,12631546.56,12875156.39,12875157.83,12876508.48,1,12,12,133.93,1339,1.339,0.134,493718706,49371870,941.69,0.67,0.00,-1,-1,0.00
dag_df9fc3aa30db4ac6,sampler_4139f203,sampler,955731,12639215.67,12876508.48,12876509.92,12877186.54,1,13,14,66.53,665,0.665,0.067,574577661,57457766,1095.92,0.54,0.00,-1,-1,0.00
dag_58f9446bbd3d4230,unet_denoise_05f8c87a,unet_denoise,2508851,12640029.76,12877186.54,12877187.98,12886460.62,1,12,12,926.12,9261,9.261,0.926,3815788257,381578825,7278.04,0.70,0.00,-1,-1,0.00
dag_72c99ec3b9a54445,sampler_0673fa3e,sampler,788640,12651468.81,12886460.62,12886462.06,12887333.70,1,8,4,87.01,870,0.870,0.087,500948881,50094888,955.48,0.88,0.00,-1,-1,0.00
dag_c662227e80b24669,sampler_580c2433,sampler,1635280,12657951.84,12887333.70,12887335.14,12887772.78,1,10,8,42.65,426,0.426,0.043,257926032,25792603,491.95,0.48,0.00,-1,-1,0.00
dag_301b8aa355cf41a5,unet_denoise_ed798b2a,unet_denoise,1924705,12658621.92,12887772.78,12887774.23,12897599.89,1,6,0,982.48,9824,9.824,0.982,2893691817,289369181,5519.28,0.63,0.00,-1,-1,0.00
dag_7da0a6ba311a4a8d,sampler_574bba0b,sampler,2557185,12659340.32,12897599.89,12897601.34,12897965.99,1,9,6,35.37,353,0.353,0.035,455762729,45576272,869.30,0.81,0.00,-1,-1,0.00
dag_087a3e55add54b84,sampler_8fa3bbe9,sampler,2579922,12660043.03,12897965.99,12897967.44,12898327.08,1,12,12,34.80,348,0.348,0.035,480250586,48025058,916.01,0.91,0.00,-1,-1,0.00
dag_0a118d4db805487c,unet_denoise_2cec77e0,unet_denoise,2597180,12661305.09,12898327.08,12898328.52,12913240.17,1,7,2,1490.09,14900,14.900,1.490,2583791541,258379154,4928.19,0.44,0.00,-1,-1,0.00
dag_bb8425b128964146,sampler_1afbe447,sampler,2714901,12668432.13,12913240.17,12913241.61,12913771.25,1,13,14,51.90,518,0.518,0.052,363247002,36324700,692.84,0.41,0.00,-1,-1,0.00
dag_99104302e6ae4866,sampler_bda4b6c6,sampler,2736704,12673815.17,12913771.25,12913772.70,12914174.34,1,12,12,39.01,390,0.390,0.039,406411329,40641132,775.17,0.80,0.00,-1,-1,0.00
dag_3616f9eb4acd4cce,sampler_967632b8,sampler,2740620,12681229.23,12914174.34,12914175.77,12914725.39,1,8,4,53.80,538,0.538,0.054,515808397,51580839,983.83,0.54,0.00,-1,-1,0.00
dag_4612b1ef61374610,sampler_c8aa83d4,sampler,2746361,12689979.31,12914725.39,12914726.85,12915276.50,1,10,8,53.88,538,0.538,0.054,539733899,53973389,1029.46,0.75,0.00,-1,-1,0.00
dag_6751fb9a83ed408d,unet_denoise_3bcbc154,unet_denoise,1980673,12690478.34,12915276.50,12915277.95,12921424.59,1,7,2,614.58,6145,6.145,0.615,3110347947,311034794,5932.52,0.60,0.00,-1,-1,0.00
dag_e7ccfd39016d4183,unet_denoise_24194a4b,unet_denoise,2044685,12690732.43,12921424.59,12921426.02,12925905.64,1,11,10,447.84,4478,4.478,0.448,2709550511,270955051,5168.06,0.73,0.00,-1,-1,0.00
dag_2672a5cdae594062,sampler_5200fde5,sampler,2065622,12696443.54,12925905.64,12925907.06,12926277.68,1,12,12,36.92,369,0.369,0.037,826443153,82644315,1576.32,0.79,0.00,-1,-1,0.00
dag_daff787d847b4d66,sampler_a6693439,sampler,2871924,12700907.62,12926277.68,12926279.13,12926588.79,1,11,10,29.86,298,0.298,0.030,743891592,74389159,1418.86,0.49,0.00,-1,-1,0.00
dag_45623821bc4b48ca,sampler_a5f84f83,sampler,2913489,12707900.73,12926588.79,12926590.21,12927086.84,1,8,4,48.53,485,0.485,0.049,632509097,63250909,1206.42,0.84,0.00,-1,-1,0.00
dag_02c30d07c2df4f53,unet_denoise_a7bd52dd,unet_denoise,2094720,12708575.82,12927086.84,12927207.73,12928361.34,2,1000,16,1029.82,10298,10.298,1.030,3560036276,356003627,6790.23,0.94,0.00,-1,-1,0.00
dag_8240779e963a41fd,unet_denoise_1201d3db,unet_denoise,2195145,12708988.85,12928361.34,12928362.76,12933682.37,1,12,12,531.87,5318,5.318,0.532,1719718986,171971898,3280.10,0.45,0.00,-1,-1,0.00
dag_046e5a04b57748db,unet_denoise_18c5e6e3,unet_denoise,2207056,12709276.12,12933682.37,12933683.82,12939826.47,1,10,8,613.18,6131,6.131,0.613,4448510158,444851015,8484.86,0.73,0.00,-1,-1,0.00
dag_0e0ca4159e544e86,unet_denoise_cc0dabab,unet_denoise,2944176,12709841.23,12939826.47,12939827.90,12948736.51,1,13,14,890.74,8907,8.907,0.891,4641701607,464170160,8853.34,0.73,0.00,-1,-1,0.00
dag_9c3a4b173dc84179,sampler_01340091,sampler,1024634,12715982.34,12948736.51,12948737.95,12949201.59,1,13,14,45.25,452,0.452,0.045,385768528,38576852,735.80,0.64,0.00,-1,-1,0.00
dag_c4fc9dded3924f0a,sampler_6cf9e854,sampler,832179,12716754.15,12949201.59,12949203.02,12949570.63,1,12,12,35.61,356,0.356,0.036,725287237,72528723,1383.38,0.59,0.00,-1,-1,0.00
dag_44a26dab89444865,unet_denoise_37d226b6,unet_denoise,1234450,12717145.26,12949570.63,12949691.49,12950502.06,2,1000,16,686.81,6868,6.868,0.687,2934899476,293489947,5597.88,0.73,0.00,-1,-1,0.00
dag_58e29ceb412c47dc,sampler_3ded1ef3,sampler,1045271,12717826.32,12950502.06,12950503.48,12950875.11,1,12,12,36.06,360,0.360,0.036,443412920,44341292,845.74,0.46,0.00,-1,-1,0.00
dag_3ae1fe8af2dd4c57,unet_denoise_22f61cd7,unet_denoise,1245010,12718561.37,12950875.11,12950995.96,12952177.03,2,1000,16,1057.31,10573,10.573,1.057,2870096846,287009684,5474.28,0.60,0.00,-1,-1,0.00
dag_46cf51d5c3044117,sampler_d29cc463,sampler,3003208,12725716.40,12952177.03,12952178.48,12952669.13,1,7,2,47.96,479,0.479,0.048,430538289,43053828,821.19,0.43,0.00,-1,-1,0.00
dag_46455272cbe54ec8,sampler_c6e3fb32,sampler,2255434,12736720.51,12952669.13,12952670.57,12953462.22,1,12,12,78.00,780,0.780,0.078,481771179,48177117,918.91,0.88,0.00,-1,-1,0.00
dag_41ec2176cd454bc4,unet_denoise_56c0d4b4,unet_denoise,1518045,12737175.59,12953462.22,12953463.66,12960278.29,1,11,10,680.33,6803,6.803,0.680,3734863384,373486338,7123.69,0.42,0.00,-1,-1,0.00
dag_e0bf0b0c3c93417d,unet_denoise_31618291,unet_denoise,1521599,12737560.68,12960278.29,12960279.74,12964710.39,1,8,4,441.98,4419,4.419,0.442,2855092815,285509281,5445.66,0.48,0.00,-1,-1,0.00
dag_73f06810d4f94121,sampler_e26a907b,sampler,1048269,12745358.79,12964710.39,12964711.84,12965216.49,1,12,12,49.31,493,0.493,0.049,530944141,53094414,1012.70,0.80,0.00,-1,-1,0.00
dag_66afb2b173ef46b3,sampler_9cd80a4c,sampler,1689059,12749282.89,12965216.49,12965337.35,12965487.72,2,1000,16,26.62,266,0.266,0.027,639613553,63961355,1219.97,0.86,0.00,-1,-1,0.00
dag_acef7e389a114bcc,sampler_c7191213,sampler,833139,12754848.99,12965487.72,12965489.15,12965833.77,1,6,0,33.35,333,0.333,0.033,344355648,34435564,656.81,0.91,0.00,-1,-1,0.00
dag_4223921a13d94f85,unet_denoise_9ab16b59,unet_denoise,1528507,12755542.08,12965833.77,12965835.22,12974931.87,1,7,2,908.51,9085,9.085,0.909,3045003977,304500397,5807.88,0.54,0.00,-1,-1,0.00
dag_6c49e8f33c75421e,unet_denoise_4afb76e9,unet_denoise,2304077,12756123.15,12974931.87,12975052.53,12976108.03,2,1000,16,932.06,9320,9.320,0.932,3557260824,355726082,6784.94,0.85,0.00,-1,-1,0.00
dag_e4d333c3eab5448d,unet_denoise_f070bace,unet_denoise,1697292,12756448.24,12976108.03,12976109.47,12980533.12,1,11,10,441.25,4412,4.412,0.441,2397605432,239760543,4573.07,0.71,0.00,-1,-1,0.00
dag_eb11baf7ee404c2f,unet_denoise_eb9730b9,unet_denoise,1530044,12756784.34,12980533.12,12980534.56,12985555.21,1,8,4,500.91,5009,5.009,0.501,3389408933,338940893,6464.78,0.74,0.00,-1,-1,0.00
dag_7eeaa25eb2024286,unet_denoise_40b647bb,unet_denoise,846479,12757059.41,12985555.21,12985556.66,12990555.30,1,12,12,498.74,4987,4.987,0.499,2986096685,298609668,5695.53,0.44,0.00,-1,-1,0.00
dag_a7af186451ff4870,sampler_16133957,sampler,1076091,12765708.61,12995892.73,12995894.17,12996495.80,1,8,4,59.06,590,0.590,0.059,747703020,74770302,1426.13,0.87,0.00,-1,-1,0.00
dag_c939c36c249f4616,unet_denoise_0eeeb27f,unet_denoise,852984,12766087.64,12996495.80,12996497.23,13002253.86,1,13,14,574.60,5745,5.745,0.575,2625988483,262598848,5008.68,0.92,0.00,-1,-1,0.00
dag_3d98a7542f9e4c06,unet_denoise_66da8ba1,unet_denoise,665144,12767163.82,13008956.30,13008957.73,13014175.36,1,10,8,520.65,5206,5.206,0.521,2894523419,289452341,5520.87,0.70,0.00,-1,-1,0.00
dag_460c3a8ec45a455a,sampler_e384f7bb,sampler,3071505,12777510.92,13014175.36,13014176.80,13014903.43,1,11,10,71.52,715,0.715,0.072,442282015,44228201,843.59,0.88,0.00,-1,-1,0.00
dag_12e6b55766fb4483,sampler_99e3fc11,sampler,1397302,12787995.97,13014903.43,13014904.86,13015408.49,1,6,0,49.29,492,0.492,0.049,489662778,48966277,933.96,0.93,0.00,-1,-1,0.00
dag_0605d9f01775453c,sampler_e380ff46,sampler,638666,12797995.02,13015408.49,13015409.92,13016007.54,1,7,2,58.63,586,0.586,0.059,653310515,65331051,1246.09,0.56,0.00,-1,-1,0.00
dag_52fb11ac19314df7,unet_denoise_5bdb0cf1,unet_denoise,3088750,12798444.12,13016007.54,13016008.98,13022929.60,1,7,2,690.96,6909,6.909,0.691,1966390301,196639030,3750.59,0.44,0.00,-1,-1,0.00
dag_1f52bd4c90834fa8,sampler_6c172fcb,sampler,360567,12802099.17,13022929.60,13022931.03,13023177.66,1,8,4,24.55,245,0.245,0.025,585108154,58510815,1116.01,0.58,0.00,-1,-1,0.00
dag_53ac1a8f51e34e5c,sampler_cf6de0ae,sampler,1745860,12808071.27,13023177.66,13023179.10,13023584.73,1,12,12,39.48,394,0.394,0.039,636867199,63686719,1214.73,0.91,0.00,-1,-1,0.00
dag_38ec206859024673,sampler_fe206c3a,sampler,364301,12817407.29,13023584.73,13023586.15,13024380.76,1,12,12,78.34,783,0.783,0.078,749487512,74948751,1429.53,0.61,0.00,-1,-1,0.00
dag_1f23f3a4c41b4836,sampler_f5b2bed4,sampler,290674,12821692.36,13024380.76,13024382.19,13024724.82,1,10,8,33.11,331,0.331,0.033,552247542,55224754,1053.33,0.55,0.00,-1,-1,0.00
dag_5d27d0b9ef574f30,sampler_5a5aa0f2,sampler,445937,12830472.46,13024724.82,13024726.24,13025174.85,1,11,10,43.79,437,0.437,0.044,605997222,60599722,1155.85,0.85,0.00,-1,-1,0.00
dag_1225345267d447cc,sampler_0b55aa21,sampler,3131479,12831387.79,13025174.85,13025176.28,13025614.91,1,12,12,42.78,427,0.427,0.043,240177915,24017791,458.10,0.42,0.00,-1,-1,0.00
dag_bea8b8165f864dbb,sampler_bc08262e,sampler,1776489,12839884.89,13025614.91,13025616.36,13026210.01,1,12,12,58.20,582,0.582,0.058,636509763,63650976,1214.05,0.82,0.00,-1,-1,0.00
dag_ad36e74386b9411c,sampler_af1a367e,sampler,311979,12841879.91,13026210.01,13026211.46,13026337.10,1,12,12,11.47,114,0.114,0.011,644150239,64415023,1228.62,0.93,0.00,-1,-1,0.00
dag_2ef9fa6af23a4570,sampler_9416d059,sampler,531091,12850717.98,13026337.10,13026338.55,13026951.19,1,11,10,60.18,601,0.601,0.060,585041337,58504133,1115.88,0.54,0.00,-1,-1,0.00
dag_a4eb8e47d4f34c31,sampler_09adf018,sampler,1812352,12856203.07,13026951.19,13026952.64,13027335.29,1,12,12,37.14,371,0.371,0.037,662647654,66264765,1263.90,0.93,0.00,-1,-1,0.00
dag_959798270e604592,sampler_e5ac9ec0,sampler,3166836,12862019.18,13027335.29,13027455.91,13027612.22,2,1000,16,32.83,328,0.328,0.033,506923538,50692353,966.88,0.50,0.00,-1,-1,0.00
dag_7fcfd30e057e4720,unet_denoise_93611313,unet_denoise,2402161,12862289.28,13027612.22,13027732.91,13028245.15,2,1000,16,388.74,3887,3.887,0.389,2002833768,200283376,3820.10,0.60,0.00,-1,-1,0.00
dag_dffce61524874add,sampler_1c3fc8d1,sampler,1837456,12870585.39,13028245.15,13028246.60,13028886.25,1,9,6,62.80,628,0.628,0.063,336432543,33643254,641.69,0.45,0.00,-1,-1,0.00
dag_2604b14cf4864967,sampler_86adb82e,sampler,1597098,12872343.32,13028886.25,13029007.14,13029222.45,2,1000,16,91.56,915,0.915,0.092,758368965,75836896,1446.47,0.50,0.00,-1,-1,0.00
dag_48ce7371571e408e,sampler_1370cb44,sampler,2443694,12875156.39,13029222.45,13029223.89,13029418.54,1,13,14,18.38,183,0.183,0.018,738379627,73837962,1408.35,0.75,0.00,-1,-1,0.00
dag_158e662ab43f41be,unet_denoise_4e999975,unet_denoise,1879793,12876508.48,13029418.54,13029419.99,13052958.64,1,13,14,2352.79,23527,23.527,2.353,2960508343,296050834,5646.72,0.40,0.00,-1,-1,0.00
dag_df9fc3aa30db4ac6,unet_denoise_a64b6e8d,unet_denoise,955731,12877186.54,13052958.64,13052960.08,13062888.73,1,10,8,991.77,9917,9.917,0.992,2605822205,260582220,4970.21,0.76,0.00,-1,-1,0.00
dag_58f9446bbd3d4230,sampler_b29ba0ab,sampler,2508851,12886460.62,13062888.73,13062890.17,13063615.81,1,8,4,71.41,714,0.714,0.071,450385277,45038527,859.04,0.74,0.00,-1,-1,0.00
dag_72c99ec3b9a54445,unet_denoise_6aa7eb43,unet_denoise,788640,12887333.70,13063615.81,13063617.25,13075504.88,1,6,0,1187.61,11876,11.876,1.188,4388744273,438874427,8370.87,0.67,0.00,-1,-1,0.00
dag_c662227e80b24669,unet_denoise_7da8d75c,unet_denoise,1635280,12887772.78,13075504.88,13075506.32,13082070.95,1,9,6,656.31,6563,6.563,0.656,3075686872,307568687,5866.41,0.67,0.00,-1,-1,0.00
dag_301b8aa355cf41a5,sampler_4b6c5360,sampler,1924705,12897599.89,13082070.95,13082072.39,13082774.03,1,11,10,69.01,690,0.690,0.069,546406325,54640632,1042.19,0.40,0.00,-1,-1,0.00
dag_7da0a6ba311a4a8d,unet_denoise_c4980ce3,unet_denoise,2557185,12897965.99,13082774.03,13082775.48,13087486.13,1,6,0,469.98,4699,4.699,0.470,3695185360,369518536,7048.01,0.83,0.00,-1,-1,0.00
dag_087a3e55add54b84,unet_denoise_ff9957a3,unet_denoise,2579922,12898327.08,13087486.13,13087487.56,13093100.18,1,8,4,561.17,5611,5.611,0.561,2174828758,217482875,4148.16,0.68,0.00,-1,-1,0.00
dag_0a118d4db805487c,sampler_483357b0,sampler,2597180,12913240.17,13093100.18,13093101.62,13094194.26,1,6,0,108.17,1081,1.081,0.108,580034354,58003435,1106.33,0.72,0.00,-1,-1,0.00
dag_bb8425b128964146,unet_denoise_9aa365f4,unet_denoise,2714901,12913771.25,13094194.26,13094195.70,13101246.33,1,11,10,703.92,7039,7.039,0.704,3908606870,390860687,7455.08,0.65,0.00,-1,-1,0.00
dag_99104302e6ae4866,unet_denoise_e896e8bb,unet_denoise,2736704,12914174.34,13101246.33,13101247.77,13108569.41,1,6,0,731.07,7310,7.310,0.731,2385541872,238554187,4550.06,0.93,0.00,-1,-1,0.00
dag_3616f9eb4acd4cce,unet_denoise_90f7d841,unet_denoise,2740620,12914725.39,13108569.41,13108570.85,13116453.49,1,9,6,787.16,7871,7.871,0.787,3379385162,337938516,6445.67,0.60,0.00,-1,-1,0.00
dag_4612b1ef61374610,unet_denoise_22ae50d1,unet_denoise,2746361,12915276.50,13116453.49,13116454.93,13125560.58,1,8,4,909.42,9094,9.094,0.909,2841320848,284132084,5419.39,0.95,0.00,-1,-1,0.00
dag_6751fb9a83ed408d,sampler_354ffa84,sampler,1980673,12921424.59,13125560.58,13125562.00,13126084.62,1,10,8,51.12,511,0.511,0.051,395461314,39546131,754.28,0.80,0.00,-1,-1,0.00
dag_e7ccfd39016d4183,sampler_96c59f47,sampler,2044685,12925905.64,13126084.62,13126086.05,13126360.68,1,11,10,26.39,263,0.263,0.026,588451382,58845138,1122.38,0.48,0.00,-1,-1,0.00
dag_2672a5cdae594062,unet_denoise_648a951b,unet_denoise,2065622,12926277.68,13126360.68,13126362.11,13131887.73,1,9,6,551.50,5514,5.514,0.551,3924552149,392455214,7485.49,0.68,0.00,-1,-1,0.00
dag_daff787d847b4d66,unet_denoise_1b79d5ce,unet_denoise,2871924,12926588.79,13131887.73,13131889.15,13136150.77,1,6,0,425.02,4250,4.250,0.425,3536021273,353602127,6744.43,0.68,0.00,-1,-1,0.00
dag_45623821bc4b48ca,unet_denoise_e8aaaf89,unet_denoise,2913489,12927086.84,13136150.77,13136152.21,13142264.86,1,12,12,610.14,6101,6.101,0.610,2717152504,271715250,5182.56,0.68,0.00,-1,-1,0.00
dag_02c30d07c2df4f53,sampler_5cf7d2a4,sampler,2094720,12928361.34,13142264.86,13142266.30,13142934.94,1,11,10,65.73,657,0.657,0.066,647002342,64700234,1234.06,0.76,0.00,-1,-1,0.00
dag_8240779e963a41fd,sampler_4f147a71,sampler,2195145,12933682.37,13142934.94,13142936.38,13143377.02,1,9,6,42.93,429,0.429,0.043,603026430,60302643,1150.18,0.80,0.00,-1,-1,0.00
dag_046e5a04b57748db,sampler_87cd22fb,sampler,2207056,12939826.47,13143377.02,13143378.44,13143856.06,1,9,6,46.63,466,0.466,0.047,544070731,54407073,1037.73,0.92,0.00,-1,-1,0.00
dag_0e0ca4159e544e86,sampler_4ada43f9,sampler,2944176,12948736.51,13143856.06,13143857.50,13144438.14,1,6,0,57.95,579,0.579,0.058,638218282,63821828,1217.30,0.69,0.00,-1,-1,0.00
dag_9c3a4b173dc84179,unet_denoise_1fc9b958,unet_denoise,1024634,12949201.59,13144438.14,13144439.58,13152316.21,1,6,0,786.54,7865,7.865,0.787,3346995967,334699596,6383.89,0.73,0.00,-1,-1,0.00
dag_c4fc9dded3924f0a,unet_denoise_a3c590b5,unet_denoise,832179,12949570.63,13152316.21,13152317.65,13156443.29,1,10,8,412.41,4124,4.124,0.412,3785672915,378567291,7220.60,0.65,0.00,-1,-1,0.00
dag_44a26dab89444865,sampler_6fa0dd33,sampler,1234450,12950502.06,13156443.29,13156444.74,13156784.38,1,12,12,32.83,328,0.328,0.033,433139301,43313930,826.15,0.79,0.00,-1,-1,0.00
dag_58e29ceb412c47dc,unet_denoise_261b3f47,unet_denoise,1045271,12950875.11,13156784.38,13156785.81,13161081.44,1,8,4,428.45,4284,4.284,0.428,4393767544,439376754,8380.45,0.83,0.00,-1,-1,0.00
dag_3ae1fe8af2dd4c57,sampler_843bde7c,sampler,1245010,12952177.03,13161081.44,13161082.89,13161732.53,1,13,14,63.81,638,0.638,0.064,654026045,65402604,1247.46,0.51,0.00,-1,-1,0.00
dag_46cf51d5c3044117,unet_denoise_a125f523,unet_denoise,3003208,12952669.13,13161732.53,13161733.97,13168253.62,1,8,4,650.86,6508,6.508,0.651,3377262400,337726240,6441.62,0.70,0.00,-1,-1,0.00
dag_41ec2176cd454bc4,sampler_e98efe52,sampler,1518045,12960278.29,13181324.06,13181325.51,13181780.15,1,7,2,45.34,453,0.453,0.045,264754397,26475439,504.98,0.55,0.00,-1,-1,0.00
dag_e0bf0b0c3c93417d,sampler_204898c4,sampler,1521599,12964710.39,13181780.15,13181781.59,13182152.21,1,8,4,35.97,359,0.359,0.036,408513550,40851355,779.18,0.61,0.00,-1,-1,0.00
dag_73f06810d4f94121,unet_denoise_1c352578,unet_denoise,1048269,12965216.49,13182152.21,13182272.54,13183274.13,2,1000,16,878.53,8785,8.785,0.879,5329047256,532904725,10164.35,0.86,0.00,-1,-1,0.00
dag_66afb2b173ef46b3,unet_denoise_894a6fe1,unet_denoise,1689059,12965487.72,13183274.13,13183275.57,13187557.21,1,12,12,427.06,4270,4.270,0.427,5355747165,535574716,10215.28,0.41,0.00,-1,-1,0.00
dag_acef7e389a114bcc,unet_denoise_b2945040,unet_denoise,833139,12965833.77,13187557.21,13187558.65,13192804.30,1,13,14,523.49,5234,5.234,0.523,2904016916,290401691,5538.97,0.86,0.00,-1,-1,0.00
dag_4223921a13d94f85,sampler_75c96927,sampler,1528507,12974931.87,13192804.30,13192805.74,13193510.37,1,7,2,69.39,693,0.693,0.069,539635029,53963502,1029.27,0.51,0.00,-1,-1,0.00
dag_6c49e8f33c75421e,sampler_2699eab6,sampler,2304077,12976108.03,13193510.37,13193511.80,13194053.43,1,8,4,53.03,530,0.530,0.053,487962770,48796277,930.72,0.47,0.00,-1,-1,0.00
dag_e4d333c3eab5448d,sampler_59ee3def,sampler,1697292,12980533.12,13194053.43,13194054.88,13194319.53,1,11,10,25.32,253,0.253,0.025,478950482,47895048,913.53,0.92,0.00,-1,-1,0.00
dag_eb11baf7ee404c2f,sampler_b751f6f5,sampler,1530044,12985555.21,13194319.53,13194320.96,13194659.59,1,6,0,32.79,327,0.327,0.033,680866251,68086625,1298.65,0.70,0.00,-1,-1,0.00
dag_7eeaa25eb2024286,sampler_e36d0426,sampler,846479,12990555.30,13194659.59,13194661.02,13195052.65,1,11,10,38.00,380,0.380,0.038,421581664,42158166,804.10,0.78,0.00,-1,-1,0.00
dag_a7af186451ff4870,unet_denoise_fd0d7178,unet_denoise,1076091,12996495.80,13195052.65,13195054.08,13205331.71,1,11,10,1026.68,10266,10.266,1.027,4669964760,466996476,8907.25,0.93,0.00,-1,-1,0.00
dag_c939c36c249f4616,sampler_df355ca7,sampler,852984,13002253.86,13205331.71,13205452.53,13205612.86,2,1000,16,36.67,366,0.366,0.037,638052674,63805267,1216.99,0.77,0.00,-1,-1,0.00
dag_3d98a7542f9e4c06,sampler_e7f2386c,sampler,665144,13014175.36,13205612.86,13205614.30,13205976.95,1,12,12,35.13,351,0.351,0.035,520347323,52034732,992.48,0.73,0.00,-1,-1,0.00
dag_460c3a8ec45a455a,unet_denoise_093dcccc,unet_denoise,3071505,13014903.43,13205976.95,13205978.38,13217844.02,1,10,8,1185.48,11854,11.854,1.185,3915781045,391578104,7468.76,0.42,0.00,-1,-1,0.00
dag_12e6b55766fb4483,unet_denoise_cf4080df,unet_denoise,1397302,13015408.49,13217844.02,13217845.46,13228254.09,1,10,8,1039.72,10397,10.397,1.040,2416492252,241649225,4609.09,0.58,0.00,-1,-1,0.00
dag_0605d9f01775453c,unet_denoise_10a67e26,unet_denoise,638666,13016007.54,13228254.09,13228255.53,13235389.17,1,8,4,712.21,7122,7.122,0.712,3400917978,340091797,6486.74,0.55,0.00,-1,-1,0.00
dag_52fb11ac19314df7,sampler_04fce9bc,sampler,3088750,13022929.60,13235389.17,13235390.61,13235805.25,1,7,2,40.31,403,0.403,0.040,602845668,60284566,1149.84,0.52,0.00,-1,-1,0.00
dag_1f52bd4c90834fa8,unet_denoise_919eb089,unet_denoise,360567,13023177.66,13235805.25,13235806.69,13239160.33,1,13,14,334.23,3342,3.342,0.334,2402380522,240238052,4582.18,0.61,0.00,-1,-1,0.00
dag_53ac1a8f51e34e5c,unet_denoise_98fbf431,unet_denoise,1745860,13023584.73,13239160.33,13239161.77,13245690.41,1,9,6,651.78,6517,6.517,0.652,2509768235,250976823,4787.00,0.59,0.00,-1,-1,0.00
dag_38ec206859024673,unet_denoise_1fcd3048,unet_denoise,364301,13024380.76,13245690.41,13245691.85,13256587.49,1,11,10,1088.46,10884,10.884,1.088,3021366549,302136654,5762.80,0.57,0.00,-1,-1,0.00
dag_1f23f3a4c41b4836,unet_denoise_048c68c9,unet_denoise,290674,13024724.82,13256587.49,13256588.93,13261245.55,1,11,10,464.59,4645,4.645,0.465,3085630311,308563031,5885.37,0.67,0.00,-1,-1,0.00
dag_5d27d0b9ef574f30,unet_denoise_89f73f16,unet_denoise,445937,13025174.85,13261245.55,13261246.99,13269894.63,1,13,14,863.63,8636,8.636,0.864,3177346040,317734604,6060.31,0.56,0.00,-1,-1,0.00
dag_1225345267d447cc,unet_denoise_510b7539,unet_denoise,3131479,13025614.91,13269894.63,13269896.07,13278292.71,1,10,8,838.51,8385,8.385,0.839,4221650864,422165086,8052.16,0.69,0.00,-1,-1,0.00
dag_bea8b8165f864dbb,unet_denoise_db015c8d,unet_denoise,1776489,13026210.01,13278292.71,13278294.15,13287167.79,1,8,4,886.22,8862,8.862,0.886,3523803898,352380389,6721.12,0.49,0.00,-1,-1,0.00
dag_ad36e74386b9411c,unet_denoise_d14ee857,unet_denoise,311979,13026337.10,13287167.79,13287169.24,13288848.89,1,6,0,166.87,1668,1.668,0.167,2810372171,281037217,5360.36,0.84,0.00,-1,-1,0.00
dag_2ef9fa6af23a4570,unet_denoise_c3ff817b,unet_denoise,531091,13026951.19,13288848.89,13288850.34,13297986.99,1,12,12,912.58,9125,9.125,0.913,2967111331,296711133,5659.32,0.94,0.00,-1,-1,0.00
dag_a4eb8e47d4f34c31,unet_denoise_083609de,unet_denoise,1812352,13027335.29,13297986.99,13298107.29,13298622.73,2,1000,16,392.50,3924,3.924,0.392,2170730533,217073053,4140.34,0.69,0.00,-1,-1,0.00
dag_959798270e604592,unet_denoise_89f30268,unet_denoise,3166836,13027612.22,13298622.73,13298624.17,13302838.81,1,11,10,420.32,4203,4.203,0.420,4161743164,416174316,7937.90,0.77,0.00,-1,-1,0.00
dag_7fcfd30e057e4720,sampler_728b4994,sampler,2402161,13028245.15,13302838.81,13302840.26,13303082.90,1,11,10,24.10,241,0.241,0.024,493829435,49382943,941.90,0.44,0.00,-1,-1,0.00
dag_dffce61524874add,unet_denoise_1d12f127,unet_denoise,1837456,13028886.25,13303082.90,13303084.35,13312793.00,1,11,10,969.74,9697,9.697,0.970,4199164739,419916473,8009.27,0.89,0.00,-1,-1,0.00
dag_2604b14cf4864967,unet_denoise_3a5e0268,unet_denoise,1597098,13029222.45,13312793.00,13312794.43,13326453.05,1,13,14,1364.76,13647,13.647,1.365,3765159206,376515920,7181.47,0.53,0.00,-1,-1,0.00
dag_48ce7371571e408e,unet_denoise_9476f9c1,unet_denoise,2443694,13029418.54,13326453.05,13326454.50,13329683.15,1,11,10,322.77,3227,3.227,0.323,2990327021,299032702,5703.60,0.62,0.00,-1,-1,0.00
dag_158e662ab43f41be,sampler_93bf349d,sampler,1879793,13052958.64,13329683.15,13329804.11,13330068.51,2,1000,16,140.55,1405,1.405,0.141,761880366,76188036,1453.17,0.77,0.00,-1,-1,0.00
dag_df9fc3aa30db4ac6,sampler_f025e1b8,sampler,955731,13062888.73,13330068.51,13330069.96,13330627.61,1,6,0,54.61,546,0.546,0.055,571071547,57107154,1089.23,0.57,0.00,-1,-1,0.00
dag_58f9446bbd3d4230,unet_denoise_02f9285f,unet_denoise,2508851,13063615.81,13330627.61,13330748.53,13331879.29,2,1000,16,1006.94,10069,10.069,1.007,4734220112,473422011,9029.81,0.77,0.00,-1,-1,0.00
dag_72c99ec3b9a54445,sampler_86ac90dc,sampler,788640,13075504.88,13331879.29,13331880.72,13332630.36,1,6,0,73.84,738,0.738,0.074,403318552,40331855,769.27,0.49,0.00,-1,-1,0.00
dag_c662227e80b24669,sampler_29a3f981,sampler,1635280,13082070.95,13332630.36,13332631.80,13333049.44,1,8,4,40.60,406,0.406,0.041,442927765,44292776,844.82,0.41,0.00,-1,-1,0.00
dag_301b8aa355cf41a5,unet_denoise_0026baa4,unet_denoise,1924705,13082774.03,13333049.44,13333050.89,13342339.53,1,8,4,927.77,9277,9.277,0.928,2780226094,278022609,5302.86,0.86,0.00,-1,-1,0.00
dag_7da0a6ba311a4a8d,sampler_3ec8de3c,sampler,2557185,13087486.13,13342339.53,13342460.09,13342612.67,2,1000,16,29.21,292,0.292,0.029,254244997,25424499,484.93,0.50,0.00,-1,-1,0.00
dag_087a3e55add54b84,sampler_a67cf669,sampler,2579922,13093100.18,13342612.67,13342614.12,13342940.77,1,11,10,32.59,325,0.325,0.033,368341038,36834103,702.55,0.76,0.00,-1,-1,0.00
dag_0a118d4db805487c,unet_denoise_4dfaa10d,unet_denoise,2597180,13094194.26,13342940.77,13342942.21,13359924.84,1,13,14,1697.13,16971,16.971,1.697,2921287982,292128798,5571.91,0.61,0.00,-1,-1,0.00
dag_bb8425b128964146,sampler_7f738eda,sampler,2714901,13101246.33,13359924.84,13359926.27,13360442.90,1,11,10,50.55,505,0.505,0.051,649278760,64927876,1238.40,0.46,0.00,-1,-1,0.00
dag_99104302e6ae4866,sampler_d1f247c9,sampler,2736704,13108569.41,13360442.90,13360444.35,13360928.01,1,9,6,47.27,472,0.472,0.047,578456008,57845600,1103.32,0.61,0.00,-1,-1,0.00
dag_3616f9eb4acd4cce,sampler_f2ee16e1,sampler,2740620,13116453.49,13360928.01,13360929.45,13361488.09,1,10,8,54.73,547,0.547,0.055,683690739,68369073,1304.04,0.60,0.00,-1,-1,0.00
dag_4612b1ef61374610,sampler_01af9684,sampler,2746361,13125560.58,13361488.09,13361489.53,13362036.17,1,9,6,54.51,545,0.545,0.055,482504423,48250442,920.30,0.83,0.00,-1,-1,0.00
dag_6751fb9a83ed408d,unet_denoise_80baf41e,unet_denoise,1980673,13126084.62,13362036.17,13362157.23,13363156.16,2,1000,16,874.99,8749,8.749,0.875,2461826010,246182601,4695.56,0.54,0.00,-1,-1,0.00
dag_e7ccfd39016d4183,unet_denoise_4df15fc3,unet_denoise,2044685,13126360.68,13363156.16,13363157.60,13367012.23,1,11,10,384.31,3843,3.843,0.384,2537559183,253755918,4840.01,0.50,0.00,-1,-1,0.00
dag_2672a5cdae594062,sampler_f903a2b9,sampler,2065622,13131887.73,13367012.23,13367013.69,13367397.34,1,10,8,37.26,372,0.372,0.037,484557593,48455759,924.22,0.44,0.00,-1,-1,0.00
dag_daff787d847b4d66,sampler_b1aed639,sampler,2871924,13136150.77,13367397.34,13367398.79,13367661.44,1,8,4,25.14,251,0.251,0.025,678065089,67806508,1293.31,0.53,0.00,-1,-1,0.00
dag_45623821bc4b48ca,sampler_18875aa0,sampler,2913489,13142264.86,13367661.44,13367662.87,13368112.50,1,9,6,43.80,438,0.438,0.044,635686416,63568641,1212.48,0.54,0.00,-1,-1,0.00
dag_02c30d07c2df4f53,unet_denoise_6ae6cf4b,unet_denoise,2094720,13142934.94,13368112.50,13368113.91,13376879.52,1,10,8,875.44,8754,8.754,0.875,2668865649,266886564,5090.46,0.76,0.00,-1,-1,0.00
dag_8240779e963a41fd,unet_denoise_3beb0d3e,unet_denoise,2195145,13143377.02,13376879.52,13376880.97,13382652.62,1,11,10,576.05,5760,5.760,0.576,3237567431,323756743,6175.17,0.84,0.00,-1,-1,0.00
dag_046e5a04b57748db,unet_denoise_dd320868,unet_denoise,2207056,13143856.06,13382652.62,13382654.07,13389342.72,1,7,2,668.74,6687,6.687,0.669,3330994663,333099466,6353.37,0.82,0.00,-1,-1,0.00
dag_0e0ca4159e544e86,unet_denoise_8c0a710d,unet_denoise,2944176,13144438.14,13389342.72,13389344.16,13398557.81,1,12,12,920.22,9202,9.202,0.920,3134423570,313442357,5978.44,0.76,0.00,-1,-1,0.00
dag_9c3a4b173dc84179,sampler_1f18fd43,sampler,1024634,13152316.21,13398557.81,13398559.25,13399102.89,1,13,14,53.29,532,0.532,0.053,249266064,24926606,475.44,0.75,0.00,-1,-1,0.00
dag_c4fc9dded3924f0a,sampler_74503ac5,sampler,832179,13156443.29,13399102.89,13399104.33,13399367.98,1,10,8,25.26,252,0.252,0.025,891608101,89160810,1700.61,0.78,0.00,-1,-1,0.00
dag_44a26dab89444865,unet_denoise_a9e66f6b,unet_denoise,1234450,13156784.38,13399367.98,13399369.43,13406434.07,1,9,6,705.38,7053,7.053,0.705,3165680819,316568081,6038.06,0.72,0.00,-1,-1,0.00
dag_58e29ceb412c47dc,sampler_a3d1bd95,sampler,1045271,13161081.44,13406434.07,13406554.47,13406707.43,2,1000,16,29.87,298,0.298,0.030,475993991,47599399,907.89,0.50,0.00,-1,-1,0.00
dag_3ae1fe8af2dd4c57,unet_denoise_9879bbc9,unet_denoise,1245010,13161732.53,13406707.43,13406708.87,13417304.51,1,13,14,1058.43,10584,10.584,1.058,3645766252,364576625,6953.75,0.88,0.00,-1,-1,0.00
dag_46cf51d5c3044117,sampler_4e260add,sampler,3003208,13168253.62,13417304.51,13417425.46,13417594.26,2,1000,16,44.93,449,0.449,0.045,355829576,35582957,678.69,0.51,0.00,-1,-1,0.00
dag_41ec2176cd454bc4,unet_denoise_24fdd595,unet_denoise,1518045,13181780.15,13417594.26,13417595.68,13424691.30,1,7,2,708.49,7084,7.084,0.708,4582337731,458233773,8740.12,0.54,0.00,-1,-1,0.00
dag_e0bf0b0c3c93417d,unet_denoise_7c787bfd,unet_denoise,1521599,13182152.21,13424691.30,13424692.75,13429959.40,1,11,10,525.52,5255,5.255,0.526,3430869633,343086963,6543.86,0.94,0.00,-1,-1,0.00
dag_73f06810d4f94121,sampler_2a61bd03,sampler,1048269,13183274.13,13429959.40,13429960.82,13430517.44,1,7,2,54.53,545,0.545,0.055,457137628,45713762,871.92,0.83,0.00,-1,-1,0.00
dag_66afb2b173ef46b3,sampler_c4e87288,sampler,1689059,13187557.21,13430517.44,13430518.89,13430788.54,1,12,12,25.82,258,0.258,0.026,459243881,45924388,875.94,0.66,0.00,-1,-1,0.00
dag_acef7e389a114bcc,sampler_78c23bf7,sampler,833139,13192804.30,13430788.54,13430789.99,13431152.64,1,9,6,35.13,351,0.351,0.035,404811826,40481182,772.12,0.42,0.00,-1,-1,0.00
dag_4223921a13d94f85,unet_denoise_0724caaa,unet_denoise,1528507,13193510.37,13431152.64,13431154.08,13443816.71,1,9,6,1266.19,12661,12.661,1.266,1926559895,192655989,3674.62,0.93,0.00,-1,-1,0.00
dag_6c49e8f33c75421e,unet_denoise_6f91f941,unet_denoise,2304077,13194053.43,13443816.71,13443818.14,13450686.76,1,13,14,685.71,6857,6.857,0.686,4798232143,479823214,9151.90,0.81,0.00,-1,-1,0.00
dag_e4d333c3eab5448d,unet_denoise_e07daaae,unet_denoise,1697292,13194319.53,13450686.76,13450688.20,13455023.83,1,9,6,433.44,4334,4.334,0.433,3025261201,302526120,5770.23,0.52,0.00,-1,-1,0.00
dag_eb11baf7ee404c2f,unet_denoise_e10e003a,unet_denoise,1530044,13194659.59,13455023.83,13455025.26,13459789.89,1,7,2,475.32,4753,4.753,0.475,2213880104,221388010,4222.64,0.73,0.00,-1,-1,0.00
dag_7eeaa25eb2024286,unet_denoise_9eacec77,unet_denoise,846479,13195052.65,13459789.89,13459791.34,13464716.99,1,8,4,491.41,4914,4.914,0.491,2147951596,214795159,4096.89,0.91,0.00,-1,-1,0.00
dag_a7af186451ff4870,sampler_13a3b157,sampler,1076091,13205331.71,13464716.99,13464718.44,13465403.09,1,7,2,67.39,673,0.673,0.067,481735268,48173526,918.84,0.93,0.00,-1,-1,0.00
dag_c939c36c249f4616,unet_denoise_a3185c00,unet_denoise,852984,13205612.86,13465403.09,13465404.54,13470701.18,1,6,0,528.53,5285,5.285,0.529,3864886906,386488690,7371.69,0.42,0.00,-1,-1,0.00
dag_3d98a7542f9e4c06,unet_denoise_ec822707,unet_denoise,665144,13205976.95,13470701.18,13470821.84,13471706.14,2,1000,16,760.86,7608,7.608,0.761,2119140951,211914095,4041.94,0.50,0.00,-1,-1,0.00
dag_460c3a8ec45a455a,sampler_2119d6f9,sampler,3071505,13217844.02,13471706.14,13471827.03,13472018.54,2,1000,16,67.74,677,0.677,0.068,710889848,71088984,1355.91,0.58,0.00,-1,-1,0.00
dag_12e6b55766fb4483,sampler_36f67797,sampler,1397302,13228254.09,13472018.54,13472019.99,13472607.63,1,12,12,57.69,576,0.576,0.058,692550084,69255008,1320.93,0.71,0.00,-1,-1,0.00
dag_0605d9f01775453c,sampler_40b1142e,sampler,638666,13235389.17,13472607.63,13472609.07,13473234.71,1,11,10,61.40,614,0.614,0.061,755587508,75558750,1441.17,0.72,0.00,-1,-1,0.00
dag_52fb11ac19314df7,unet_denoise_8e08b36c,unet_denoise,3088750,13235805.25,13473234.71,13473236.13,13480133.75,1,7,2,688.62,6886,6.886,0.689,2165604136,216560413,4130.56,0.90,0.00,-1,-1,0.00
dag_1f52bd4c90834fa8,sampler_cba7283f,sampler,360567,13239160.33,13480133.75,13480135.18,13480389.82,1,9,6,24.34,243,0.243,0.024,574695756,57469575,1096.15,0.43,0.00,-1,-1,0.00
dag_53ac1a8f51e34e5c,sampler_8f607d13,sampler,1745860,13245690.41,13480389.82,13480510.50,13480675.25,2,1000,16,41.29,412,0.412,0.041,670729863,67072986,1279.32,0.59,0.00,-1,-1,0.00
dag_38ec206859024673,sampler_3d2692dc,sampler,364301,13256587.49,13480675.25,13480676.69,13481602.32,1,12,12,91.40,914,0.914,0.091,437251101,43725110,833.99,0.66,0.00,-1,-1,0.00
dag_1f23f3a4c41b4836,sampler_e9910090,sampler,290674,13261245.55,13481602.32,13481603.76,13481884.39,1,10,8,27.93,279,0.279,0.028,428928313,42892831,818.12,0.58,0.00,-1,-1,0.00
dag_5d27d0b9ef574f30,sampler_3043162f,sampler,445937,13269894.63,13481884.39,13481885.82,13482475.46,1,7,2,57.85,578,0.578,0.058,342594469,34259446,653.45,0.71,0.00,-1,-1,0.00
dag_1225345267d447cc,sampler_f50aa8f6,sampler,3131479,13278292.71,13482475.46,13482476.89,13483055.52,1,8,4,56.76,567,0.567,0.057,504366080,50436608,962.00,0.55,0.00,-1,-1,0.00
dag_bea8b8165f864dbb,sampler_4f49e184,sampler,1776489,13287167.79,13483055.52,13483056.96,13483685.59,1,12,12,61.75,617,0.617,0.062,661921211,66192121,1262.51,0.79,0.00,-1,-1,0.00
dag_ad36e74386b9411c,sampler_f6d38d59,sampler,311979,13288848.89,13483685.59,13483687.04,13483818.69,1,7,2,13.09,130,0.130,0.013,494688201,49468820,943.54,0.68,0.00,-1,-1,0.00
dag_2ef9fa6af23a4570,sampler_ab6c1461,sampler,531091,13297986.99,13483818.69,13483820.12,13484372.74,1,13,14,54.11,541,0.541,0.054,580437973,58043797,1107.10,0.90,0.00,-1,-1,0.00
dag_a4eb8e47d4f34c31,sampler_1357d376,sampler,1812352,13298622.73,13484372.74,13484374.19,13484730.83,1,8,4,34.54,345,0.345,0.035,383331980,38333198,731.15,0.44,0.00,-1,-1,0.00
dag_959798270e604592,sampler_f6286b25,sampler,3166836,13302838.81,13484730.83,13484732.28,13485123.93,1,13,14,38.03,380,0.380,0.038,334765656,33476565,638.51,0.51,0.00,-1,-1,0.00
dag_7fcfd30e057e4720,unet_denoise_8b4c4507,unet_denoise,2402161,13303082.90,13485123.93,13485125.37,13488973.00,1,13,14,383.65,3836,3.836,0.384,3874406814,387440681,7389.84,0.67,0.00,-1,-1,0.00
dag_dffce61524874add,sampler_06952202,sampler,1837456,13312793.00,13488973.00,13489093.73,13489269.42,2,1000,16,52.17,521,0.521,0.052,469591812,46959181,895.68,0.51,0.00,-1,-1,0.00
dag_2604b14cf4864967,sampler_24c749b6,sampler,1597098,13326453.05,13489269.42,13489270.86,13490161.50,1,10,8,87.92,879,0.879,0.088,379076350,37907635,723.03,0.88,0.00,-1,-1,0.00
dag_48ce7371571e408e,sampler_add48958,sampler,2443694,13329683.15,13490161.50,13490162.95,13490398.59,1,11,10,23.44,234,0.234,0.023,411570347,41157034,785.01,0.57,0.00,-1,-1,0.00
dag_158e662ab43f41be,unet_denoise_68362f3b,unet_denoise,1879793,13330068.51,13490398.59,13490519.31,13493277.91,2,1000,16,2635.10,26350,26.350,2.635,3832914032,383291403,7310.70,0.52,0.00,-1,-1,0.00
dag_df9fc3aa30db4ac6,unet_denoise_e2905890,unet_denoise,955731,13330627.61,13493277.91,13493398.56,13494504.27,2,1000,16,982.22,9822,9.822,0.982,3411160595,341116059,6506.27,0.91,0.00,-1,-1,0.00
dag_58f9446bbd3d4230,sampler_323d41c4,sampler,2508851,13331879.29,13494504.27,13494505.71,13495161.36,1,8,4,64.42,644,0.644,0.064,588916131,58891613,1123.27,0.71,0.00,-1,-1,0.00
dag_72c99ec3b9a54445,unet_denoise_b22ed666,unet_denoise,788640,13332630.36,13495161.36,13495162.81,13505517.46,1,8,4,1034.39,10343,10.343,1.034,2775433503,277543350,5293.72,0.89,0.00,-1,-1,0.00
dag_c662227e80b24669,unet_denoise_c08a7edc,unet_denoise,1635280,13333049.44,13505517.46,13505518.88,13512249.50,1,7,2,671.93,6719,6.719,0.672,3841146908,384114690,7326.41,0.51,0.00,-1,-1,0.00
dag_301b8aa355cf41a5,sampler_413cdee3,sampler,1924705,13342339.53,13512249.50,13512250.93,13512835.56,1,6,0,57.38,573,0.573,0.057,559573127,55957312,1067.30,0.80,0.00,-1,-1,0.00
dag_7da0a6ba311a4a8d,unet_denoise_3fa8dae9,unet_denoise,2557185,13342612.67,13512835.56,13512837.00,13518088.64,1,8,4,524.08,5240,5.240,0.524,3627266404,362726640,6918.46,0.65,0.00,-1,-1,0.00
dag_087a3e55add54b84,unet_denoise_f63ee488,unet_denoise,2579922,13342940.77,13518088.64,13518090.08,13522493.73,1,6,0,439.29,4392,4.392,0.439,3369969972,336996997,6427.71,0.44,0.00,-1,-1,0.00
dag_0a118d4db805487c,sampler_6e786c52,sampler,2597180,13359924.84,13522493.73,13522495.17,13523418.81,1,6,0,91.25,912,0.912,0.091,815057308,81505730,1554.60,0.61,0.00,-1,-1,0.00
dag_bb8425b128964146,unet_denoise_bc2624e7,unet_denoise,2714901,13360442.90,13523418.81,13523420.23,13530345.84,1,8,4,691.43,6914,6.914,0.691,3306774029,330677402,6307.17,0.92,0.00,-1,-1,0.00
dag_99104302e6ae4866,unet_denoise_7d9eeacd,unet_denoise,2736704,13360928.01,13530345.84,13530347.26,13536028.87,1,7,2,567.08,5670,5.670,0.567,4199431153,419943115,8009.78,0.87,0.00,-1,-1,0.00
dag_3616f9eb4acd4cce,unet_denoise_d22bee10,unet_denoise,2740620,13361488.09,13536028.87,13536030.29,13545305.91,1,11,10,926.50,9264,9.264,0.926,2454891931,245489193,4682.33,0.46,0.00,-1,-1,0.00
dag_4612b1ef61374610,unet_denoise_a5c8278b,unet_denoise,2746361,13362036.17,13545305.91,13545426.63,13546336.92,2,1000,16,786.71,7867,7.867,0.787,3294871471,329487147,6284.47,0.75,0.00,-1,-1,0.00
dag_6751fb9a83ed408d,sampler_4115b7e5,sampler,1980673,13363156.16,13546336.92,13546338.34,13546788.96,1,13,14,43.92,439,0.439,0.044,427081755,42708175,814.59,0.44,0.00,-1,-1,0.00
dag_e7ccfd39016d4183,sampler_491da7ff,sampler,2044685,13367012.23,13546788.96,13546790.40,13547089.03,1,7,2,28.70,287,0.287,0.029,609750743,60975074,1163.01,0.69,0.00,-1,-1,0.00
dag_2672a5cdae594062,unet_denoise_7a2aa53b,unet_denoise,2065622,13367397.34,13547089.03,13547090.47,13552350.12,1,9,6,524.82,5248,5.248,0.525,2082459797,208245979,3971.98,0.46,0.00,-1,-1,0.00
dag_daff787d847b4d66,unet_denoise_335ae17d,unet_denoise,2871924,13367661.44,13552350.12,13552351.54,13556114.16,1,8,4,376.15,3761,3.761,0.376,3277984959,327798495,6252.26,0.81,0.00,-1,-1,0.00
dag_45623821bc4b48ca,unet_denoise_8fe20a03,unet_denoise,2913489,13368112.50,13556114.16,13556115.59,13561940.22,1,7,2,581.38,5813,5.813,0.581,3822189551,382218955,7290.25,0.42,0.00,-1,-1,0.00
dag_02c30d07c2df4f53,sampler_f2e066d7,sampler,2094720,13376879.52,13561940.22,13561941.66,13562625.30,1,11,10,67.30,672,0.672,0.067,774034226,77403422,1476.35,0.62,0.00,-1,-1,0.00
dag_8240779e963a41fd,sampler_e872f10a,sampler,2195145,13382652.62,13562625.30,13562626.75,13563043.40,1,12,12,40.52,405,0.405,0.041,438067595,43806759,835.55,0.80,0.00,-1,-1,0.00
dag_046e5a04b57748db,sampler_5e411c82,sampler,2207056,13389342.72,13563043.40,13563044.83,13563472.47,1,11,10,41.62,416,0.416,0.042,570984649,57098464,1089.07,0.84,0.00,-1,-1,0.00
dag_0e0ca4159e544e86,sampler_6cf2f91e,sampler,2944176,13398557.81,13563472.47,13563473.90,13564078.53,1,8,4,59.36,593,0.593,0.059,594580915,59458091,1134.07,0.85,0.00,-1,-1,0.00
dag_9c3a4b173dc84179,unet_denoise_d92aa755,unet_denoise,1024634,13399102.89,13564078.53,13564079.95,13570542.57,1,9,6,645.13,6451,6.451,0.645,3521081040,352108104,6715.93,0.59,0.00,-1,-1,0.00
dag_c4fc9dded3924f0a,unet_denoise_92322c70,unet_denoise,832179,13399367.98,13570542.57,13570544.00,13576073.64,1,8,4,551.88,5518,5.518,0.552,3125942319,312594231,5962.26,0.68,0.00,-1,-1,0.00
dag_44a26dab89444865,sampler_f6e76099,sampler,1234450,13406434.07,13576073.64,13576075.08,13576488.72,1,8,4,40.21,402,0.402,0.040,767833338,76783333,1464.53,0.59,0.00,-1,-1,0.00
dag_58e29ceb412c47dc,unet_denoise_ade8dd9a,unet_denoise,1045271,13406707.43,13576488.72,13576490.16,13580909.79,1,12,12,440.87,4408,4.408,0.441,2654250313,265425031,5062.58,0.95,0.00,-1,-1,0.00
dag_3ae1fe8af2dd4c57,sampler_1b6235e1,sampler,1245010,13417304.51,13580909.79,13580911.23,13581563.87,1,10,8,64.18,641,0.641,0.064,299142778,29914277,570.57,0.67,0.00,-1,-1,0.00
dag_46cf51d5c3044117,unet_denoise_2cb67340,unet_denoise,3003208,13417594.26,13581563.87,13581565.31,13587317.95,1,10,8,574.12,5741,5.741,0.574,3695413839,369541383,7048.44,0.53,0.00,-1,-1,0.00
dag_41ec2176cd454bc4,sampler_41505599,sampler,1518045,13424691.30,13587317.95,13587319.39,13587754.03,1,11,10,42.36,423,0.423,0.042,347132927,34713292,662.10,0.77,0.00,-1,-1,0.00
dag_e0bf0b0c3c93417d,sampler_f59e5a12,sampler,1521599,13429959.40,13587754.03,13587755.47,13588146.11,1,11,10,37.93,379,0.379,0.038,415886065,41588606,793.24,0.92,0.00,-1,-1,0.00
dag_73f06810d4f94121,unet_denoise_e5cc53a3,unet_denoise,1048269,13430517.44,13588146.11,13588147.54,13595131.18,1,11,10,697.29,6972,6.972,0.697,1963439262,196343926,3744.96,0.54,0.00,-1,-1,0.00
dag_66afb2b173ef46b3,unet_denoise_3993f1b9,unet_denoise,1689059,13430788.54,13595131.18,13595251.61,13595730.81,2,1000,16,356.05,3560,3.560,0.356,1805866088,180586608,3444.42,0.48,0.00,-1,-1,0.00
dag_acef7e389a114bcc,unet_denoise_135fd217,unet_denoise,833139,13431152.64,13595730.81,13595732.26,13601286.91,1,6,0,554.35,5543,5.543,0.554,4095426226,409542622,7811.41,0.81,0.00,-1,-1,0.00
dag_4223921a13d94f85,sampler_d5b1a63e,sampler,1528507,13443816.71,13601286.91,13601288.36,13602045.00,1,13,14,74.53,745,0.745,0.075,548532035,54853203,1046.24,0.54,0.00,-1,-1,0.00
dag_6c49e8f33c75421e,sampler_09de9e40,sampler,2304077,13450686.76,13602045.00,13602165.96,13602337.25,2,1000,16,47.41,474,0.474,0.047,371001478,37100147,707.63,0.55,0.00,-1,-1,0.00
dag_e4d333c3eab5448d,sampler_b25d96b2,sampler,1697292,13455023.83,13602337.25,13602338.69,13602648.33,1,11,10,29.81,298,0.298,0.030,279353400,27935340,532.82,0.86,0.00,-1,-1,0.00
dag_eb11baf7ee404c2f,sampler_c5da93f8,sampler,1530044,13459789.89,13602648.33,13602649.77,13602963.41,1,13,14,30.29,302,0.302,0.030,632514770,63251477,1206.43,0.60,0.00,-1,-1,0.00
dag_7eeaa25eb2024286,sampler_e1ca0445,sampler,846479,13464716.99,13602963.41,13602964.83,13603299.45,1,11,10,32.36,323,0.323,0.032,382993281,38299328,730.50,0.41,0.00,-1,-1,0.00
dag_a7af186451ff4870,unet_denoise_9223d4a9,unet_denoise,1076091,13465403.09,13603299.45,13603300.90,13611187.55,1,11,10,788.55,7885,7.885,0.789,3181705854,318170585,6068.62,0.73,0.00,-1,-1,0.00
dag_c939c36c249f4616,sampler_278b4f54,sampler,852984,13470701.18,13611187.55,13611308.17,13611466.63,2,1000,16,35.04,350,0.350,0.035,683089595,68308959,1302.89,0.91,0.00,-1,-1,0.00
dag_3d98a7542f9e4c06,sampler_a1c09902,sampler,665144,13471706.14,13611466.63,13611468.07,13612010.71,1,8,4,53.20,531,0.531,0.053,548498609,54849860,1046.18,0.77,0.00,-1,-1,0.00
dag_460c3a8ec45a455a,unet_denoise_6c043aba,unet_denoise,3071505,13472018.54,13612010.71,13612012.16,13621604.81,1,11,10,959.11,9591,9.591,0.959,2162308665,216230866,4124.28,0.63,0.00,-1,-1,0.00
dag_12e6b55766fb4483,unet_denoise_2f3818b0,unet_denoise,1397302,13472607.63,13621604.81,13621606.25,13630883.88,1,8,4,926.60,9266,9.266,0.927,4469340241,446934024,8524.59,0.52,0.00,-1,-1,0.00
dag_0605d9f01775453c,unet_denoise_fb5f8c80,unet_denoise,638666,13473234.71,13630883.88,13630885.33,13641472.98,1,6,0,1057.63,10576,10.576,1.058,3184401057,318440105,6073.76,0.75,0.00,-1,-1,0.00
dag_52fb11ac19314df7,sampler_79b20f7a,sampler,3088750,13480133.75,13641472.98,13641474.39,13642008.00,1,8,4,52.27,522,0.522,0.052,316042793,31604279,602.80,0.74,0.00,-1,-1,0.00
dag_1f52bd4c90834fa8,unet_denoise_54f0490c,unet_denoise,360567,13480389.82,13642008.00,13642009.45,13646182.09,1,6,0,416.10,4161,4.161,0.416,3125772810,312577281,5961.94,0.54,0.00,-1,-1,0.00
dag_53ac1a8f51e34e5c,unet_denoise_f555ba6e,unet_denoise,1745860,13480675.25,13646182.09,13646183.52,13652149.15,1,7,2,595.42,5954,5.954,0.595,2743516049,274351604,5232.84,0.61,0.00,-1,-1,0.00
dag_38ec206859024673,unet_denoise_f8e0bdbd,unet_denoise,364301,13481602.32,13652149.15,13652150.57,13663939.18,1,7,2,1177.78,11777,11.777,1.178,2190446576,219044657,4177.95,0.51,0.00,-1,-1,0.00
dag_1f23f3a4c41b4836,unet_denoise_0b09a162,unet_denoise,290674,13481884.39,13663939.18,13663940.62,13668233.26,1,6,0,429.14,4291,4.291,0.429,2185558497,218555849,4168.62,0.41,0.00,-1,-1,0.00
dag_5d27d0b9ef574f30,unet_denoise_18dd651d,unet_denoise,445937,13482475.46,13668233.26,13668354.05,13669183.63,2,1000,16,705.99,7059,7.059,0.706,3015911487,301591148,5752.39,0.52,0.00,-1,-1,0.00
dag_1225345267d447cc,unet_denoise_53412bf5,unet_denoise,3131479,13483055.52,13669183.63,13669185.07,13677786.72,1,7,2,860.06,8600,8.600,0.860,2504841865,250484186,4777.61,0.88,0.00,-1,-1,0.00
dag_bea8b8165f864dbb,unet_denoise_a6732c8b,unet_denoise,1776489,13483685.59,13677786.72,13677788.15,13688521.79,1,11,10,1072.25,10722,10.722,1.072,4171530151,417153015,7956.56,0.95,0.00,-1,-1,0.00
dag_ad36e74386b9411c,unet_denoise_97233271,unet_denoise,311979,13483818.69,13688521.79,13688523.23,13690298.87,1,10,8,176.46,1764,1.764,0.176,2470769456,247076945,4712.62,0.72,0.00,-1,-1,0.00
dag_2ef9fa6af23a4570,unet_denoise_eafdeac9,unet_denoise,531091,13484372.74,13690298.87,13690300.32,13698505.96,1,8,4,819.45,8194,8.194,0.819,3956298336,395629833,7546.04,0.91,0.00,-1,-1,0.00
dag_a4eb8e47d4f34c31,unet_denoise_0dc43f76,unet_denoise,1812352,13484730.83,13698505.96,13698507.40,13703366.04,1,11,10,485.78,4857,4.857,0.486,2871542360,287154236,5477.03,0.92,0.00,-1,-1,0.00
dag_959798270e604592,unet_denoise_621f7e94,unet_denoise,3166836,13485123.93,13703366.04,13703367.48,13709112.12,1,7,2,573.31,5733,5.733,0.573,2696680406,269668040,5143.51,0.78,0.00,-1,-1,0.00
dag_7fcfd30e057e4720,sampler_92f7ce17,sampler,2402161,13488973.00,13709112.12,13709113.54,13709366.16,1,8,4,24.18,241,0.241,0.024,524573777,52457377,1000.55,0.56,0.00,-1,-1,0.00
dag_dffce61524874add,unet_denoise_82caf496,unet_denoise,1837456,13489269.42,13709366.16,13709367.60,13717491.24,1,8,4,811.28,8112,8.112,0.811,2279632050,227963205,4348.05,0.66,0.00,-1,-1,0.00
dag_2604b14cf4864967,unet_denoise_58145887,unet_denoise,1597098,13490161.50,13717491.24,13717492.68,13730223.33,1,8,4,1271.99,12719,12.719,1.272,2189694721,218969472,4176.51,0.57,0.00,-1,-1,0.00
dag_48ce7371571e408e,unet_denoise_0ed0479a,unet_denoise,2443694,13490398.59,13730223.33,13730224.77,13733038.40,1,6,0,280.21,2802,2.802,0.280,2785071421,278507142,5312.10,0.80,0.00,-1,-1,0.00
dag_158e662ab43f41be,sampler_66f0b5f5,sampler,1879793,13493277.91,13733038.40,13733039.82,13734233.43,1,10,8,118.25,1182,1.182,0.118,413393833,41339383,788.49,0.50,0.00,-1,-1,0.00
dag_df9fc3aa30db4ac6,sampler_b82f1e81,sampler,955731,13494504.27,13734233.43,13734234.87,13734706.50,1,7,2,47.05,470,0.470,0.047,605847564,60584756,1155.56,0.74,0.00,-1,-1,0.00
dag_58f9446bbd3d4230,unet_denoise_cea2860c,unet_denoise,2508851,13495161.36,13734706.50,13734707.95,13744635.59,1,11,10,992.68,9926,9.926,0.993,1355088618,135508861,2584.63,0.75,0.00,-1,-1,0.00
dag_72c99ec3b9a54445,sampler_2721b40a,sampler,788640,13505517.46,13744635.59,13744637.02,13745378.66,1,6,0,73.05,730,0.730,0.073,384591678,38459167,733.55,0.42,0.00,-1,-1,0.00
dag_c662227e80b24669,sampler_014aef50,sampler,1635280,13512249.50,13745378.66,13745380.07,13745828.68,1,7,2,43.74,437,0.437,0.044,393875535,39387553,751.26,0.52,0.00,-1,-1,0.00
dag_301b8aa355cf41a5,unet_denoise_597840b4,unet_denoise,1924705,13512835.56,13745828.68,13745949.40,13746991.80,2,1000,16,918.87,9188,9.188,0.919,2673552221,267355222,5099.40,0.50,0.00,-1,-1,0.00
dag_7da0a6ba311a4a8d,sampler_d8812151,sampler,2557185,13518088.64,13746991.80,13746993.23,13747302.86,1,11,10,29.86,298,0.298,0.030,274871589,27487158,524.28,0.59,0.00,-1,-1,0.00
dag_087a3e55add54b84,sampler_a890aa1e,sampler,2579922,13522493.73,13747302.86,13747304.30,13747656.94,1,12,12,34.14,341,0.341,0.034,419141594,41914159,799.45,0.88,0.00,-1,-1,0.00
dag_0a118d4db805487c,unet_denoise_39aae552,unet_denoise,2597180,13523418.81,13747656.94,13747658.36,13766717.97,1,11,10,1904.83,19048,19.048,1.905,3834745759,383474575,7314.20,0.43,0.00,-1,-1,0.00
dag_bb8425b128964146,sampler_f7367b7a,sampler,2714901,13530345.84,13766717.97,13766719.41,13767234.06,1,7,2,50.33,503,0.503,0.050,605024372,60502437,1153.99,0.87,0.00,-1,-1,0.00
dag_99104302e6ae4866,sampler_d75f89e4,sampler,2736704,13536028.87,13767234.06,13767235.50,13767659.14,1,11,10,41.25,412,0.412,0.041,449367335,44936733,857.10,0.83,0.00,-1,-1,0.00
dag_3616f9eb4acd4cce,sampler_0930c6ae,sampler,2740620,13545305.91,13767659.14,13767660.58,13768171.23,1,10,8,49.93,499,0.499,0.050,539336084,53933608,1028.70,0.88,0.00,-1,-1,0.00
dag_4612b1ef61374610,sampler_6c0cfc5a,sampler,2746361,13546336.92,13768171.23,13768291.99,13768479.82,2,1000,16,64.22,642,0.642,0.064,353428813,35342881,674.11,0.82,0.00,-1,-1,0.00
dag_6751fb9a83ed408d,unet_denoise_8dfab978,unet_denoise,1980673,13546788.96,13768479.82,13768600.75,13769533.50,2,1000,16,808.99,8089,8.089,0.809,3592602138,359260213,6852.34,0.48,0.00,-1,-1,0.00
dag_e7ccfd39016d4183,unet_denoise_1f3e04ae,unet_denoise,2044685,13547089.03,13769533.50,13769654.02,13770200.96,2,1000,16,423.65,4236,4.236,0.424,3478507554,347850755,6634.73,0.93,0.00,-1,-1,0.00
dag_2672a5cdae594062,sampler_56597042,sampler,2065622,13552350.12,13770200.96,13770321.75,13770480.22,2,1000,16,34.85,348,0.348,0.035,597846191,59784619,1140.30,0.88,0.00,-1,-1,0.00
dag_daff787d847b4d66,sampler_405f077e,sampler,2871924,13556114.16,13770480.22,13770481.66,13770785.30,1,6,0,29.29,292,0.292,0.029,463297319,46329731,883.67,0.56,0.00,-1,-1,0.00
dag_45623821bc4b48ca,sampler_bb216204,sampler,2913489,13561940.22,13770785.30,13770786.75,13771248.39,1,8,4,45.05,450,0.450,0.045,614209857,61420985,1171.51,0.44,0.00,-1,-1,0.00
dag_02c30d07c2df4f53,unet_denoise_78febe48,unet_denoise,2094720,13562625.30,13771248.39,13771249.83,13780144.47,1,8,4,888.38,8883,8.883,0.888,3831375815,383137581,7307.77,0.90,0.00,-1,-1,0.00
dag_8240779e963a41fd,unet_denoise_95961448,unet_denoise,2195145,13563043.40,13780144.47,13780145.91,13786501.54,1,7,2,634.43,6344,6.344,0.634,4219682563,421968256,8048.41,0.62,0.00,-1,-1,0.00
dag_046e5a04b57748db,unet_denoise_c3ea7d66,unet_denoise,2207056,13563472.47,13786501.54,13786502.98,13793660.61,1,8,4,714.68,7146,7.146,0.715,2653075193,265307519,5060.34,0.75,0.00,-1,-1,0.00
dag_0e0ca4159e544e86,unet_denoise_10f2931d,unet_denoise,2944176,13564078.53,13793660.61,13793781.01,13794711.07,2,1000,16,806.90,8069,8.069,0.807,2485396194,248539619,4740.52,0.43,0.00,-1,-1,0.00
dag_9c3a4b173dc84179,sampler_8386b227,sampler,1024634,13570542.57,13794711.07,13794712.51,13795274.15,1,9,6,55.08,550,0.550,0.055,482957924,48295792,921.17,0.58,0.00,-1,-1,0.00
dag_c4fc9dded3924f0a,sampler_e9e7eda7,sampler,832179,13576073.64,13795274.15,13795275.59,13795608.23,1,13,14,32.20,321,0.321,0.032,547196031,54719603,1043.69,0.72,0.00,-1,-1,0.00
dag_44a26dab89444865,unet_denoise_957d97cb,unet_denoise,1234450,13576488.72,13795608.23,13795609.66,13802408.30,1,9,6,678.79,6787,6.787,0.679,1606728389,160672838,3064.59,0.90,0.00,-1,-1,0.00
dag_58e29ceb412c47dc,sampler_b6303600,sampler,1045271,13580909.79,13802408.30,13802409.74,13802745.37,1,7,2,32.46,324,0.324,0.032,425438613,42543861,811.46,0.49,0.00,-1,-1,0.00
dag_3ae1fe8af2dd4c57,unet_denoise_2afd93be,unet_denoise,1245010,13581563.87,13802745.37,13802746.79,13812354.41,1,11,10,959.62,9596,9.596,0.960,2262845958,226284595,4316.04,0.93,0.00,-1,-1,0.00
dag_46cf51d5c3044117,sampler_cc7a7554,sampler,3003208,13587317.95,13812354.41,13812355.83,13812835.44,1,6,0,46.87,468,0.468,0.047,546000288,54600028,1041.41,0.85,0.00,-1,-1,0.00
dag_41ec2176cd454bc4,unet_denoise_0e67a460,unet_denoise,1518045,13587754.03,13812835.44,13812836.88,13819242.52,1,10,8,639.46,6394,6.394,0.639,3101353213,310135321,5915.36,0.90,0.00,-1,-1,0.00
dag_e0bf0b0c3c93417d,unet_denoise_c6ee79b7,unet_denoise,1521599,13588146.11,13819242.52,13819243.96,13823904.61,1,8,4,464.90,4649,4.649,0.465,3333051895,333305189,6357.29,0.46,0.00,-1,-1,0.00
dag_73f06810d4f94121,sampler_be2e6420,sampler,1048269,13595131.18,13823904.61,13823906.04,13824526.67,1,7,2,60.99,609,0.609,0.061,357696237,35769623,682.25,0.51,0.00,-1,-1,0.00
dag_66afb2b173ef46b3,sampler_dceca632,sampler,1689059,13595730.81,13824526.67,13824528.11,13824833.74,1,6,0,29.41,294,0.294,0.029,358420494,35842049,683.63,0.59,0.00,-1,-1,0.00
dag_acef7e389a114bcc,sampler_1d32f586,sampler,833139,13601286.91,13824833.74,13824835.18,13825206.81,1,8,4,36.07,360,0.360,0.036,370206953,37020695,706.11,0.89,0.00,-1,-1,0.00
dag_4223921a13d94f85,unet_denoise_c37ec283,unet_denoise,1528507,13602045.00,13825206.81,13825208.25,13836612.90,1,9,6,1139.39,11393,11.393,1.139,1811433222,181143322,3455.03,0.61,0.00,-1,-1,0.00
dag_6c49e8f33c75421e,unet_denoise_2924be20,unet_denoise,2304077,13602337.25,13836612.90,13836614.34,13845154.97,1,10,8,853.91,8539,8.539,0.854,2871819576,287181957,5477.56,0.91,0.00,-1,-1,0.00
dag_e4d333c3eab5448d,unet_denoise_3fc75d9f,unet_denoise,1697292,13602648.33,13845154.97,13845156.39,13849194.02,1,10,8,402.63,4026,4.026,0.403,2765538346,276553834,5274.85,0.40,0.00,-1,-1,0.00
dag_eb11baf7ee404c2f,unet_denoise_34f3a7d6,unet_denoise,1530044,13602963.41,13849194.02,13849195.45,13854790.09,1,12,12,558.36,5583,5.583,0.558,2140411065,214041106,4082.51,0.87,0.00,-1,-1,0.00
dag_7eeaa25eb2024286,unet_denoise_2732ae9f,unet_denoise,846479,13603299.45,13854790.09,13854911.05,13855564.55,2,1000,16,529.62,5296,5.296,0.530,3616523986,361652398,6897.97,0.58,0.00,-1,-1,0.00
dag_a7af186451ff4870,sampler_3ee3e51d,sampler,1076091,13611187.55,13855564.55,13855566.00,13856063.65,1,10,8,48.63,486,0.486,0.049,541814772,54181477,1033.43,0.85,0.00,-1,-1,0.00
dag_c939c36c249f4616,unet_denoise_45292715,unet_denoise,852984,13611466.63,13856063.65,13856065.08,13860446.72,1,11,10,438.02,4380,4.380,0.438,4013362858,401336285,7654.88,0.93,0.00,-1,-1,0.00
dag_3d98a7542f9e4c06,unet_denoise_bb088306,unet_denoise,665144,13612010.71,13860446.72,13860448.17,13867771.82,1,10,8,731.23,7312,7.312,0.731,2792809573,279280957,5326.86,0.60,0.00,-1,-1,0.00
dag_460c3a8ec45a455a,sampler_7a7b9149,sampler,3071505,13621604.81,13867771.82,13867773.28,13868542.93,1,6,0,76.86,768,0.768,0.077,252353301,25235330,481.33,0.42,0.00,-1,-1,0.00
dag_12e6b55766fb4483,sampler_b5f978ff,sampler,1397302,13630883.88,13868542.93,13868663.92,13868839.76,2,1000,16,51.92,519,0.519,0.052,463234471,46323447,883.55,0.47,0.00,-1,-1,0.00
dag_0605d9f01775453c,sampler_1380a3bd,sampler,638666,13641472.98,13868839.76,13868841.20,13869493.84,1,11,10,65.14,651,0.651,0.065,594137581,59413758,1133.23,0.78,0.00,-1,-1,0.00
dag_52fb11ac19314df7,unet_denoise_e20ff96a,unet_denoise,3088750,13642008.00,13869493.84,13869495.27,13877516.90,1,10,8,802.03,8020,8.020,0.802,1775943480,177594348,3387.34,0.71,0.00,-1,-1,0.00
dag_1f52bd4c90834fa8,sampler_f3ca5d69,sampler,360567,13646182.09,13877516.90,13877518.35,13877740.00,1,8,4,21.06,210,0.210,0.021,559017812,55901781,1066.24,0.68,0.00,-1,-1,0.00
dag_53ac1a8f51e34e5c,sampler_8b97dcae,sampler,1745860,13652149.15,13877740.00,13877741.45,13878152.11,1,6,0,40.93,409,0.409,0.041,647413676,64741367,1234.84,0.69,0.00,-1,-1,0.00
dag_38ec206859024673,sampler_71a174ba,sampler,364301,13663939.18,13878152.11,13878153.55,13879041.19,1,9,6,87.61,876,0.876,0.088,469835865,46983586,896.14,0.94,0.00,-1,-1,0.00
dag_1f23f3a4c41b4836,sampler_0a184e26,sampler,290674,13668233.26,13879041.19,13879042.63,13879319.27,1,7,2,26.51,265,0.265,0.027,408102013,40810201,778.39,0.47,0.00,-1,-1,0.00
dag_5d27d0b9ef574f30,sampler_15e89e77,sampler,445937,13669183.63,13879319.27,13879320.71,13879866.35,1,9,6,53.42,534,0.534,0.053,470933133,47093313,898.23,0.68,0.00,-1,-1,0.00
dag_1225345267d447cc,sampler_97dece0d,sampler,3131479,13677786.72,13879866.35,13879867.79,13880343.43,1,7,2,46.49,464,0.464,0.046,505603321,50560332,964.36,0.62,0.00,-1,-1,0.00
dag_bea8b8165f864dbb,sampler_706776ab,sampler,1776489,13688521.79,13880343.43,13880344.87,13880917.50,1,7,2,56.18,561,0.561,0.056,686743783,68674378,1309.86,0.90,0.00,-1,-1,0.00
dag_ad36e74386b9411c,sampler_37306be1,sampler,311979,13690298.87,13880917.50,13880918.95,13881058.60,1,12,12,12.88,128,0.128,0.013,510590378,51059037,973.87,0.49,0.00,-1,-1,0.00
dag_2ef9fa6af23a4570,sampler_9fc557be,sampler,531091,13698505.96,13881058.60,13881179.36,13881357.19,2,1000,16,54.28,542,0.542,0.054,685268050,68526805,1307.05,0.69,0.00,-1,-1,0.00
dag_a4eb8e47d4f34c31,sampler_8054e173,sampler,1812352,13703366.04,13881357.19,13881358.63,13881707.28,1,7,2,34.79,347,0.347,0.035,760257823,76025782,1450.08,0.65,0.00,-1,-1,0.00
dag_959798270e604592,sampler_d92f6cdf,sampler,3166836,13709112.12,13881707.28,13881708.73,13882108.38,1,12,12,38.86,388,0.388,0.039,478624255,47862425,912.90,0.71,0.00,-1,-1,0.00
dag_7fcfd30e057e4720,unet_denoise_e2b30d18,unet_denoise,2402161,13709366.16,13882108.38,13882109.82,13886164.46,1,12,12,404.34,4043,4.043,0.404,2751190887,275119088,5247.48,0.93,0.00,-1,-1,0.00
dag_dffce61524874add,sampler_0cf643d2,sampler,1837456,13717491.24,13886164.46,13886165.90,13886758.55,1,6,0,58.16,581,0.581,0.058,578501739,57850173,1103.40,0.44,0.00,-1,-1,0.00
dag_2604b14cf4864967,sampler_79e85da0,sampler,1597098,13730223.33,13886758.55,13886760.00,13887594.65,1,11,10,82.40,823,0.823,0.082,614762199,61476219,1172.57,0.79,0.00,-1,-1,0.00
dag_48ce7371571e408e,sampler_32a7154c,sampler,2443694,13733038.40,13887594.65,13887596.09,13887824.73,1,8,4,21.80,217,0.217,0.022,469476719,46947671,895.46,0.94,0.00,-1,-1,0.00
dag_158e662ab43f41be,unet_denoise_7d763ad8,unet_denoise,1879793,13734233.43,13887824.73,13887826.16,13911237.78,1,9,6,2340.08,23400,23.400,2.340,3360903019,336090301,6410.41,0.93,0.00,-1,-1,0.00
dag_df9fc3aa30db4ac6,unet_denoise_e344785f,unet_denoise,955731,13734706.50,13911237.78,13911239.21,13919410.84,1,11,10,816.06,8160,8.160,0.816,3279163135,327916313,6254.51,0.53,0.00,-1,-1,0.00
dag_58f9446bbd3d4230,sampler_fbed253c,sampler,2508851,13744635.59,13919410.84,13919531.56,13919721.05,2,1000,16,65.91,659,0.659,0.066,456071693,45607169,869.89,0.76,0.00,-1,-1,0.00
dag_72c99ec3b9a54445,unet_denoise_9885b87a,unet_denoise,788640,13745378.66,13919721.05,13919722.50,13927995.15,1,9,6,826.14,8261,8.261,0.826,3670277637,367027763,7000.50,0.50,0.00,-1,-1,0.00
dag_c662227e80b24669,unet_denoise_6b2bb726,unet_denoise,1635280,13745828.68,13927995.15,13927996.60,13935352.25,1,10,8,734.49,7344,7.344,0.734,3074499406,307449940,5864.14,0.77,0.00,-1,-1,0.00
dag_301b8aa355cf41a5,sampler_4fa301bd,sampler,1924705,13746991.80,13935352.25,13935353.70,13936036.35,1,12,12,67.12,671,0.671,0.067,513791996,51379199,979.98,0.55,0.00,-1,-1,0.00
dag_7da0a6ba311a4a8d,unet_denoise_fd89e460,unet_denoise,2557185,13747302.86,13936036.35,13936037.78,13940801.41,1,11,10,475.29,4752,4.752,0.475,3687122631,368712263,7032.63,0.79,0.00,-1,-1,0.00
dag_087a3e55add54b84,unet_denoise_dd2bb32a,unet_denoise,2579922,13747656.94,13940801.41,13940802.85,13945635.48,1,10,8,482.11,4821,4.821,0.482,2893005349,289300534,5517.97,0.64,0.00,-1,-1,0.00
dag_0a118d4db805487c,sampler_e4c7a814,sampler,2597180,13766717.97,13945635.48,13945755.91,13945991.92,2,1000,16,112.80,1128,1.128,0.113,442455663,44245566,843.92,0.48,0.00,-1,-1,0.00
dag_bb8425b128964146,unet_denoise_f77a3a03,unet_denoise,2714901,13767234.06,13945991.92,13945993.36,13953198.99,1,9,6,719.49,7194,7.194,0.719,3109278027,310927802,5930.48,0.62,0.00,-1,-1,0.00
dag_99104302e6ae4866,unet_denoise_2a5f9a6b,unet_denoise,2736704,13767659.14,13953198.99,13953200.44,13960312.07,1,12,12,710.06,7100,7.100,0.710,4530462805,453046280,8641.17,0.49,0.00,-1,-1,0.00
dag_3616f9eb4acd4cce,unet_denoise_ed751ae5,unet_denoise,2740620,13768171.23,13960312.07,13960432.89,13961505.01,2,1000,16,948.43,9484,9.484,0.948,2620561999,262056199,4998.33,0.62,0.00,-1,-1,0.00
dag_4612b1ef61374610,unet_denoise_b6d20986,unet_denoise,2746361,13768479.82,13961505.01,13961506.45,13972225.09,1,9,6,1070.77,10707,10.707,1.071,1621686866,162168686,3093.12,0.76,0.00,-1,-1,0.00
dag_6751fb9a83ed408d,sampler_cdf149a5,sampler,1980673,13769533.50,13972225.09,13972226.53,13972785.17,1,12,12,54.74,547,0.547,0.055,538321980,53832198,1026.77,0.74,0.00,-1,-1,0.00
dag_e7ccfd39016d4183,sampler_e4ee147f,sampler,2044685,13770200.96,13972785.17,13972786.61,13973057.24,1,8,4,25.93,259,0.259,0.026,386127896,38612789,736.48,0.76,0.00,-1,-1,0.00
dag_2672a5cdae594062,unet_denoise_2f10a60d,unet_denoise,2065622,13770480.22,13973057.24,13973058.68,13977932.31,1,8,4,486.21,4862,4.862,0.486,1538290695,153829069,2934.06,0.44,0.00,-1,-1,0.00
dag_daff787d847b4d66,unet_denoise_91aebe85,unet_denoise,2871924,13770785.30,13977932.31,13977933.76,13982263.42,1,13,14,431.81,4318,4.318,0.432,3724278235,372427823,7103.50,0.55,0.00,-1,-1,0.00
dag_45623821bc4b48ca,unet_denoise_017e92c2,unet_denoise,2913489,13771248.39,13982263.42,13982264.86,13988821.49,1,7,2,655.59,6555,6.555,0.656,4994409133,499440913,9526.08,0.51,0.00,-1,-1,0.00
dag_02c30d07c2df4f53,sampler_07e0ecd2,sampler,2094720,13780144.47,13988821.49,13988942.52,13989132.80,2,1000,16,66.39,663,0.663,0.066,390971182,39097118,745.72,0.50,0.00,-1,-1,0.00
dag_8240779e963a41fd,sampler_16756326,sampler,2195145,13786501.54,13989132.80,13989134.24,13989528.88,1,11,10,38.38,383,0.383,0.038,696311543,69631154,1328.11,0.44,0.00,-1,-1,0.00
dag_046e5a04b57748db,sampler_15352678,sampler,2207056,13793660.61,13989528.88,13989530.33,13989931.98,1,7,2,39.00,390,0.390,0.039,425166382,42516638,810.94,0.56,0.00,-1,-1,0.00
dag_0e0ca4159e544e86,sampler_f98460e3,sampler,2944176,13794711.07,13989931.98,13989933.44,13990486.09,1,12,12,54.18,541,0.541,0.054,582628767,58262876,1111.28,0.81,0.00,-1,-1,0.00
dag_9c3a4b173dc84179,unet_denoise_46abba00,unet_denoise,1024634,13795274.15,13990486.09,13990487.52,13998721.13,1,8,4,822.25,8222,8.222,0.822,2895836566,289583656,5523.37,0.90,0.00,-1,-1,0.00
dag_c4fc9dded3924f0a,unet_denoise_948daef5,unet_denoise,832179,13795608.23,13998721.13,13998722.56,14002942.18,1,12,12,420.90,4208,4.208,0.421,2924914649,292491464,5578.83,0.48,0.00,-1,-1,0.00
dag_44a26dab89444865,sampler_2745c638,sampler,1234450,13802408.30,14002942.18,14002943.61,14003332.24,1,10,8,38.74,387,0.387,0.039,615104302,61510430,1173.22,0.93,0.00,-1,-1,0.00
dag_58e29ceb412c47dc,unet_denoise_d6d30453,unet_denoise,1045271,13802745.37,14003332.24,14003333.69,14007414.33,1,12,12,407.00,4069,4.069,0.407,3073934171,307393417,5863.06,0.63,0.00,-1,-1,0.00
dag_3ae1fe8af2dd4c57,sampler_916093bc,sampler,1245010,13812354.41,14007414.33,14007415.77,14008075.40,1,6,0,64.88,648,0.648,0.065,457335226,45733522,872.30,0.42,0.00,-1,-1,0.00
dag_46cf51d5c3044117,unet_denoise_dc3438e4,unet_denoise,3003208,13812835.44,14008075.40,14008196.06,14008973.96,2,1000,16,654.45,6544,6.544,0.654,3255236739,325523673,6208.87,0.48,0.00,-1,-1,0.00
dag_41ec2176cd454bc4,sampler_934c8dd9,sampler,1518045,13819242.52,14008973.96,14008975.41,14009392.07,1,12,12,40.54,405,0.405,0.041,921359894,92135989,1757.35,0.84,0.00,-1,-1,0.00
dag_e0bf0b0c3c93417d,sampler_26901399,sampler,1521599,13823904.61,14009392.07,14009393.50,14009733.13,1,12,12,32.80,328,0.328,0.033,454177031,45417703,866.27,0.58,0.00,-1,-1,0.00
dag_73f06810d4f94121,unet_denoise_c427afab,unet_denoise,1048269,13824526.67,14009733.13,14009734.57,14017392.21,1,7,2,764.61,7646,7.646,0.765,3158373364,315837336,6024.12,0.62,0.00,-1,-1,0.00
dag_66afb2b173ef46b3,unet_denoise_57352c90,unet_denoise,1689059,13824833.74,14017392.21,14017393.64,14021334.28,1,7,2,393.95,3939,3.939,0.394,1858706661,185870666,3545.20,0.57,0.00,-1,-1,0.00
dag_acef7e389a114bcc,unet_denoise_88419f2f,unet_denoise,833139,13825206.81,14021334.28,14021335.72,14026215.35,1,6,0,486.84,4868,4.868,0.487,2613282707,261328270,4984.44,0.65,0.00,-1,-1,0.00
dag_4223921a13d94f85,sampler_9dc33749,sampler,1528507,13836612.90,14026215.35,14026216.79,14026886.42,1,6,0,65.85,658,0.658,0.066,626025769,62602576,1194.05,0.84,0.00,-1,-1,0.00
dag_6c49e8f33c75421e,sampler_2cb1c6af,sampler,2304077,13845154.97,14026886.42,14026887.85,14027335.47,1,6,0,43.66,436,0.436,0.044,559937610,55993761,1068.00,0.79,0.00,-1,-1,0.00
dag_e4d333c3eab5448d,sampler_f32e0e95,sampler,1697292,13849194.02,14027335.47,14027456.36,14027604.97,2,1000,16,24.87,248,0.248,0.025,508415853,50841585,969.73,0.50,0.00,-1,-1,0.00
dag_eb11baf7ee404c2f,sampler_b1050a30,sampler,1530044,13854790.09,14027604.97,14027606.38,14027935.00,1,8,4,31.70,317,0.317,0.032,415652249,41565224,792.79,0.70,0.00,-1,-1,0.00
dag_7eeaa25eb2024286,sampler_0f78cf09,sampler,846479,13855564.55,14027935.00,14027936.44,14028269.08,1,8,4,32.17,321,0.321,0.032,727980491,72798049,1388.51,0.73,0.00,-1,-1,0.00
dag_a7af186451ff4870,unet_denoise_dc1a0db7,unet_denoise,1076091,13856063.65,14028269.08,14028270.51,14038539.15,1,9,6,1025.80,10257,10.257,1.026,3337936151,333793615,6366.61,0.75,0.00,-1,-1,0.00
dag_c939c36c249f4616,sampler_fa1b047f,sampler,852984,13860446.72,14038539.15,14038540.59,14038882.22,1,9,6,33.03,330,0.330,0.033,548440653,54844065,1046.07,0.45,0.00,-1,-1,0.00
dag_3d98a7542f9e4c06,sampler_d2ab00f7,sampler,665144,13867771.82,14038882.22,14038883.64,14039366.27,1,9,6,47.12,471,0.471,0.047,432624757,43262475,825.17,0.49,0.00,-1,-1,0.00
dag_460c3a8ec45a455a,unet_denoise_4bfe61c6,unet_denoise,3071505,13868542.93,14039366.27,14039367.71,14050712.35,1,7,2,1133.33,11333,11.333,1.133,3243141922,324314192,6185.80,0.85,0.00,-1,-1,0.00
dag_12e6b55766fb4483,unet_denoise_87c75dc2,unet_denoise,1397302,13868839.76,14050712.35,14050713.79,14060983.43,1,9,6,1025.87,10258,10.258,1.026,3136530024,313653002,5982.46,0.57,0.00,-1,-1,0.00
dag_0605d9f01775453c,unet_denoise_70a8d198,unet_denoise,638666,13869493.84,14060983.43,14060984.85,14070396.48,1,7,2,940.09,9400,9.400,0.940,2111759498,211175949,4027.86,0.54,0.00,-1,-1,0.00
dag_52fb11ac19314df7,sampler_c721a85b,sampler,3088750,13877516.90,14070396.48,14070517.30,14070692.12,2,1000,16,51.14,511,0.511,0.051,390051037,39005103,743.96,0.71,0.00,-1,-1,0.00
dag_1f52bd4c90834fa8,unet_denoise_6b230f39,unet_denoise,360567,13877740.00,14070692.12,14070693.56,14074561.20,1,9,6,385.66,3856,3.856,0.386,2254555631,225455563,4300.22,0.42,0.00,-1,-1,0.00
dag_53ac1a8f51e34e5c,unet_denoise_f02bc87e,unet_denoise,1745860,13878152.11,14074561.20,14074562.64,14080107.28,1,12,12,553.32,5533,5.533,0.553,3140099081,314009908,5989.26,0.75,0.00,-1,-1,0.00
dag_38ec206859024673,unet_denoise_18be7ac6,unet_denoise,364301,13879041.19,14080107.28,14080108.72,14092718.35,1,7,2,1259.86,12598,12.598,1.260,2487649030,248764903,4744.81,0.82,0.00,-1,-1,0.00
dag_1f23f3a4c41b4836,unet_denoise_93e47c20,unet_denoise,290674,13879319.27,14092718.35,14092719.78,14097061.40,1,6,0,433.04,4330,4.330,0.433,2646191551,264619155,5047.21,0.60,0.00,-1,-1,0.00
dag_5d27d0b9ef574f30,unet_denoise_6fc8ee2e,unet_denoise,445937,13879866.35,14097061.40,14097062.84,14104285.48,1,7,2,722.14,7221,7.221,0.722,3747362616,374736261,7147.53,0.50,0.00,-1,-1,0.00
dag_1225345267d447cc,unet_denoise_39f11017,unet_denoise,3131479,13880343.43,14104285.48,14104286.92,14111830.55,1,7,2,754.24,7542,7.542,0.754,2796153868,279615386,5333.24,0.53,0.00,-1,-1,0.00
dag_bea8b8165f864dbb,unet_denoise_62fae4f1,unet_denoise,1776489,13880917.50,14111830.55,14111831.99,14119813.63,1,6,0,797.07,7970,7.970,0.797,4243595254,424359525,8094.02,0.66,0.00,-1,-1,0.00
dag_ad36e74386b9411c,unet_denoise_7bfc6dc3,unet_denoise,311979,13881058.60,14119813.63,14119815.07,14121667.71,1,6,0,184.14,1841,1.841,0.184,2582656189,258265618,4926.03,0.57,0.00,-1,-1,0.00
dag_2ef9fa6af23a4570,unet_denoise_9d7fabc4,unet_denoise,531091,13881357.19,14121667.71,14121669.14,14129161.78,1,9,6,748.18,7481,7.481,0.748,2791146190,279114619,5323.69,0.41,0.00,-1,-1,0.00
dag_a4eb8e47d4f34c31,unet_denoise_41543fd5,unet_denoise,1812352,13881707.28,14129161.78,14129163.20,14134775.82,1,7,2,560.20,5601,5.601,0.560,1891731517,189173151,3608.19,0.65,0.00,-1,-1,0.00
dag_959798270e604592,unet_denoise_3de1b69f,unet_denoise,3166836,13882108.38,14134775.82,14134777.26,14139758.90,1,12,12,497.01,4970,4.970,0.497,2910937246,291093724,5552.17,0.91,0.00,-1,-1,0.00
dag_7fcfd30e057e4720,sampler_2f885309,sampler,2402161,13886164.46,14139758.90,14139760.35,14139997.99,1,7,2,22.69,226,0.226,0.023,623353823,62335382,1188.95,0.52,0.00,-1,-1,0.00
dag_dffce61524874add,unet_denoise_74bd01f2,unet_denoise,1837456,13886758.55,14139997.99,14139999.41,14149131.03,1,12,12,912.08,9120,9.120,0.912,2592365903,259236590,4944.55,0.93,0.00,-1,-1,0.00
dag_2604b14cf4864967,unet_denoise_0b324315,unet_denoise,1597098,13887594.65,14149131.03,14149251.85,14150658.57,2,1000,16,1283.10,12830,12.830,1.283,2890013286,289001328,5512.26,0.53,0.00,-1,-1,0.00
dag_48ce7371571e408e,unet_denoise_df562496,unet_denoise,2443694,13887824.73,14150658.57,14150660.01,14154049.64,1,7,2,337.87,3378,3.378,0.338,1985970352,198597035,3787.94,0.66,0.00,-1,-1,0.00
dag_158e662ab43f41be,sampler_4f71730e,sampler,1879793,13911237.78,14154049.64,14154051.08,14155516.71,1,8,4,145.44,1454,1.454,0.145,754313366,75431336,1438.74,0.43,0.00,-1,-1,0.00
dag_df9fc3aa30db4ac6,sampler_8d34a758,sampler,955731,13919410.84,14155516.71,14155518.14,14156145.78,1,6,0,61.64,616,0.616,0.062,539406796,53940679,1028.84,0.71,0.00,-1,-1,0.00
dag_58f9446bbd3d4230,unet_denoise_167fd1aa,unet_denoise,2508851,13919721.05,14156145.78,14156147.22,14165965.86,1,7,2,980.73,9807,9.807,0.981,2423713205,242371320,4622.87,0.78,0.00,-1,-1,0.00
dag_72c99ec3b9a54445,sampler_87203ead,sampler,788640,13927995.15,14165965.86,14165967.30,14166788.93,1,8,4,81.01,810,0.810,0.081,314247278,31424727,599.38,0.94,0.00,-1,-1,0.00
dag_c662227e80b24669,sampler_266f8f1a,sampler,1635280,13935352.25,14166788.93,14166790.37,14167156.02,1,8,4,35.47,354,0.354,0.035,437950804,43795080,835.32,0.43,0.00,-1,-1,0.00
dag_301b8aa355cf41a5,unet_denoise_d6d0ffc7,unet_denoise,1924705,13936036.35,14167156.02,14167276.91,14168536.82,2,1000,16,1136.14,11361,11.361,1.136,3190251881,319025188,6084.92,0.54,0.00,-1,-1,0.00
dag_7da0a6ba311a4a8d,sampler_0accc5e6,sampler,2557185,13940801.41,14168536.82,14168538.26,14168901.90,1,12,12,35.28,352,0.352,0.035,250679151,25067915,478.13,0.54,0.00,-1,-1,0.00
dag_087a3e55add54b84,sampler_01788195,sampler,2579922,13945635.48,14168901.90,14168903.35,14169175.99,1,7,2,26.20,261,0.261,0.026,442767283,44276728,844.51,0.46,0.00,-1,-1,0.00
dag_0a118d4db805487c,unet_denoise_383b8a3e,unet_denoise,2597180,13945991.92,14169175.99,14169177.43,14185574.05,1,13,14,1638.56,16385,16.385,1.639,3257087574,325708757,6212.40,0.92,0.00,-1,-1,0.00
dag_bb8425b128964146,sampler_5cf2b1a6,sampler,2714901,13953198.99,14185574.05,14185575.48,14186086.11,1,8,4,49.97,499,0.499,0.050,643474968,64347496,1227.33,0.52,0.00,-1,-1,0.00
dag_99104302e6ae4866,sampler_241c175c,sampler,2736704,13960312.07,14186086.11,14186087.53,14186510.15,1,8,4,41.13,411,0.411,0.041,393947856,39394785,751.40,0.72,0.00,-1,-1,0.00
dag_3616f9eb4acd4cce,sampler_a29160a3,sampler,2740620,13961505.01,14186510.15,14186511.57,14186957.18,1,11,10,43.49,434,0.434,0.043,531045609,53104560,1012.89,0.94,0.00,-1,-1,0.00
dag_4612b1ef61374610,sampler_82aa9707,sampler,2746361,13972225.09,14186957.18,14186958.63,14187545.28,1,8,4,57.51,575,0.575,0.058,496223139,49622313,946.47,0.47,0.00,-1,-1,0.00
dag_6751fb9a83ed408d,unet_denoise_be7816ca,unet_denoise,1980673,13972785.17,14187545.28,14187546.70,14193645.31,1,9,6,608.75,6087,6.087,0.609,3921990938,392199093,7480.60,0.42,0.00,-1,-1,0.00
dag_e7ccfd39016d4183,unet_denoise_aabbe745,unet_denoise,2044685,13973057.24,14193645.31,14193646.73,14197491.36,1,13,14,383.38,3833,3.833,0.383,2686897703,268689770,5124.85,0.56,0.00,-1,-1,0.00
dag_2672a5cdae594062,sampler_73e73dd5,sampler,2065622,13977932.31,14197491.36,14197612.21,14197775.38,2,1000,16,39.47,394,0.394,0.039,316593243,31659324,603.85,0.58,0.00,-1,-1,0.00
dag_daff787d847b4d66,sampler_97f98423,sampler,2871924,13982263.42,14197775.38,14197776.80,14198066.42,1,7,2,27.89,278,0.278,0.028,458788307,45878830,875.07,0.65,0.00,-1,-1,0.00
dag_45623821bc4b48ca,sampler_6451d58e,sampler,2913489,13988821.49,14198066.42,14198067.85,14198530.46,1,12,12,45.11,451,0.451,0.045,702307494,70230749,1339.55,0.90,0.00,-1,-1,0.00
dag_02c30d07c2df4f53,unet_denoise_61760aea,unet_denoise,2094720,13989132.80,14198530.46,14198531.90,14208731.52,1,6,0,1018.89,10188,10.188,1.019,3448298665,344829866,6577.11,0.79,0.00,-1,-1,0.00
dag_8240779e963a41fd,unet_denoise_dbda5b15,unet_denoise,2195145,13989528.88,14208731.52,14208732.96,14216068.59,1,11,10,732.48,7324,7.324,0.732,2465891104,246589110,4703.31,0.80,0.00,-1,-1,0.00
dag_046e5a04b57748db,unet_denoise_c1c7f84c,unet_denoise,2207056,13989931.98,14216068.59,14216070.03,14223821.68,1,12,12,774.00,7740,7.740,0.774,3068463652,306846365,5852.63,0.91,0.00,-1,-1,0.00
dag_0e0ca4159e544e86,unet_denoise_65dbc456,unet_denoise,2944176,13990486.09,14223821.68,14223823.13,14232771.77,1,8,4,893.79,8937,8.937,0.894,2656819908,265681990,5067.48,0.74,0.00,-1,-1,0.00
dag_9c3a4b173dc84179,sampler_312f4bdf,sampler,1024634,13998721.13,14232771.77,14232773.22,14233260.86,1,11,10,47.61,476,0.476,0.048,467319989,46731998,891.34,0.85,0.00,-1,-1,0.00
dag_c4fc9dded3924f0a,sampler_c9ef6f86,sampler,832179,14002942.18,14233260.86,14233262.29,14233575.92,1,13,14,30.29,302,0.302,0.030,686461963,68646196,1309.32,0.47,0.00,-1,-1,0.00
dag_44a26dab89444865,unet_denoise_179a8e9f,unet_denoise,1234450,14003332.24,14233575.92,14233577.36,14239304.01,1,9,6,571.56,5715,5.715,0.572,3076919242,307691924,5868.76,0.53,0.00,-1,-1,0.00
dag_58e29ceb412c47dc,sampler_15189779,sampler,1045271,14007414.33,14239304.01,14239305.46,14239668.10,1,6,0,35.11,351,0.351,0.035,530657517,53065751,1012.15,0.92,0.00,-1,-1,0.00
dag_3ae1fe8af2dd4c57,unet_denoise_94f05ecf,unet_denoise,1245010,14008075.40,14239668.10,14239669.53,14250950.14,1,10,8,1126.98,11269,11.269,1.127,2387248866,238724886,4553.32,0.43,0.00,-1,-1,0.00
dag_46cf51d5c3044117,sampler_089f1a9c,sampler,3003208,14008973.96,14250950.14,14250951.59,14251374.23,1,10,8,41.17,411,0.411,0.041,410129183,41012918,782.26,0.41,0.00,-1,-1,0.00
dag_41ec2176cd454bc4,unet_denoise_373eaa8a,unet_denoise,1518045,14009392.07,14251374.23,14251375.66,14257722.28,1,6,0,633.53,6335,6.335,0.634,4862619729,486261972,9274.71,0.49,0.00,-1,-1,0.00
dag_73f06810d4f94121,sampler_e865ef91,sampler,1048269,14017392.21,14263155.70,14263157.15,14263691.80,1,8,4,52.38,523,0.523,0.052,474684879,47468487,905.39,0.41,0.00,-1,-1,0.00
dag_66afb2b173ef46b3,sampler_f75f5808,sampler,1689059,14021334.28,14263691.80,14263812.62,14263957.64,2,1000,16,21.39,213,0.213,0.021,447413540,44741354,853.37,0.90,0.00,-1,-1,0.00
dag_acef7e389a114bcc,sampler_0accb2ca,sampler,833139,14026215.35,14263957.64,14263959.09,14264394.73,1,6,0,42.41,424,0.424,0.042,461528997,46152899,880.30,0.67,0.00,-1,-1,0.00
dag_4223921a13d94f85,unet_denoise_a15170dc,unet_denoise,1528507,14026886.42,14264394.73,14264396.18,14274060.82,1,13,14,965.33,9653,9.653,0.965,3744795778,374479577,7142.63,0.81,0.00,-1,-1,0.00
dag_6c49e8f33c75421e,unet_denoise_b0085ca3,unet_denoise,2304077,14027335.47,14274060.82,14274062.25,14281575.87,1,6,0,750.29,7502,7.502,0.750,4777501930,477750193,9112.36,0.71,0.00,-1,-1,0.00
dag_e4d333c3eab5448d,unet_denoise_c54332ab,unet_denoise,1697292,14027604.97,14281575.87,14281577.31,14285398.96,1,11,10,381.04,3810,3.810,0.381,1956842591,195684259,3732.38,0.46,0.00,-1,-1,0.00
dag_eb11baf7ee404c2f,unet_denoise_61f803a5,unet_denoise,1530044,14027935.00,14285398.96,14285400.41,14289636.05,1,7,2,423.46,4234,4.234,0.423,3111128864,311112886,5934.01,0.51,0.00,-1,-1,0.00
dag_7eeaa25eb2024286,unet_denoise_cfa228aa,unet_denoise,846479,14028269.08,14289636.05,14289637.48,14294774.10,1,7,2,512.57,5125,5.125,0.513,3292169647,329216964,6279.32,0.55,0.00,-1,-1,0.00
dag_a7af186451ff4870,sampler_ff6e95bf,sampler,1076091,14038539.15,14294774.10,14294775.55,14295405.20,1,11,10,61.86,618,0.618,0.062,640886242,64088624,1222.39,0.41,0.00,-1,-1,0.00
dag_c939c36c249f4616,unet_denoise_e69f7175,unet_denoise,852984,14038882.22,14295405.20,14295406.64,14300254.28,1,6,0,483.61,4836,4.836,0.484,3860685995,386068599,7363.67,0.68,0.00,-1,-1,0.00
dag_3d98a7542f9e4c06,unet_denoise_a23473bd,unet_denoise,665144,14039366.27,14300254.28,14300255.72,14306720.36,1,7,2,646.33,6463,6.463,0.646,2425586687,242558668,4626.44,0.78,0.00,-1,-1,0.00
dag_460c3a8ec45a455a,sampler_80c75d3a,sampler,3071505,14050712.35,14306720.36,14306721.81,14307450.46,1,13,14,71.70,717,0.717,0.072,699030327,69903032,1333.29,0.41,0.00,-1,-1,0.00
dag_12e6b55766fb4483,sampler_60a6fba5,sampler,1397302,14060983.43,14307450.46,14307451.91,14308047.56,1,11,10,58.48,584,0.584,0.058,470054061,47005406,896.56,0.42,0.00,-1,-1,0.00
dag_0605d9f01775453c,sampler_212cdece,sampler,638666,14070396.48,14308047.56,14308049.00,14308670.64,1,7,2,62.06,620,0.620,0.062,522964348,52296434,997.48,0.56,0.00,-1,-1,0.00
dag_52fb11ac19314df7,unet_denoise_7fa8052a,unet_denoise,3088750,14070692.12,14308670.64,14308791.10,14309565.05,2,1000,16,650.76,6507,6.507,0.651,2778026530,277802653,5298.67,0.73,0.00,-1,-1,0.00
dag_1f52bd4c90834fa8,sampler_0c8ff071,sampler,360567,14074561.20,14309565.05,14309566.50,14309847.15,1,13,14,26.92,269,0.269,0.027,629427045,62942704,1200.54,0.92,0.00,-1,-1,0.00
dag_53ac1a8f51e34e5c,sampler_a35a2dc1,sampler,1745860,14080107.28,14309847.15,14309848.59,14310247.23,1,10,8,38.71,387,0.387,0.039,594277557,59427755,1133.49,0.70,0.00,-1,-1,0.00
dag_38ec206859024673,sampler_a08e41df,sampler,364301,14092718.35,14310247.23,14310248.65,14310873.26,1,10,8,61.35,613,0.613,0.061,718737797,71873779,1370.88,0.48,0.00,-1,-1,0.00
dag_1f23f3a4c41b4836,sampler_9adefa2f,sampler,290674,14097061.40,14310873.26,14310874.69,14311201.32,1,11,10,31.58,315,0.315,0.032,655311119,65531111,1249.91,0.47,0.00,-1,-1,0.00
dag_5d27d0b9ef574f30,sampler_ec15aa3d,sampler,445937,14104285.48,14311201.32,14311202.75,14311737.36,1,6,0,52.33,523,0.523,0.052,616334817,61633481,1175.57,0.55,0.00,-1,-1,0.00
dag_1225345267d447cc,sampler_56314b59,sampler,3131479,14111830.55,14311737.36,14311738.81,14312258.45,1,6,0,50.80,508,0.508,0.051,501563166,50156316,956.66,0.75,0.00,-1,-1,0.00
dag_bea8b8165f864dbb,sampler_6c8e7e77,sampler,1776489,14119813.63,14312258.45,14312379.07,14312566.73,2,1000,16,64.30,642,0.642,0.064,510299067,51029906,973.32,0.64,0.00,-1,-1,0.00
dag_ad36e74386b9411c,sampler_30c5f2df,sampler,311979,14121667.71,14312566.73,14312568.18,14312682.84,1,13,14,10.36,103,0.103,0.010,823250867,82325086,1570.23,0.40,0.00,-1,-1,0.00
dag_2ef9fa6af23a4570,sampler_8fc7e2c6,sampler,531091,14129161.78,14312682.84,14312684.26,14313272.89,1,11,10,58.79,587,0.587,0.059,418341328,41834132,797.92,0.67,0.00,-1,-1,0.00
dag_a4eb8e47d4f34c31,sampler_2d408f10,sampler,1812352,14134775.82,14313272.89,14313274.34,14313625.99,1,13,14,34.05,340,0.340,0.034,379366198,37936619,723.58,0.58,0.00,-1,-1,0.00
dag_959798270e604592,sampler_0c072376,sampler,3166836,14139758.90,14313625.99,14313627.43,14314018.07,1,10,8,37.98,379,0.379,0.038,583825363,58382536,1113.56,0.83,0.00,-1,-1,0.00
dag_7fcfd30e057e4720,unet_denoise_38cbd3b8,unet_denoise,2402161,14139997.99,14314018.07,14314139.07,14314649.51,2,1000,16,386.53,3865,3.865,0.387,1838798016,183879801,3507.23,0.61,0.00,-1,-1,0.00
dag_dffce61524874add,sampler_7c74f925,sampler,1837456,14149131.03,14314649.51,14314650.95,14315184.59,1,10,8,52.20,522,0.522,0.052,421969126,42196912,804.84,0.47,0.00,-1,-1,0.00
dag_2604b14cf4864967,sampler_1ae86de3,sampler,1597098,14150658.57,14315184.59,14315305.35,14315502.88,2,1000,16,73.95,739,0.739,0.074,341381309,34138130,651.13,0.60,0.00,-1,-1,0.00
dag_48ce7371571e408e,sampler_96610a80,sampler,2443694,14154049.64,14315502.88,14315504.33,14315680.97,1,8,4,16.54,165,0.165,0.017,894466472,89446647,1706.06,0.59,0.00,-1,-1,0.00
dag_158e662ab43f41be,unet_denoise_8032db85,unet_denoise,1879793,14155516.71,14315680.97,14315682.42,14335587.06,1,8,4,1989.31,19893,19.893,1.989,3243918028,324391802,6187.28,0.79,0.00,-1,-1,0.00
dag_df9fc3aa30db4ac6,unet_denoise_ba6ff2b6,unet_denoise,955731,14156145.78,14335587.06,14335588.48,14343740.10,1,7,2,814.04,8140,8.140,0.814,4356556378,435655637,8309.47,0.90,0.00,-1,-1,0.00
dag_58f9446bbd3d4230,sampler_992cb69b,sampler,2508851,14165965.86,14343740.10,14343741.55,14344396.20,1,12,12,64.40,643,0.643,0.064,563989738,56398973,1075.73,0.44,0.00,-1,-1,0.00
dag_72c99ec3b9a54445,unet_denoise_516bb01c,unet_denoise,788640,14166788.93,14344396.20,14344397.65,14356623.31,1,6,0,1222.44,12224,12.224,1.222,3116543078,311654307,5944.33,0.48,0.00,-1,-1,0.00
dag_c662227e80b24669,unet_denoise_55837010,unet_denoise,1635280,14167156.02,14356623.31,14356624.74,14362509.37,1,8,4,587.33,5873,5.873,0.587,2467302253,246730225,4706.01,0.49,0.00,-1,-1,0.00
dag_301b8aa355cf41a5,sampler_2888000c,sampler,1924705,14168536.82,14362509.37,14362510.82,14363108.46,1,10,8,58.61,586,0.586,0.059,454133851,45413385,866.19,0.53,0.00,-1,-1,0.00
dag_7da0a6ba311a4a8d,unet_denoise_0d009d40,unet_denoise,2557185,14168901.90,14363108.46,14363229.12,14363868.32,2,1000,16,515.75,5157,5.157,0.516,3678699275,367869927,7016.56,0.69,0.00,-1,-1,0.00
dag_087a3e55add54b84,unet_denoise_c34486bd,unet_denoise,2579922,14169175.99,14363868.32,14363869.75,14368059.38,1,12,12,417.82,4178,4.178,0.418,3040846119,304084611,5799.95,0.52,0.00,-1,-1,0.00
dag_0a118d4db805487c,sampler_6030ffbc,sampler,2597180,14185574.05,14368059.38,14368060.83,14369331.47,1,10,8,125.99,1259,1.259,0.126,720090491,72009049,1373.46,0.89,0.00,-1,-1,0.00
dag_bb8425b128964146,unet_denoise_917f60cb,unet_denoise,2714901,14186086.11,14369331.47,14369332.91,14377607.55,1,10,8,826.32,8263,8.263,0.826,3322026950,332202695,6336.26,0.59,0.00,-1,-1,0.00
dag_99104302e6ae4866,unet_denoise_a4f5af3c,unet_denoise,2736704,14186510.15,14377607.55,14377728.51,14378466.81,2,1000,16,614.41,6144,6.144,0.614,2036887077,203688707,3885.05,0.74,0.00,-1,-1,0.00
dag_3616f9eb4acd4cce,unet_denoise_4c5d4753,unet_denoise,2740620,14186957.18,14378466.81,14378587.60,14379582.98,2,1000,16,871.71,8717,8.717,0.872,4111039450,411103945,7841.19,0.71,0.00,-1,-1,0.00
dag_4612b1ef61374610,unet_denoise_398a59f5,unet_denoise,2746361,14187545.28,14379582.98,14379703.60,14380654.46,2,1000,16,827.45,8274,8.274,0.827,4177006083,417700608,7967.01,0.85,0.00,-1,-1,0.00
dag_6751fb9a83ed408d,sampler_1c1d9787,sampler,1980673,14193645.31,14380654.46,14380655.91,14381101.56,1,8,4,43.43,434,0.434,0.043,389537730,38953773,742.98,0.86,0.00,-1,-1,0.00
dag_e7ccfd39016d4183,sampler_09288009,sampler,2044685,14197491.36,14381101.56,14381103.00,14381388.64,1,9,6,28.42,284,0.284,0.028,454809323,45480932,867.48,0.53,0.00,-1,-1,0.00
dag_2672a5cdae594062,unet_denoise_337e1b18,unet_denoise,2065622,14197775.38,14381388.64,14381390.08,14386781.70,1,8,4,538.10,5380,5.380,0.538,2901919618,290191961,5534.97,0.52,0.00,-1,-1,0.00
dag_daff787d847b4d66,unet_denoise_09b57721,unet_denoise,2871924,14198066.42,14386781.70,14386783.15,14390500.79,1,7,2,370.65,3706,3.706,0.371,3855754123,385575412,7354.27,0.64,0.00,-1,-1,0.00
dag_45623821bc4b48ca,unet_denoise_1056fd32,unet_denoise,2913489,14198530.46,14390500.79,14390502.22,14397247.84,1,7,2,673.47,6734,6.734,0.673,3491915473,349191547,6660.30,0.69,0.00,-1,-1,0.00
dag_02c30d07c2df4f53,sampler_03c43503,sampler,2094720,14208731.52,14397247.84,14397249.29,14397953.94,1,6,0,70.38,703,0.703,0.070,371726253,37172625,709.01,0.75,0.00,-1,-1,0.00
dag_8240779e963a41fd,sampler_17b197f6,sampler,2195145,14216068.59,14397953.94,14397955.39,14398342.03,1,6,0,37.57,375,0.375,0.038,746395648,74639564,1423.64,0.90,0.00,-1,-1,0.00
dag_046e5a04b57748db,sampler_450d59ca,sampler,2207056,14223821.68,14398342.03,14398343.46,14398911.10,1,11,10,55.67,556,0.556,0.056,364042537,36404253,694.36,0.94,0.00,-1,-1,0.00
dag_0e0ca4159e544e86,sampler_966e6a17,sampler,2944176,14232771.77,14398911.10,14398912.55,14399484.20,1,7,2,56.00,560,0.560,0.056,318345243,31834524,607.20,0.94,0.00,-1,-1,0.00
dag_9c3a4b173dc84179,unet_denoise_1a72c4f7,unet_denoise,1024634,14233260.86,14399484.20,14399485.64,14406570.27,1,11,10,707.32,7073,7.073,0.707,2162042234,216204223,4123.77,0.95,0.00,-1,-1,0.00
dag_c4fc9dded3924f0a,unet_denoise_ae4a603a,unet_denoise,832179,14233575.92,14406570.27,14406571.72,14411446.35,1,8,4,486.31,4863,4.863,0.486,3316686197,331668619,6326.08,0.40,0.00,-1,-1,0.00
dag_44a26dab89444865,sampler_31fda3be,sampler,1234450,14239304.01,14411446.35,14411447.79,14411951.43,1,13,14,49.21,492,0.492,0.049,538680131,53868013,1027.45,0.91,0.00,-1,-1,0.00
dag_58e29ceb412c47dc,unet_denoise_c88022eb,unet_denoise,1045271,14239668.10,14411951.43,14411952.87,14416102.50,1,8,4,413.87,4138,4.138,0.414,2617674482,261767448,4992.82,0.64,0.00,-1,-1,0.00
dag_3ae1fe8af2dd4c57,sampler_edde1f69,sampler,1245010,14250950.14,14416102.50,14416103.93,14416804.55,1,12,12,68.94,689,0.689,0.069,378181932,37818193,721.32,0.91,0.00,-1,-1,0.00
dag_46cf51d5c3044117,unet_denoise_42ad1ad7,unet_denoise,3003208,14251374.23,14416804.55,14416805.99,14422808.62,1,10,8,599.19,5991,5.991,0.599,3504702614,350470261,6684.69,0.94,0.00,-1,-1,0.00
dag_41ec2176cd454bc4,sampler_2003eae9,sampler,1518045,14257722.28,14422808.62,14422810.04,14423266.66,1,10,8,44.55,445,0.445,0.045,621543182,62154318,1185.50,0.92,0.00,-1,-1,0.00
dag_73f06810d4f94121,unet_denoise_94c0fe84,unet_denoise,1048269,14263691.80,14423266.66,14423268.10,14432793.73,1,8,4,951.47,9514,9.514,0.951,2801425884,280142588,5343.30,0.87,0.00,-1,-1,0.00
dag_66afb2b173ef46b3,unet_denoise_af5f4c4f,unet_denoise,1689059,14263957.64,14432793.73,14432795.19,14436622.86,1,11,10,381.61,3816,3.816,0.382,4707238612,470723861,8978.35,0.64,0.00,-1,-1,0.00
dag_acef7e389a114bcc,unet_denoise_d481f476,unet_denoise,833139,14264394.73,14436622.86,14436624.29,14441272.92,1,6,0,463.76,4637,4.637,0.464,3792996346,379299634,7234.57,0.81,0.00,-1,-1,0.00
dag_4223921a13d94f85,sampler_cfa2c867,sampler,1528507,14274060.82,14441272.92,14441274.36,14442139.00,1,8,4,85.33,853,0.853,0.085,655177792,65517779,1249.65,0.75,0.00,-1,-1,0.00
dag_6c49e8f33c75421e,sampler_3ddfada4,sampler,2304077,14281575.87,14442139.00,14442140.46,14442564.12,1,8,4,41.21,412,0.412,0.041,624346210,62434621,1190.85,0.54,0.00,-1,-1,0.00
dag_e4d333c3eab5448d,sampler_3acd78a8,sampler,1697292,14285398.96,14442564.12,14442565.56,14442879.20,1,7,2,31.27,312,0.312,0.031,917167995,91716799,1749.36,0.83,0.00,-1,-1,0.00
dag_eb11baf7ee404c2f,sampler_7f4f976e,sampler,1530044,14289636.05,14442879.20,14442880.63,14443135.26,1,12,12,24.37,243,0.243,0.024,458967252,45896725,875.41,0.74,0.00,-1,-1,0.00
dag_7eeaa25eb2024286,sampler_0fa65401,sampler,846479,14294774.10,14443135.26,14443136.72,14443498.39,1,10,8,35.09,350,0.350,0.035,649631753,64963175,1239.07,0.59,0.00,-1,-1,0.00
dag_a7af186451ff4870,unet_denoise_2680bf3d,unet_denoise,1076091,14295405.20,14443498.39,14443499.82,14452147.44,1,10,8,863.69,8636,8.636,0.864,3058369469,305836946,5833.38,0.54,0.00,-1,-1,0.00
dag_c939c36c249f4616,sampler_ed2562ca,sampler,852984,14300254.28,14452147.44,14452148.87,14452529.50,1,6,0,36.93,369,0.369,0.037,416783094,41678309,794.95,0.53,0.00,-1,-1,0.00
dag_3d98a7542f9e4c06,sampler_c387ea6c,sampler,665144,14306720.36,14452529.50,14452530.96,14452937.62,1,11,10,39.55,395,0.395,0.040,632753896,63275389,1206.88,0.70,0.00,-1,-1,0.00
dag_460c3a8ec45a455a,unet_denoise_a9fb05b7,unet_denoise,3071505,14307450.46,14452937.62,14453058.25,14454119.11,2,1000,16,937.40,9374,9.374,0.937,4368478467,436847846,8332.21,0.68,0.00,-1,-1,0.00
dag_12e6b55766fb4483,unet_denoise_8b60354b,unet_denoise,1397302,14308047.56,14454119.11,14454120.54,14462664.17,1,9,6,853.20,8532,8.532,0.853,4252216647,425221664,8110.46,0.68,0.00,-1,-1,0.00
dag_0605d9f01775453c,unet_denoise_0d6c8136,unet_denoise,638666,14308670.64,14462664.17,14462665.61,14471275.24,1,6,0,859.87,8598,8.598,0.860,2447868174,244786817,4668.94,0.70,0.00,-1,-1,0.00
dag_52fb11ac19314df7,sampler_c658ff67,sampler,3088750,14309565.05,14471275.24,14471276.68,14471746.33,1,12,12,45.81,458,0.458,0.046,635787345,63578734,1212.67,0.74,0.00,-1,-1,0.00
dag_1f52bd4c90834fa8,unet_denoise_d6c56191,unet_denoise,360567,14309847.15,14471746.33,14471747.77,14475201.41,1,12,12,344.23,3442,3.442,0.344,2698434839,269843483,5146.86,0.94,0.00,-1,-1,0.00
dag_53ac1a8f51e34e5c,unet_denoise_87a4b3f1,unet_denoise,1745860,14310247.23,14475201.41,14475202.85,14480384.49,1,7,2,518.04,5180,5.180,0.518,2594331446,259433144,4948.29,0.85,0.00,-1,-1,0.00
dag_38ec206859024673,unet_denoise_e59feb5e,unet_denoise,364301,14310873.26,14480384.49,14480385.95,14492423.62,1,9,6,1202.63,12026,12.026,1.203,4600976308,460097630,8775.67,0.62,0.00,-1,-1,0.00
dag_1f23f3a4c41b4836,unet_denoise_9711cee5,unet_denoise,290674,14311201.32,14492423.62,14492425.05,14497655.68,1,12,12,521.91,5219,5.219,0.522,3004854463,300485446,5731.31,0.88,0.00,-1,-1,0.00
dag_5d27d0b9ef574f30,unet_denoise_6eef649d,unet_denoise,445937,14311737.36,14497655.68,14497776.20,14498591.74,2,1000,16,692.26,6922,6.922,0.692,3326947645,332694764,6345.65,0.70,0.00,-1,-1,0.00
dag_1225345267d447cc,unet_denoise_b287d509,unet_denoise,3131479,14312258.45,14498591.74,14498593.17,14506219.79,1,11,10,761.56,7615,7.615,0.762,1926811797,192681179,3675.10,0.45,0.00,-1,-1,0.00
dag_bea8b8165f864dbb,unet_denoise_ec51ddeb,unet_denoise,1776489,14312566.73,14506219.79,14506340.62,14507372.64,2,1000,16,908.30,9083,9.083,0.908,2368131148,236813114,4516.85,0.69,0.00,-1,-1,0.00
dag_ad36e74386b9411c,unet_denoise_dfd55a25,unet_denoise,311979,14312682.84,14507372.64,14507374.07,14509320.69,1,7,2,193.56,1935,1.935,0.194,3797567122,379756712,7243.28,0.55,0.00,-1,-1,0.00
dag_2ef9fa6af23a4570,unet_denoise_b88bfc9c,unet_denoise,531091,14313272.89,14509320.69,14509322.15,14518114.81,1,12,12,878.11,8781,8.781,0.878,4275630204,427563020,8155.12,0.83,0.00,-1,-1,0.00
dag_a4eb8e47d4f34c31,unet_denoise_ab16c5c6,unet_denoise,1812352,14313625.99,14518114.81,14518116.24,14523632.86,1,13,14,550.51,5505,5.505,0.551,3519720273,351972027,6713.33,0.80,0.00,-1,-1,0.00
dag_959798270e604592,unet_denoise_c2697f68,unet_denoise,3166836,14314018.07,14523632.86,14523634.29,14529778.91,1,8,4,614.33,6143,6.143,0.614,3879478953,387947895,7399.52,0.46,0.00,-1,-1,0.00
dag_7fcfd30e057e4720,sampler_92dbc288,sampler,2402161,14314649.51,14529778.91,14529780.34,14530049.97,1,11,10,25.83,258,0.258,0.026,678481571,67848157,1294.10,0.57,0.00,-1,-1,0.00
dag_dffce61524874add,unet_denoise_0d899347,unet_denoise,1837456,14315184.59,14530049.97,14530051.43,14539424.10,1,12,12,936.17,9361,9.361,0.936,2415846257,241584625,4607.86,0.65,0.00,-1,-1,0.00
dag_2604b14cf4864967,unet_denoise_63cf1395,unet_denoise,1597098,14315502.88,14539424.10,14539544.89,14541020.42,2,1000,16,1351.93,13519,13.519,1.352,2232275853,223227585,4257.73,0.58,0.00,-1,-1,0.00
dag_48ce7371571e408e,unet_denoise_3cbac9ce,unet_denoise,2443694,14315680.97,14541020.42,14541021.86,14544200.50,1,6,0,316.77,3167,3.167,0.317,2768422768,276842276,5280.35,0.93,0.00,-1,-1,0.00
dag_158e662ab43f41be,sampler_a5bd8ad9,sampler,1879793,14335587.06,14544200.50,14544201.93,14545967.57,1,11,10,175.46,1754,1.754,0.175,518571394,51857139,989.10,0.83,0.00,-1,-1,0.00
dag_df9fc3aa30db4ac6,sampler_ae5c4ebf,sampler,955731,14343740.10,14545967.57,14546088.13,14546271.80,2,1000,16,60.34,603,0.603,0.060,778670609,77867060,1485.20,0.71,0.00,-1,-1,0.00
dag_58f9446bbd3d4230,unet_denoise_9f8e7750,unet_denoise,2508851,14344396.20,14546271.80,14546273.26,14555782.92,1,13,14,949.88,9498,9.498,0.950,2438433289,243843328,4650.94,0.73,0.00,-1,-1,0.00
dag_72c99ec3b9a54445,sampler_270c91b2,sampler,788640,14356623.31,14555782.92,14555784.35,14556544.98,1,11,10,74.93,749,0.749,0.075,502547698,50254769,958.53,0.51,0.00,-1,-1,0.00
dag_c662227e80b24669,sampler_f23767b4,sampler,1635280,14362509.37,14556544.98,14556546.42,14556963.05,1,9,6,40.58,405,0.405,0.041,500152385,50015238,953.96,0.88,0.00,-1,-1,0.00
dag_301b8aa355cf41a5,unet_denoise_1d81ddb9,unet_denoise,1924705,14363108.46,14556963.05,14557083.71,14558225.11,2,1000,16,1017.93,10179,10.179,1.018,3271111472,327111147,6239.15,0.48,0.00,-1,-1,0.00
dag_7da0a6ba311a4a8d,sampler_754bd746,sampler,2557185,14363868.32,14558225.11,14558226.54,14558505.17,1,11,10,26.71,267,0.267,0.027,546455910,54645591,1042.28,0.87,0.00,-1,-1,0.00
dag_087a3e55add54b84,sampler_a0d49dc9,sampler,2579922,14368059.38,14558505.17,14558506.58,14558842.19,1,7,2,32.47,324,0.324,0.032,488579539,48857953,931.89,0.43,0.00,-1,-1,0.00
dag_0a118d4db805487c,unet_denoise_3e1f0dcf,unet_denoise,2597180,14369331.47,14558842.19,14558843.61,14574105.22,1,6,0,1525.05,15250,15.250,1.525,3800925131,380092513,7249.69,0.81,0.00,-1,-1,0.00
dag_bb8425b128964146,sampler_c19bf9db,sampler,2714901,14377607.55,14574105.22,14574106.64,14574602.26,1,9,6,48.49,484,0.484,0.048,474249431,47424943,904.56,0.81,0.00,-1,-1,0.00
dag_99104302e6ae4866,sampler_4a9c5326,sampler,2736704,14378466.81,14574602.26,14574603.72,14575067.38,1,6,0,46.23,462,0.462,0.046,635008105,63500810,1211.18,0.62,0.00,-1,-1,0.00
dag_3616f9eb4acd4cce,sampler_650dc5c2,sampler,2740620,14379582.98,14575067.38,14575068.81,14575608.43,1,13,14,52.87,528,0.528,0.053,565663126,56566312,1078.92,0.80,0.00,-1,-1,0.00
dag_4612b1ef61374610,sampler_7552f679,sampler,2746361,14380654.46,14575608.43,14575609.89,14576157.55,1,11,10,53.66,536,0.536,0.054,574537989,57453798,1095.84,0.76,0.00,-1,-1,0.00
dag_6751fb9a83ed408d,unet_denoise_e3bcb65b,unet_denoise,1980673,14381101.56,14576157.55,14576159.01,14584698.68,1,9,6,852.84,8528,8.528,0.853,2364929384,236492938,4510.74,0.57,0.00,-1,-1,0.00
dag_e7ccfd39016d4183,unet_denoise_2237560b,unet_denoise,2044685,14381388.64,14584698.68,14584700.09,14589885.70,1,13,14,518.50,5184,5.184,0.518,3732471500,373247150,7119.12,0.56,0.00,-1,-1,0.00
dag_2672a5cdae594062,sampler_32e90d80,sampler,2065622,14386781.70,14589885.70,14589887.17,14590265.84,1,6,0,37.72,377,0.377,0.038,616167086,61616708,1175.25,0.46,0.00,-1,-1,0.00
dag_daff787d847b4d66,sampler_2209c7a0,sampler,2871924,14390500.79,14590265.84,14590267.26,14590533.87,1,11,10,25.53,255,0.255,0.026,279793709,27979370,533.66,0.54,0.00,-1,-1,0.00
dag_45623821bc4b48ca,sampler_8d0b1ee6,sampler,2913489,14397247.84,14590533.87,14590535.30,14590988.93,1,7,2,44.22,442,0.442,0.044,623725847,62372584,1189.66,0.72,0.00,-1,-1,0.00
dag_02c30d07c2df4f53,unet_denoise_65b1b7b0,unet_denoise,2094720,14397953.94,14590988.93,14590990.36,14600520.98,1,11,10,951.96,9519,9.519,0.952,3571799204,357179920,6812.67,0.65,0.00,-1,-1,0.00
dag_8240779e963a41fd,unet_denoise_ea599e9b,unet_denoise,2195145,14398342.03,14600520.98,14600522.45,14606464.12,1,6,0,594.01,5940,5.940,0.594,4263980446,426398044,8132.90,0.61,0.00,-1,-1,0.00
dag_046e5a04b57748db,unet_denoise_d5a40629,unet_denoise,2207056,14398911.10,14606464.12,14606465.56,14614720.20,1,9,6,824.40,8243,8.243,0.824,2144036032,214403603,4089.42,0.95,0.00,-1,-1,0.00
dag_0e0ca4159e544e86,unet_denoise_faa92da5,unet_denoise,2944176,14399484.20,14614720.20,14614840.95,14616117.88,2,1000,16,1153.32,11533,11.533,1.153,3735478356,373547835,7124.86,0.74,0.00,-1,-1,0.00
dag_9c3a4b173dc84179,sampler_ae779f8b,sampler,1024634,14406570.27,14616117.88,14616119.31,14616632.94,1,7,2,50.20,502,0.502,0.050,484854553,48485455,924.79,0.78,0.00,-1,-1,0.00
dag_c4fc9dded3924f0a,sampler_fa8f48c8,sampler,832179,14411446.35,14616632.94,14616634.40,14616968.07,1,11,10,32.21,322,0.322,0.032,671178169,67117816,1280.17,0.82,0.00,-1,-1,0.00
dag_44a26dab89444865,unet_denoise_df6bb1be,unet_denoise,1234450,14411951.43,14616968.07,14616969.53,14623595.20,1,8,4,661.47,6614,6.614,0.661,3247248417,324724841,6193.63,0.81,0.00,-1,-1,0.00
dag_58e29ceb412c47dc,sampler_7fca5982,sampler,1045271,14416102.50,14623595.20,14623596.63,14623912.26,1,10,8,31.47,314,0.314,0.031,548135628,54813562,1045.49,0.76,0.00,-1,-1,0.00
dag_3ae1fe8af2dd4c57,unet_denoise_4131eb55,unet_denoise,1245010,14416804.55,14623912.26,14623913.69,14634602.32,1,11,10,1068.71,10687,10.687,1.069,3260372373,326037237,6218.67,0.53,0.00,-1,-1,0.00
dag_46cf51d5c3044117,sampler_562f204e,sampler,3003208,14422808.62,14634602.32,14634603.75,14635031.39,1,6,0,41.61,416,0.416,0.042,409695233,40969523,781.43,0.76,0.00,-1,-1,0.00
dag_41ec2176cd454bc4,unet_denoise_0b5b56ee,unet_denoise,1518045,14423266.66,14635031.39,14635032.82,14641276.44,1,10,8,623.24,6232,6.232,0.623,3315445169,331544516,6323.71,0.85,0.00,-1,-1,0.00
dag_73f06810d4f94121,sampler_5a56aa34,sampler,1048269,14432793.73,14641276.44,14641397.57,14641566.49,2,1000,16,44.82,448,0.448,0.045,641878691,64187869,1224.29,0.61,0.00,-1,-1,0.00
dag_66afb2b173ef46b3,sampler_60d85a53,sampler,1689059,14436622.86,14641566.49,14641567.91,14641823.52,1,12,12,25.44,254,0.254,0.025,453755053,45375505,865.47,0.58,0.00,-1,-1,0.00
dag_acef7e389a114bcc,sampler_dcf1de22,sampler,833139,14441272.92,14641823.52,14641824.97,14642205.61,1,12,12,36.98,369,0.369,0.037,598995983,59899598,1142.49,0.69,0.00,-1,-1,0.00
dag_4223921a13d94f85,unet_denoise_6216031d,unet_denoise,1528507,14442139.00,14642205.61,14642207.04,14653109.66,1,9,6,1089.11,10891,10.891,1.089,2289061440,228906144,4366.04,0.42,0.00,-1,-1,0.00
dag_6c49e8f33c75421e,unet_denoise_3826f4e0,unet_denoise,2304077,14442564.12,14653109.66,14653230.79,14654016.31,2,1000,16,661.41,6614,6.614,0.661,1815524539,181552453,3462.84,0.50,0.00,-1,-1,0.00
dag_e4d333c3eab5448d,unet_denoise_f05dfa0b,unet_denoise,1697292,14442879.20,14654016.31,14654017.74,14657664.36,1,6,0,363.54,3635,3.635,0.364,3343894725,334389472,6377.97,0.54,0.00,-1,-1,0.00
dag_eb11baf7ee404c2f,unet_denoise_849f628b,unet_denoise,1530044,14443135.26,14657664.36,14657665.82,14662834.48,1,6,0,516.75,5167,5.167,0.517,2288824508,228882450,4365.59,0.50,0.00,-1,-1,0.00
dag_7eeaa25eb2024286,unet_denoise_7bf52a31,unet_denoise,846479,14443498.39,14662834.48,14662835.91,14668965.54,1,9,6,611.87,6118,6.118,0.612,3094659583,309465958,5902.59,0.52,0.00,-1,-1,0.00
dag_a7af186451ff4870,sampler_d73eb858,sampler,1076091,14452147.44,14668965.54,14668966.98,14669597.62,1,8,4,61.99,619,0.619,0.062,379887216,37988721,724.58,0.48,0.00,-1,-1,0.00
dag_c939c36c249f4616,unet_denoise_ef872cfe,unet_denoise,852984,14452529.50,14669597.62,14669599.05,14674985.68,1,6,0,537.53,5375,5.375,0.538,2997945059,299794505,5718.13,0.65,0.00,-1,-1,0.00
dag_3d98a7542f9e4c06,unet_denoise_5f0b9f83,unet_denoise,665144,14452937.62,14674985.68,14674987.13,14682535.76,1,13,14,753.79,7537,7.537,0.754,3335920038,333592003,6362.76,0.63,0.00,-1,-1,0.00
dag_460c3a8ec45a455a,sampler_99d1ab7c,sampler,3071505,14454119.11,14682535.76,14682656.55,14682854.63,2,1000,16,74.43,744,0.744,0.074,530479846,53047984,1011.81,0.45,0.00,-1,-1,0.00
dag_12e6b55766fb4483,sampler_a0ef3112,sampler,1397302,14462664.17,14682854.63,14682975.29,14683150.49,2,1000,16,51.77,517,0.517,0.052,369050746,36905074,703.91,0.70,0.00,-1,-1,0.00
dag_0605d9f01775453c,sampler_609f352f,sampler,638666,14471275.24,14683150.49,14683151.95,14683788.61,1,11,10,62.54,625,0.625,0.063,372758498,37275849,710.98,0.83,0.00,-1,-1,0.00
dag_52fb11ac19314df7,unet_denoise_5413c571,unet_denoise,3088750,14471746.33,14683788.61,14683790.03,14691638.65,1,6,0,783.72,7837,7.837,0.784,2885236013,288523601,5503.15,0.62,0.00,-1,-1,0.00
dag_1f52bd4c90834fa8,sampler_1e545373,sampler,360567,14475201.41,14691638.65,14691759.40,14691907.14,2,1000,16,24.14,241,0.241,0.024,610013785,61001378,1163.51,0.64,0.00,-1,-1,0.00
dag_53ac1a8f51e34e5c,sampler_c1e94a08,sampler,1745860,14480384.49,14691907.14,14691908.57,14692271.19,1,7,2,35.12,351,0.351,0.035,527578896,52757889,1006.28,0.52,0.00,-1,-1,0.00
dag_38ec206859024673,sampler_41d8291e,sampler,364301,14492423.62,14692271.19,14692272.62,14692968.23,1,9,6,68.48,684,0.684,0.068,452223930,45222393,862.55,0.82,0.00,-1,-1,0.00
dag_1f23f3a4c41b4836,sampler_541fb07a,sampler,290674,14497655.68,14692968.23,14692969.69,14693281.35,1,8,4,30.03,300,0.300,0.030,411038841,41103884,783.99,0.45,0.00,-1,-1,0.00
dag_5d27d0b9ef574f30,sampler_c541ebe3,sampler,445937,14498591.74,14693281.35,14693282.81,14693803.47,1,7,2,50.96,509,0.509,0.051,585688366,58568836,1117.11,0.71,0.00,-1,-1,0.00
dag_1225345267d447cc,sampler_28c4208e,sampler,3131479,14506219.79,14693803.47,14693804.90,14694307.53,1,12,12,49.17,491,0.491,0.049,612061766,61206176,1167.42,0.50,0.00,-1,-1,0.00
dag_bea8b8165f864dbb,sampler_a00242a5,sampler,1776489,14507372.64,14694307.53,14694308.97,14694856.59,1,12,12,53.64,536,0.536,0.054,523566458,52356645,998.62,0.59,0.00,-1,-1,0.00
dag_ad36e74386b9411c,sampler_33d659c6,sampler,311979,14509320.69,14694856.59,14694858.03,14694975.66,1,11,10,11.62,116,0.116,0.012,335820400,33582040,640.53,0.54,0.00,-1,-1,0.00
dag_2ef9fa6af23a4570,sampler_82e8a2a8,sampler,531091,14518114.81,14694975.66,14694977.09,14695462.72,1,11,10,48.47,484,0.484,0.048,642136023,64213602,1224.78,0.89,0.00,-1,-1,0.00
dag_a4eb8e47d4f34c31,sampler_55d768b8,sampler,1812352,14523632.86,14695462.72,14695464.15,14695866.78,1,6,0,39.18,391,0.391,0.039,365700549,36570054,697.52,0.94,0.00,-1,-1,0.00
dag_959798270e604592,sampler_f11a1c26,sampler,3166836,14529778.91,14695866.78,14695868.21,14696285.84,1,11,10,40.65,406,0.406,0.041,581052159,58105215,1108.27,0.77,0.00,-1,-1,0.00
dag_7fcfd30e057e4720,unet_denoise_1eae6a96,unet_denoise,2402161,14530049.97,14696285.84,14696287.30,14700284.95,1,11,10,398.67,3986,3.986,0.399,2335930997,233593099,4455.43,0.50,0.00,-1,-1,0.00
dag_dffce61524874add,sampler_44081639,sampler,1837456,14539424.10,14700284.95,14700286.39,14700800.02,1,7,2,50.20,502,0.502,0.050,276970872,27697087,528.28,0.85,0.00,-1,-1,0.00
dag_2604b14cf4864967,sampler_d183d496,sampler,1597098,14541020.42,14700800.02,14700801.47,14701713.13,1,10,8,90.09,900,0.900,0.090,581291221,58129122,1108.73,0.56,0.00,-1,-1,0.00
dag_48ce7371571e408e,sampler_aef0d546,sampler,2443694,14544200.50,14701713.13,14701714.56,14701946.19,1,8,4,22.07,220,0.220,0.022,583608268,58360826,1113.14,0.44,0.00,-1,-1,0.00
dag_158e662ab43f41be,unet_denoise_b3ab8f0c,unet_denoise,1879793,14545967.57,14701946.19,14701947.62,14720664.25,1,11,10,1871.59,18715,18.715,1.872,2426325659,242632565,4627.85,0.81,0.00,-1,-1,0.00
dag_df9fc3aa30db4ac6,unet_denoise_a7d056cd,unet_denoise,955731,14546271.80,14720664.25,14720785.11,14721871.67,2,1000,16,962.88,9628,9.628,0.963,4103562010,410356201,7826.92,0.42,0.00,-1,-1,0.00
dag_58f9446bbd3d4230,sampler_2ca51ed0,sampler,2508851,14555782.92,14721871.67,14721873.12,14722555.76,1,13,14,67.19,671,0.671,0.067,444820741,44482074,848.43,0.64,0.00,-1,-1,0.00
dag_72c99ec3b9a54445,unet_denoise_7437bef1,unet_denoise,788640,14556544.98,14722555.76,14722557.22,14734305.87,1,7,2,1173.73,11737,11.737,1.174,3917362535,391736253,7471.78,0.91,0.00,-1,-1,0.00
dag_c662227e80b24669,unet_denoise_87079a36,unet_denoise,1635280,14556963.05,14734305.87,14734307.31,14740512.94,1,10,8,620.48,6204,6.204,0.620,2869099795,286909979,5472.37,0.68,0.00,-1,-1,0.00
dag_301b8aa355cf41a5,sampler_7710677a,sampler,1924705,14558225.11,14740512.94,14740514.39,14741144.05,1,12,12,61.83,618,0.618,0.062,417543400,41754340,796.40,0.71,0.00,-1,-1,0.00
dag_7da0a6ba311a4a8d,unet_denoise_caa38ffc,unet_denoise,2557185,14558505.17,14741144.05,14741145.48,14746955.10,1,11,10,579.86,5798,5.798,0.580,2641026787,264102678,5037.36,0.91,0.00,-1,-1,0.00
dag_087a3e55add54b84,unet_denoise_46151c0d,unet_denoise,2579922,14558842.19,14746955.10,14746956.53,14751000.14,1,8,4,403.26,4032,4.032,0.403,3592406121,359240612,6851.97,0.81,0.00,-1,-1,0.00
dag_0a118d4db805487c,sampler_248ed261,sampler,2597180,14574105.22,14751000.14,14751001.59,14752149.24,1,11,10,113.67,1136,1.136,0.114,443807956,44380795,846.50,0.80,0.00,-1,-1,0.00
dag_bb8425b128964146,unet_denoise_abe750bf,unet_denoise,2714901,14574602.26,14752149.24,14752150.69,14759988.34,1,12,12,782.67,7826,7.826,0.783,2357415295,235741529,4496.41,0.68,0.00,-1,-1,0.00
dag_99104302e6ae4866,unet_denoise_41c5d42a,unet_denoise,2736704,14575067.38,14759988.34,14760108.77,14761051.98,2,1000,16,820.07,8200,8.200,0.820,4134459077,413445907,7885.85,0.80,0.00,-1,-1,0.00
dag_3616f9eb4acd4cce,unet_denoise_5b562736,unet_denoise,2740620,14575608.43,14761051.98,14761053.43,14768264.09,1,13,14,719.99,7199,7.199,0.720,4054183729,405418372,7732.74,0.74,0.00,-1,-1,0.00
dag_4612b1ef61374610,unet_denoise_933fb1b1,unet_denoise,2746361,14576157.55,14768264.09,14768265.53,14776181.17,1,9,6,790.49,7904,7.904,0.790,2566575477,256657547,4895.35,0.76,0.00,-1,-1,0.00
dag_6751fb9a83ed408d,sampler_212eb9fb,sampler,1980673,14584698.68,14776181.17,14776182.59,14776579.21,1,7,2,38.59,385,0.385,0.039,441335116,44133511,841.78,0.62,0.00,-1,-1,0.00
dag_e7ccfd39016d4183,sampler_9b8afce6,sampler,2044685,14589885.70,14776579.21,14776580.67,14776869.33,1,10,8,27.79,277,0.277,0.028,498623880,49862388,951.05,0.75,0.00,-1,-1,0.00
dag_2672a5cdae594062,unet_denoise_f6f185da,unet_denoise,2065622,14590265.84,14776869.33,14776990.29,14777759.49,2,1000,16,645.31,6453,6.453,0.645,3861467487,386146748,7365.16,0.71,0.00,-1,-1,0.00
dag_daff787d847b4d66,unet_denoise_38a1e9bd,unet_denoise,2871924,14590533.87,14777759.49,14777760.91,14781679.52,1,13,14,390.75,3907,3.907,0.391,2459079665,245907966,4690.32,0.93,0.00,-1,-1,0.00
dag_45623821bc4b48ca,unet_denoise_aa6c825c,unet_denoise,2913489,14590988.93,14781679.52,14781800.47,14782759.37,2,1000,16,835.08,8350,8.350,0.835,4069163362,406916336,7761.31,0.83,0.00,-1,-1,0.00
dag_02c30d07c2df4f53,sampler_2bd3e220,sampler,2094720,14600520.98,14782759.37,14782760.79,14783379.40,1,9,6,60.73,607,0.607,0.061,620583824,62058382,1183.67,0.71,0.00,-1,-1,0.00
dag_8240779e963a41fd,sampler_f15af23b,sampler,2195145,14606464.12,14783379.40,14783380.82,14783682.42,1,7,2,29.00,290,0.290,0.029,744370227,74437022,1419.77,0.71,0.00,-1,-1,0.00
dag_046e5a04b57748db,sampler_7276598e,sampler,2207056,14614720.20,14783682.42,14783683.85,14784076.48,1,13,14,38.20,381,0.381,0.038,499866437,49986643,953.42,0.62,0.00,-1,-1,0.00
dag_0e0ca4159e544e86,sampler_9c1ff18f,sampler,2944176,14616117.88,14784076.48,14784196.80,14784386.79,2,1000,16,66.92,669,0.669,0.067,699441053,69944105,1334.08,0.57,0.00,-1,-1,0.00
dag_9c3a4b173dc84179,unet_denoise_1d14803a,unet_denoise,1024634,14616632.94,14784386.79,14784507.12,14785374.40,2,1000,16,744.25,7442,7.442,0.744,2872868176,287286817,5479.56,0.50,0.00,-1,-1,0.00
dag_c4fc9dded3924f0a,unet_denoise_05569f54,unet_denoise,832179,14616968.07,14785374.40,14785375.85,14789726.50,1,10,8,433.92,4339,4.339,0.434,3296394683,329639468,6287.37,0.87,0.00,-1,-1,0.00
dag_44a26dab89444865,sampler_01fbaf43,sampler,1234450,14623595.20,14789726.50,14789727.94,14790109.58,1,7,2,37.04,370,0.370,0.037,594193984,59419398,1133.34,0.70,0.00,-1,-1,0.00
dag_58e29ceb412c47dc,unet_denoise_a1380374,unet_denoise,1045271,14623912.26,14790109.58,14790111.02,14794231.65,1,6,0,410.98,4109,4.109,0.411,3097815806,309781580,5908.61,0.75,0.00,-1,-1,0.00
dag_3ae1fe8af2dd4c57,sampler_68b3132e,sampler,1245010,14634602.32,14794231.65,14794233.11,14794918.77,1,8,4,67.49,674,0.674,0.067,789842124,78984212,1506.50,0.52,0.00,-1,-1,0.00
dag_46cf51d5c3044117,unet_denoise_acbfa23e,unet_denoise,3003208,14635031.39,14794918.77,14794920.22,14801600.87,1,10,8,666.94,6669,6.669,0.667,3173155167,317315516,6052.31,0.46,0.00,-1,-1,0.00
dag_41ec2176cd454bc4,sampler_1c48552e,sampler,1518045,14641276.44,14801600.87,14801602.30,14802068.92,1,12,12,45.53,455,0.455,0.046,385109902,38510990,734.54,0.77,0.00,-1,-1,0.00
dag_73f06810d4f94121,unet_denoise_e0153b68,unet_denoise,1048269,14641566.49,14802068.92,14802070.37,14808880.02,1,9,6,679.84,6798,6.798,0.680,2927191672,292719167,5583.18,0.46,0.00,-1,-1,0.00
dag_66afb2b173ef46b3,unet_denoise_1a5d5651,unet_denoise,1689059,14641823.52,14808880.02,14808881.46,14812875.09,1,12,12,398.28,3982,3.982,0.398,3139795678,313979567,5988.68,0.69,0.00,-1,-1,0.00
dag_acef7e389a114bcc,unet_denoise_d1caa3ac,unet_denoise,833139,14642205.61,14812875.09,14812876.52,14818004.15,1,10,8,511.69,5116,5.116,0.512,1889130016,188913001,3603.23,0.69,0.00,-1,-1,0.00
dag_4223921a13d94f85,sampler_d57d0bad,sampler,1528507,14653109.66,14818004.15,14818005.58,14818670.21,1,10,8,66.32,663,0.663,0.066,342885461,34288546,654.00,0.84,0.00,-1,-1,0.00
dag_6c49e8f33c75421e,sampler_8e6b0e4c,sampler,2304077,14654016.31,14818670.21,14818671.65,14819188.27,1,10,8,50.55,505,0.505,0.051,441867610,44186761,842.80,0.57,0.00,-1,-1,0.00
dag_e4d333c3eab5448d,sampler_86bfc47e,sampler,1697292,14657664.36,14819188.27,14819189.72,14819509.38,1,13,14,30.89,308,0.308,0.031,390920913,39092091,745.62,0.51,0.00,-1,-1,0.00
dag_eb11baf7ee404c2f,sampler_7892e41a,sampler,1530044,14662834.48,14819509.38,14819510.82,14819831.45,1,8,4,30.98,309,0.309,0.031,472150320,47215032,900.56,0.63,0.00,-1,-1,0.00
dag_7eeaa25eb2024286,sampler_42ddef60,sampler,846479,14668965.54,14819831.45,14819832.88,14820215.52,1,11,10,37.13,371,0.371,0.037,407925363,40792536,778.06,0.89,0.00,-1,-1,0.00
dag_a7af186451ff4870,unet_denoise_68b62329,unet_denoise,1076091,14669597.62,14820215.52,14820216.95,14828944.57,1,11,10,871.67,8716,8.716,0.872,3140277306,314027730,5989.60,0.79,0.00,-1,-1,0.00
dag_c939c36c249f4616,sampler_93a09f5f,sampler,852984,14674985.68,14828944.57,14828946.00,14829266.63,1,12,12,30.92,309,0.309,0.031,331822675,33182267,632.90,0.60,0.00,-1,-1,0.00
dag_3d98a7542f9e4c06,sampler_4d3b356f,sampler,665144,14682535.76,14829266.63,14829387.59,14829544.68,2,1000,16,33.21,332,0.332,0.033,598001514,59800151,1140.60,0.71,0.00,-1,-1,0.00
dag_460c3a8ec45a455a,unet_denoise_88d6fcf5,unet_denoise,3071505,14682854.63,14829544.68,14829546.13,14840766.79,1,13,14,1120.91,11209,11.209,1.121,3027888237,302788823,5775.24,0.77,0.00,-1,-1,0.00
dag_12e6b55766fb4483,unet_denoise_7f9d7453,unet_denoise,1397302,14683150.49,14840766.79,14840768.23,14848599.88,1,12,12,782.09,7820,7.820,0.782,2452094981,245209498,4677.00,0.73,0.00,-1,-1,0.00
dag_0605d9f01775453c,unet_denoise_7e63ea8b,unet_denoise,638666,14683788.61,14848599.88,14848601.33,14858263.98,1,13,14,965.19,9651,9.651,0.965,2400112454,240011245,4577.85,0.45,0.00,-1,-1,0.00
dag_52fb11ac19314df7,sampler_ead3674f,sampler,3088750,14691638.65,14858263.98,14858265.41,14858740.04,1,6,0,46.33,463,0.463,0.046,627912405,62791240,1197.65,0.80,0.00,-1,-1,0.00
dag_1f52bd4c90834fa8,unet_denoise_e1ec5d4e,unet_denoise,360567,14691907.14,14858740.04,14858741.49,14862804.14,1,11,10,405.12,4051,4.051,0.405,2804781740,280478174,5349.70,0.93,0.00,-1,-1,0.00
dag_53ac1a8f51e34e5c,unet_denoise_f07bb504,unet_denoise,1745860,14692271.19,14862804.14,14862925.10,14863606.49,2,1000,16,557.60,5575,5.575,0.558,2741095425,274109542,5228.22,0.56,0.00,-1,-1,0.00
dag_38ec206859024673,unet_denoise_206cb3da,unet_denoise,364301,14692968.23,14863606.49,14863607.93,14874120.57,1,12,12,1050.14,10501,10.501,1.050,3007135090,300713509,5735.66,0.46,0.00,-1,-1,0.00
dag_1f23f3a4c41b4836,unet_denoise_86cdb250,unet_denoise,290674,14693281.35,14874120.57,14874241.56,14874791.90,2,1000,16,426.43,4264,4.264,0.426,2952518958,295251895,5631.48,0.45,0.00,-1,-1,0.00
dag_5d27d0b9ef574f30,unet_denoise_770fe17c,unet_denoise,445937,14693803.47,14874791.90,14874793.32,14882956.93,1,10,8,815.24,8152,8.152,0.815,2259135867,225913586,4308.96,0.94,0.00,-1,-1,0.00
dag_1225345267d447cc,unet_denoise_b0d1d345,unet_denoise,3131479,14694307.53,14882956.93,14882958.35,14888767.96,1,11,10,579.86,5798,5.798,0.580,4546381965,454638196,8671.54,0.66,0.00,-1,-1,0.00
dag_bea8b8165f864dbb,unet_denoise_25b4e35f,unet_denoise,1776489,14694856.59,14888767.96,14888888.99,14889740.37,2,1000,16,727.40,7274,7.274,0.727,4668352550,466835255,8904.18,0.48,0.00,-1,-1,0.00
dag_ad36e74386b9411c,unet_denoise_ab2b2e81,unet_denoise,311979,14694975.66,14889740.37,14889741.81,14891662.46,1,8,4,190.93,1909,1.909,0.191,2360506641,236050664,4502.31,0.46,0.00,-1,-1,0.00
dag_2ef9fa6af23a4570,unet_denoise_06daf344,unet_denoise,531091,14695462.72,14891662.46,14891663.89,14899237.51,1,13,14,756.22,7562,7.562,0.756,3700304848,370030484,7057.77,0.75,0.00,-1,-1,0.00
dag_a4eb8e47d4f34c31,unet_denoise_0b3380ab,unet_denoise,1812352,14695866.78,14899237.51,14899238.94,14905223.56,1,7,2,597.35,5973,5.973,0.597,2046804942,204680494,3903.97,0.57,0.00,-1,-1,0.00
dag_959798270e604592,unet_denoise_58500a3c,unet_denoise,3166836,14696285.84,14905223.56,14905224.99,14909613.61,1,13,14,437.74,4377,4.377,0.438,3233297436,323329743,6167.03,0.81,0.00,-1,-1,0.00
dag_7fcfd30e057e4720,sampler_3bbfb0de,sampler,2402161,14700284.95,14909613.61,14909615.06,14909894.72,1,13,14,26.81,268,0.268,0.027,296034996,29603499,564.64,0.68,0.00,-1,-1,0.00
dag_dffce61524874add,unet_denoise_099e0d42,unet_denoise,1837456,14700800.02,14909894.72,14909896.17,14918550.82,1,13,14,864.37,8643,8.643,0.864,4246650453,424665045,8099.84,0.90,0.00,-1,-1,0.00
dag_2604b14cf4864967,unet_denoise_5c0bf6f4,unet_denoise,1597098,14701713.13,14918550.82,14918552.27,14931266.93,1,7,2,1270.31,12703,12.703,1.270,1847656593,184765659,3524.13,0.87,0.00,-1,-1,0.00
dag_48ce7371571e408e,unet_denoise_9bac2f63,unet_denoise,2443694,14701946.19,14931266.93,14931268.36,14934157.98,1,6,0,287.81,2878,2.878,0.288,2877535444,287753544,5488.46,0.60,0.00,-1,-1,0.00
dag_158e662ab43f41be,sampler_cbfaeb27,sampler,1879793,14720664.25,14934157.98,14934159.42,14935552.06,1,11,10,138.17,1381,1.381,0.138,508037926,50803792,969.01,0.42,0.00,-1,-1,0.00
dag_df9fc3aa30db4ac6,sampler_2bb8e751,sampler,955731,14721871.67,14935552.06,14935553.50,14936343.14,1,9,6,77.86,778,0.778,0.078,679445854,67944585,1295.94,0.58,0.00,-1,-1,0.00
dag_58f9446bbd3d4230,unet_denoise_f5a6f590,unet_denoise,2508851,14722555.76,14936343.14,14936344.59,14945771.23,1,7,2,942.53,9425,9.425,0.943,3305415000,330541500,6304.58,0.61,0.00,-1,-1,0.00
dag_72c99ec3b9a54445,sampler_aa9b569d,sampler,788640,14734305.87,14945771.23,14945772.66,14946457.28,1,11,10,68.36,683,0.683,0.068,385956933,38595693,736.15,0.75,0.00,-1,-1,0.00
dag_c662227e80b24669,sampler_d361d50e,sampler,1635280,14740512.94,14946457.28,14946458.73,14946948.39,1,12,12,47.83,478,0.478,0.048,493780110,49378011,941.81,0.77,0.00,-1,-1,0.00
dag_301b8aa355cf41a5,unet_denoise_33181f5e,unet_denoise,1924705,14741144.05,14946948.39,14946949.84,14957317.48,1,13,14,1035.68,10356,10.356,1.036,3022754973,302275497,5765.45,0.63,0.00,-1,-1,0.00
dag_7da0a6ba311a4a8d,sampler_b40a7ce9,sampler,2557185,14746955.10,14957317.48,14957318.90,14957711.52,1,10,8,38.20,381,0.381,0.038,541765532,54176553,1033.34,0.89,0.00,-1,-1,0.00
dag_087a3e55add54b84,sampler_0d26606e,sampler,2579922,14751000.14,14957711.52,14957712.95,14958007.57,1,10,8,28.37,283,0.283,0.028,426656360,42665636,813.78,0.53,0.00,-1,-1,0.00
dag_0a118d4db805487c,unet_denoise_799a3185,unet_denoise,2597180,14752149.24,14958007.57,14958009.02,14972731.66,1,12,12,1471.16,14711,14.711,1.471,4309495104,430949510,8219.71,0.79,0.00,-1,-1,0.00
dag_bb8425b128964146,sampler_73997567,sampler,2714901,14759988.34,14972731.66,14972733.10,14973295.74,1,12,12,55.11,551,0.551,0.055,525015556,52501555,1001.39,0.86,0.00,-1,-1,0.00
dag_99104302e6ae4866,sampler_36fac178,sampler,2736704,14761051.98,14973295.74,14973297.19,14973731.85,1,11,10,42.34,423,0.423,0.042,624821888,62482188,1191.75,0.67,0.00,-1,-1,0.00
dag_3616f9eb4acd4cce,sampler_8f82c11b,sampler,2740620,14768264.09,14973731.85,14973733.30,14974325.96,1,8,4,58.16,581,0.581,0.058,626813672,62681367,1195.55,0.89,0.00,-1,-1,0.00
dag_4612b1ef61374610,sampler_aa96d95b,sampler,2746361,14776181.17,14974325.96,14974327.39,14974966.02,1,7,2,62.74,627,0.627,0.063,468653236,46865323,893.89,0.92,0.00,-1,-1,0.00
dag_6751fb9a83ed408d,unet_denoise_250c848d,unet_denoise,1980673,14776579.21,14974966.02,14975087.04,14975955.03,2,1000,16,744.05,7440,7.440,0.744,2458912826,245891282,4690.00,0.57,0.00,-1,-1,0.00
dag_e7ccfd39016d4183,unet_denoise_a3226bc3,unet_denoise,2044685,14776869.33,14975955.03,14975956.48,14979807.14,1,13,14,383.90,3839,3.839,0.384,2513911674,251391167,4794.91,0.41,0.00,-1,-1,0.00
dag_2672a5cdae594062,sampler_644d1ce6,sampler,2065622,14777759.49,14979807.14,14979808.56,14980166.19,1,8,4,34.67,346,0.346,0.035,738376440,73837644,1408.34,0.94,0.00,-1,-1,0.00
dag_daff787d847b4d66,sampler_dd8106f3,sampler,2871924,14781679.52,14980166.19,14980287.21,14980440.70,2,1000,16,29.54,295,0.295,0.030,780883167,78088316,1489.42,0.67,0.00,-1,-1,0.00
dag_45623821bc4b48ca,sampler_9200b554,sampler,2913489,14782759.37,14980440.70,14980442.14,14980937.78,1,10,8,48.49,484,0.484,0.048,266023687,26602368,507.40,0.62,0.00,-1,-1,0.00
dag_02c30d07c2df4f53,unet_denoise_7524f3b8,unet_denoise,2094720,14783379.40,14980937.78,14980939.23,14990851.86,1,6,0,990.10,9901,9.901,0.990,2447602545,244760254,4668.43,0.73,0.00,-1,-1,0.00
dag_8240779e963a41fd,unet_denoise_d58b5ab0,unet_denoise,2195145,14783682.42,14990851.86,14990853.30,14997274.94,1,7,2,642.03,6420,6.420,0.642,4486532283,448653228,8557.38,0.89,0.00,-1,-1,0.00
dag_046e5a04b57748db,unet_denoise_37e21a53,unet_denoise,2207056,14784076.48,14997274.94,14997276.37,15004234.99,1,11,10,695.73,6957,6.957,0.696,2796510659,279651065,5333.92,0.76,0.00,-1,-1,0.00
dag_0e0ca4159e544e86,unet_denoise_fc49e330,unet_denoise,2944176,14784386.79,15004234.99,15004236.43,15014081.07,1,9,6,983.30,9833,9.833,0.983,2386851203,238685120,4552.56,0.66,0.00,-1,-1,0.00
dag_9c3a4b173dc84179,sampler_ca36a733,sampler,1024634,14785374.40,15014081.07,15014201.86,15014368.14,2,1000,16,42.66,426,0.426,0.043,366247173,36624717,698.56,0.49,0.00,-1,-1,0.00
dag_c4fc9dded3924f0a,sampler_009fe767,sampler,832179,14789726.50,15014368.14,15014369.58,15014725.22,1,10,8,35.46,354,0.354,0.035,587522205,58752220,1120.61,0.95,0.00,-1,-1,0.00
dag_44a26dab89444865,unet_denoise_ffe1790d,unet_denoise,1234450,14790109.58,15014725.22,15014726.64,15021057.25,1,6,0,631.92,6319,6.319,0.632,4080307201,408030720,7782.57,0.59,0.00,-1,-1,0.00
dag_58e29ceb412c47dc,sampler_8d743fc7,sampler,1045271,14794231.65,15021057.25,15021058.67,15021381.28,1,10,8,31.13,311,0.311,0.031,661484511,66148451,1261.68,0.64,0.00,-1,-1,0.00
dag_3ae1fe8af2dd4c57,unet_denoise_38c27f5a,unet_denoise,1245010,14794918.77,15021381.28,15021382.72,15031933.36,1,6,0,1053.95,10539,10.539,1.054,2254191777,225419177,4299.53,0.46,0.00,-1,-1,0.00
dag_46cf51d5c3044117,sampler_5649d240,sampler,3003208,14801600.87,15031933.36,15032054.32,15032219.42,2,1000,16,41.29,412,0.412,0.041,416089435,41608943,793.63,0.79,0.00,-1,-1,0.00
dag_41ec2176cd454bc4,unet_denoise_a8833f25,unet_denoise,1518045,14802068.92,15032219.42,15032220.84,15038574.45,1,12,12,634.23,6342,6.342,0.634,3438645024,343864502,6558.69,0.81,0.00,-1,-1,0.00
dag_73f06810d4f94121,sampler_8d53860c,sampler,1048269,14808880.02,15038574.45,15038575.88,15039086.50,1,7,2,49.91,499,0.499,0.050,852793589,85279358,1626.57,0.45,0.00,-1,-1,0.00
dag_66afb2b173ef46b3,sampler_31512aaa,sampler,1689059,14812875.09,15039086.50,15039087.94,15039347.57,1,7,2,24.81,248,0.248,0.025,293902018,29390201,560.57,0.47,0.00,-1,-1,0.00
dag_acef7e389a114bcc,sampler_2ee5146f,sampler,833139,14818004.15,15039347.57,15039349.01,15039758.66,1,12,12,39.87,398,0.398,0.040,457782170,45778217,873.15,0.48,0.00,-1,-1,0.00
dag_4223921a13d94f85,unet_denoise_d5efe38b,unet_denoise,1528507,14818670.21,15039758.66,15039760.11,15052473.76,1,6,0,1271.29,12712,12.712,1.271,3614899729,361489972,6894.87,0.65,0.00,-1,-1,0.00
dag_6c49e8f33c75421e,unet_denoise_40b63ffc,unet_denoise,2304077,14819188.27,15052473.76,15052475.18,15059396.79,1,11,10,691.09,6910,6.910,0.691,4561068993,456106899,8699.55,0.55,0.00,-1,-1,0.00
dag_e4d333c3eab5448d,unet_denoise_4e29b8fe,unet_denoise,1697292,14819509.38,15059396.79,15059398.23,15063065.87,1,7,2,366.61,3666,3.666,0.367,2683811184,268381118,5118.96,0.60,0.00,-1,-1,0.00
dag_eb11baf7ee404c2f,unet_denoise_f86aff5d,unet_denoise,1530044,14819831.45,15063065.87,15063067.30,15067712.92,1,11,10,463.43,4634,4.634,0.463,3125249898,312524989,5960.94,0.92,0.00,-1,-1,0.00
dag_7eeaa25eb2024286,unet_denoise_115ef000,unet_denoise,846479,14820215.52,15067712.92,15067833.48,15068464.96,2,1000,16,508.16,5081,5.081,0.508,3662679630,366267963,6986.01,0.45,0.00,-1,-1,0.00
dag_a7af186451ff4870,sampler_b317257f,sampler,1076091,14828944.57,15068464.96,15068466.40,15069066.04,1,10,8,58.80,588,0.588,0.059,383468428,38346842,731.41,0.44,0.00,-1,-1,0.00
dag_c939c36c249f4616,unet_denoise_305cae4b,unet_denoise,852984,14829266.63,15069066.04,15069067.48,15074671.12,1,13,14,559.28,5592,5.592,0.559,4343437069,434343706,8284.45,0.40,0.00,-1,-1,0.00
dag_3d98a7542f9e4c06,unet_denoise_3772ee4b,unet_denoise,665144,14829544.68,15074671.12,15074672.56,15082565.19,1,6,0,788.13,7881,7.881,0.788,3460439785,346043978,6600.27,0.68,0.00,-1,-1,0.00
dag_460c3a8ec45a455a,sampler_644c3313,sampler,3071505,14840766.79,15082565.19,15082566.63,15083354.26,1,11,10,77.65,776,0.776,0.078,499351636,49935163,952.44,0.88,0.00,-1,-1,0.00
dag_12e6b55766fb4483,sampler_507b193a,sampler,1397302,14848599.88,15083354.26,15083355.72,15083860.38,1,9,6,49.31,493,0.493,0.049,726167533,72616753,1385.05,0.92,0.00,-1,-1,0.00
dag_0605d9f01775453c,sampler_effae562,sampler,638666,14858263.98,15083860.38,15083861.83,15084470.49,1,6,0,60.71,607,0.607,0.061,409912102,40991210,781.85,0.81,0.00,-1,-1,0.00
dag_52fb11ac19314df7,unet_denoise_25781d98,unet_denoise,3088750,14858740.04,15084470.49,15084471.93,15092693.57,1,7,2,821.09,8210,8.210,0.821,4056091671,405609167,7736.38,0.86,0.00,-1,-1,0.00
dag_1f52bd4c90834fa8,sampler_23a0ee6b,sampler,360567,14862804.14,15092693.57,15092695.02,15092925.68,1,8,4,21.93,219,0.219,0.022,407095327,40709532,776.47,0.78,0.00,-1,-1,0.00
dag_53ac1a8f51e34e5c,sampler_ed29d992,sampler,1745860,14863606.49,15092925.68,15092927.10,15093320.72,1,7,2,38.24,382,0.382,0.038,627772745,62777274,1197.38,0.44,0.00,-1,-1,0.00
dag_38ec206859024673,sampler_5ddb1620,sampler,364301,14874120.57,15093320.72,15093322.17,15094169.83,1,7,2,83.68,836,0.836,0.084,780646759,78064675,1488.97,0.50,0.00,-1,-1,0.00
dag_1f23f3a4c41b4836,sampler_9f76d857,sampler,290674,14874791.90,15094169.83,15094171.28,15094479.92,1,11,10,29.75,297,0.297,0.030,722097392,72209739,1377.29,0.46,0.00,-1,-1,0.00
dag_5d27d0b9ef574f30,sampler_5379c1d0,sampler,445937,14882956.93,15094479.92,15094481.36,15094998.00,1,7,2,50.60,505,0.505,0.051,409477064,40947706,781.02,0.40,0.00,-1,-1,0.00
dag_1225345267d447cc,sampler_f5bcc469,sampler,3131479,14888767.96,15094998.00,15094999.44,15095459.08,1,10,8,45.86,458,0.458,0.046,561763523,56176352,1071.48,0.68,0.00,-1,-1,0.00
dag_bea8b8165f864dbb,sampler_e3d17ecf,sampler,1776489,14889740.37,15095459.08,15095460.50,15096113.10,1,11,10,64.11,641,0.641,0.064,635813923,63581392,1212.72,0.93,0.00,-1,-1,0.00
dag_ad36e74386b9411c,sampler_1cf89af8,sampler,311979,14891662.46,15096113.10,15096114.54,15096237.17,1,11,10,11.13,111,0.111,0.011,612863238,61286323,1168.94,0.62,0.00,-1,-1,0.00
dag_2ef9fa6af23a4570,sampler_48102526,sampler,531091,14899237.51,15096237.17,15096238.61,15096895.26,1,13,14,64.59,645,0.645,0.065,409029838,40902983,780.16,0.81,0.00,-1,-1,0.00
dag_a4eb8e47d4f34c31,sampler_08932e33,sampler,1812352,14905223.56,15096895.26,15096896.70,15097219.35,1,6,0,31.11,311,0.311,0.031,531882493,53188249,1014.49,0.56,0.00,-1,-1,0.00
dag_959798270e604592,sampler_594fbabd,sampler,3166836,14909613.61,15097219.35,15097220.79,15097655.43,1,11,10,42.32,423,0.423,0.042,851638573,85163857,1624.37,0.85,0.00,-1,-1,0.00
dag_7fcfd30e057e4720,unet_denoise_ded910fe,unet_denoise,2402161,14909894.72,15097655.43,15097656.88,15101761.52,1,8,4,409.39,4093,4.093,0.409,2667298438,266729843,5087.47,0.81,0.00,-1,-1,0.00
dag_dffce61524874add,sampler_a85f1cd9,sampler,1837456,14918550.82,15101761.52,15101882.31,15102068.99,2,1000,16,63.05,630,0.630,0.063,457741544,45774154,873.07,0.90,0.00,-1,-1,0.00
dag_2604b14cf4864967,sampler_8e90cfe3,sampler,1597098,14931266.93,15102068.99,15102070.43,15102918.07,1,6,0,83.69,836,0.836,0.084,516512831,51651283,985.17,0.55,0.00,-1,-1,0.00
dag_48ce7371571e408e,sampler_ca06d751,sampler,2443694,14934157.98,15102918.07,15102919.51,15103097.14,1,6,0,16.65,166,0.166,0.017,376551653,37655165,718.22,0.74,0.00,-1,-1,0.00
dag_158e662ab43f41be,unet_denoise_4b5be15e,unet_denoise,1879793,14935552.06,15103097.14,15103098.58,15126968.21,1,9,6,2385.83,23858,23.858,2.386,2639996679,263999667,5035.39,0.43,0.00,-1,-1,0.00
dag_df9fc3aa30db4ac6,unet_denoise_13bab49d,unet_denoise,955731,14936343.14,15126968.21,15127088.90,15128189.35,2,1000,16,976.93,9769,9.769,0.977,3477172529,347717252,6632.18,0.69,0.00,-1,-1,0.00
dag_58f9446bbd3d4230,sampler_f774d48d,sampler,2508851,14945771.23,15128189.35,15128190.79,15128839.42,1,11,10,63.72,637,0.637,0.064,604421183,60442118,1152.84,0.69,0.00,-1,-1,0.00
dag_72c99ec3b9a54445,unet_denoise_321ee41c,unet_denoise,788640,14946457.28,15128839.42,15128840.86,15140768.50,1,11,10,1191.65,11916,11.916,1.192,3119202997,311920299,5949.41,0.90,0.00,-1,-1,0.00
dag_c662227e80b24669,unet_denoise_be7c561b,unet_denoise,1635280,14946948.39,15140768.50,15140769.95,15146067.59,1,6,0,528.65,5286,5.286,0.529,3849046916,384904691,7341.47,0.82,0.00,-1,-1,0.00
dag_301b8aa355cf41a5,sampler_54ad40a9,sampler,1924705,14957317.48,15146067.59,15146069.03,15146764.67,1,9,6,68.44,684,0.684,0.068,625227854,62522785,1192.53,0.42,0.00,-1,-1,0.00
dag_7da0a6ba311a4a8d,unet_denoise_fe45ae93,unet_denoise,2557185,14957711.52,15146764.67,15146766.11,15152143.76,1,11,10,536.66,5366,5.366,0.537,2941438112,294143811,5610.35,0.71,0.00,-1,-1,0.00
dag_087a3e55add54b84,unet_denoise_2477ca94,unet_denoise,2579922,14958007.57,15152143.76,15152145.18,15156888.80,1,13,14,473.24,4732,4.732,0.473,2379274275,237927427,4538.11,0.84,0.00,-1,-1,0.00
dag_0a118d4db805487c,sampler_80103784,sampler,2597180,14972731.66,15156888.80,15157009.89,15157255.47,2,1000,16,121.57,1215,1.215,0.122,763469600,76346960,1456.20,0.57,0.00,-1,-1,0.00
dag_bb8425b128964146,unet_denoise_32ca0f5b,unet_denoise,2714901,14973295.74,15157255.47,15157256.91,15164820.54,1,11,10,755.30,7552,7.552,0.755,3727690487,372769048,7110.01,0.47,0.00,-1,-1,0.00
dag_99104302e6ae4866,unet_denoise_261b031e,unet_denoise,2736704,14973731.85,15164820.54,15164941.33,15165672.01,2,1000,16,607.07,6070,6.070,0.607,2790307368,279030736,5322.09,0.69,0.00,-1,-1,0.00
dag_3616f9eb4acd4cce,unet_denoise_01e2b55c,unet_denoise,2740620,14974325.96,15165672.01,15165673.45,15173751.09,1,12,12,806.70,8066,8.066,0.807,3096085675,309608567,5905.31,0.71,0.00,-1,-1,0.00
dag_4612b1ef61374610,unet_denoise_6b56d21d,unet_denoise,2746361,14974966.02,15173751.09,15173752.53,15183390.16,1,9,6,962.70,9626,9.626,0.963,2158266217,215826621,4116.57,0.68,0.00,-1,-1,0.00
dag_6751fb9a83ed408d,sampler_b598df15,sampler,1980673,14975955.03,15183390.16,15183391.62,15183898.28,1,8,4,49.56,495,0.495,0.050,454064816,45406481,866.06,0.77,0.00,-1,-1,0.00
dag_e7ccfd39016d4183,sampler_b1c208a9,sampler,2044685,14979807.14,15183898.28,15183899.70,15184160.32,1,11,10,24.98,249,0.249,0.025,458292090,45829209,874.12,0.87,0.00,-1,-1,0.00
dag_2672a5cdae594062,unet_denoise_89dd9758,unet_denoise,2065622,14980166.19,15184160.32,15184161.78,15189404.44,1,9,6,523.13,5231,5.231,0.523,3376942924,337694292,6441.01,0.93,0.00,-1,-1,0.00
dag_daff787d847b4d66,unet_denoise_faff2769,unet_denoise,2871924,14980440.70,15189404.44,15189405.89,15192674.55,1,11,10,325.70,3257,3.257,0.326,3623426058,362342605,6911.14,0.76,0.00,-1,-1,0.00
dag_45623821bc4b48ca,unet_denoise_24f0fbea,unet_denoise,2913489,14980937.78,15192674.55,15192676.01,15199156.66,1,10,8,646.99,6469,6.469,0.647,2678334892,267833489,5108.52,0.55,0.00,-1,-1,0.00
dag_02c30d07c2df4f53,sampler_a1589dab,sampler,2094720,14990851.86,15199156.66,15199158.10,15199735.74,1,8,4,56.66,566,0.566,0.057,474986320,47498632,905.96,0.70,0.00,-1,-1,0.00
dag_8240779e963a41fd,sampler_49840c6d,sampler,2195145,14997274.94,15199735.74,15199737.18,15200174.82,1,7,2,42.69,426,0.426,0.043,583875842,58387584,1113.65,0.81,0.00,-1,-1,0.00
dag_046e5a04b57748db,sampler_52ef2fa3,sampler,2207056,15004234.99,15200174.82,15200176.28,15200700.93,1,7,2,51.38,513,0.513,0.051,527526339,52752633,1006.18,0.76,0.00,-1,-1,0.00
dag_0e0ca4159e544e86,sampler_2a6f4994,sampler,2944176,15014081.07,15200700.93,15200702.37,15201314.01,1,7,2,60.05,600,0.600,0.060,422268021,42226802,805.41,0.49,0.00,-1,-1,0.00
dag_9c3a4b173dc84179,unet_denoise_154350d8,unet_denoise,1024634,15014368.14,15201314.01,15201315.45,15208782.09,1,8,4,746.51,7465,7.465,0.747,3037548686,303754868,5793.66,0.89,0.00,-1,-1,0.00
dag_c4fc9dded3924f0a,unet_denoise_2899cb93,unet_denoise,832179,15014725.22,15208782.09,15208783.53,15213430.17,1,7,2,463.51,4635,4.635,0.464,4211279123,421127912,8032.38,0.86,0.00,-1,-1,0.00
dag_44a26dab89444865,sampler_4af2d079,sampler,1234450,15021057.25,15213430.17,15213550.92,15213713.56,2,1000,16,39.04,390,0.390,0.039,517525073,51752507,987.10,0.56,0.00,-1,-1,0.00
dag_58e29ceb412c47dc,unet_denoise_87154d3b,unet_denoise,1045271,15021381.28,15213713.56,15213714.98,15218567.59,1,8,4,484.20,4841,4.841,0.484,2369039032,236903903,4518.58,0.42,0.00,-1,-1,0.00
dag_3ae1fe8af2dd4c57,sampler_4581f51c,sampler,1245010,15031933.36,15218567.59,15218569.05,15219187.70,1,12,12,60.78,607,0.607,0.061,411460947,41146094,784.80,0.84,0.00,-1,-1,0.00
dag_46cf51d5c3044117,unet_denoise_8b42309e,unet_denoise,3003208,15032219.42,15219187.70,15219308.19,15220124.99,2,1000,16,693.59,6935,6.935,0.694,3202251923,320225192,6107.81,0.53,0.00,-1,-1,0.00
dag_41ec2176cd454bc4,sampler_019b40e1,sampler,1518045,15038574.45,15220124.99,15220126.44,15220550.09,1,7,2,41.26,412,0.412,0.041,494482561,49448256,943.15,0.47,0.00,-1,-1,0.00
dag_73f06810d4f94121,unet_denoise_9d7a6b25,unet_denoise,1048269,15039086.50,15220550.09,15220551.55,15228503.20,1,12,12,794.02,7940,7.940,0.794,2361470543,236147054,4504.15,0.41,0.00,-1,-1,0.00
dag_66afb2b173ef46b3,unet_denoise_700a9519,unet_denoise,1689059,15039347.57,15228503.20,15228623.96,15229129.39,2,1000,16,381.80,3818,3.818,0.382,3867672463,386767246,7377.00,0.79,0.00,-1,-1,0.00
dag_acef7e389a114bcc,unet_denoise_4d904e75,unet_denoise,833139,15039758.66,15229129.39,15229130.84,15234492.47,1,13,14,535.09,5350,5.350,0.535,3060579498,306057949,5837.59,0.76,0.00,-1,-1,0.00
dag_4223921a13d94f85,sampler_be4cd118,sampler,1528507,15052473.76,15234492.47,15234493.92,15235273.55,1,12,12,76.87,768,0.768,0.077,401701327,40170132,766.18,0.82,0.00,-1,-1,0.00
dag_6c49e8f33c75421e,sampler_9205ab7b,sampler,2304077,15059396.79,15235273.55,15235274.98,15235713.60,1,10,8,42.73,427,0.427,0.043,731403414,73140341,1395.04,0.91,0.00,-1,-1,0.00
dag_e4d333c3eab5448d,sampler_3f9d8ad8,sampler,1697292,15063065.87,15235713.60,15235715.04,15235993.69,1,12,12,26.77,267,0.267,0.027,306492633,30649263,584.59,0.57,0.00,-1,-1,0.00
dag_eb11baf7ee404c2f,sampler_156b3181,sampler,1530044,15067712.92,15235993.69,15235995.13,15236326.77,1,8,4,33.02,330,0.330,0.033,526209655,52620965,1003.67,0.71,0.00,-1,-1,0.00
dag_7eeaa25eb2024286,sampler_05525efe,sampler,846479,15068464.96,15236326.77,15236328.22,15236650.88,1,7,2,31.19,311,0.311,0.031,464433290,46443329,885.84,0.47,0.00,-1,-1,0.00
dag_a7af186451ff4870,unet_denoise_4b099e1b,unet_denoise,1076091,15069066.04,15236650.88,15236771.67,15237755.64,2,1000,16,860.38,8603,8.603,0.860,4015401324,401540132,7658.77,0.48,0.00,-1,-1,0.00
dag_c939c36c249f4616,sampler_da510bfa,sampler,852984,15074671.12,15237755.64,15237757.09,15238031.75,1,10,8,26.35,263,0.263,0.026,489894218,48989421,934.40,0.49,0.00,-1,-1,0.00
dag_3d98a7542f9e4c06,sampler_7371964a,sampler,665144,15082565.19,15238031.75,15238152.44,15238319.78,2,1000,16,43.82,438,0.438,0.044,564953201,56495320,1077.56,0.55,0.00,-1,-1,0.00
dag_460c3a8ec45a455a,unet_denoise_0a467dc9,unet_denoise,3071505,15083354.26,15238319.78,15238321.24,15250443.89,1,11,10,1211.13,12111,12.111,1.211,2898115520,289811552,5527.72,0.92,0.00,-1,-1,0.00
dag_12e6b55766fb4483,unet_denoise_0794c779,unet_denoise,1397302,15083860.38,15250443.89,15250564.88,15251622.92,2,1000,16,934.16,9341,9.341,0.934,2480408411,248040841,4731.00,0.93,0.00,-1,-1,0.00
dag_0605d9f01775453c,unet_denoise_af98cd45,unet_denoise,638666,15084470.49,15251622.92,15251624.37,15262451.03,1,6,0,1082.57,10825,10.825,1.083,2014900100,201490010,3843.12,0.41,0.00,-1,-1,0.00
dag_52fb11ac19314df7,sampler_570e91ba,sampler,3088750,15092693.57,15262451.03,15262452.48,15262868.14,1,6,0,41.46,414,0.414,0.041,649178995,64917899,1238.21,0.46,0.00,-1,-1,0.00
dag_1f52bd4c90834fa8,unet_denoise_04096522,unet_denoise,360567,15092925.68,15262868.14,15262869.56,15266169.17,1,10,8,328.86,3288,3.288,0.329,2505909656,250590965,4779.64,0.43,0.00,-1,-1,0.00
dag_53ac1a8f51e34e5c,unet_denoise_dd14b3d1,unet_denoise,1745860,15093320.72,15266169.17,15266170.60,15271067.21,1,10,8,488.52,4885,4.885,0.489,3203916099,320391609,6110.98,0.56,0.00,-1,-1,0.00
dag_38ec206859024673,unet_denoise_660e3aee,unet_denoise,364301,15094169.83,15271067.21,15271068.66,15281804.32,1,11,10,1072.48,10724,10.724,1.072,2508553939,250855393,4784.69,0.81,0.00,-1,-1,0.00
dag_1f23f3a4c41b4836,vae_decode_c64d3599,vae_decode,290674,15094479.92,15281804.32,15281925.08,15282893.21,2,1000,16,844.54,8445,8.445,0.845,1318044717,131804471,2513.97,0.74,0.00,-1,-1,0.00
dag_5d27d0b9ef574f30,unet_denoise_a812ef71,unet_denoise,445937,15094998.00,15282893.21,15282894.65,15290358.28,1,8,4,745.21,7452,7.452,0.745,3384398524,338439852,6455.23,0.47,0.00,-1,-1,0.00
dag_1225345267d447cc,unet_denoise_6260b392,unet_denoise,3131479,15095459.08,15290358.28,15290359.71,15299504.34,1,13,14,913.33,9133,9.133,0.913,2303951466,230395146,4394.44,0.85,0.00,-1,-1,0.00
dag_bea8b8165f864dbb,unet_denoise_4465b14c,unet_denoise,1776489,15096113.10,15299504.34,15299505.79,15309678.43,1,11,10,1016.17,10161,10.161,1.016,1976421967,197642196,3769.73,0.69,0.00,-1,-1,0.00
dag_ad36e74386b9411c,vae_decode_8ef898c5,vae_decode,311979,15096237.17,15309678.43,15309679.85,15318985.47,1,6,0,929.48,9294,9.294,0.929,1734153997,173415399,3307.64,0.85,0.00,-1,-1,0.00
dag_2ef9fa6af23a4570,unet_denoise_86d89a2f,unet_denoise,531091,15096895.26,15318985.47,15318986.90,15327346.54,1,13,14,834.90,8348,8.348,0.835,3173064988,317306498,6052.14,0.61,0.00,-1,-1,0.00
dag_959798270e604592,unet_denoise_5681ed26,unet_denoise,3166836,15097655.43,15332561.99,15332563.44,15338629.09,1,12,12,605.40,6054,6.054,0.605,4101151129,410115112,7822.33,0.62,0.00,-1,-1,0.00
dag_7fcfd30e057e4720,sampler_8371006d,sampler,2402161,15101761.52,15338629.09,15338750.01,15338901.46,2,1000,16,27.61,276,0.276,0.028,424317679,42431767,809.32,0.62,0.00,-1,-1,0.00
dag_dffce61524874add,unet_denoise_19ad180e,unet_denoise,1837456,15102068.99,15338901.46,15338902.90,15348918.53,1,13,14,1000.42,10004,10.004,1.000,1566093797,156609379,2987.09,0.76,0.00,-1,-1,0.00
dag_2604b14cf4864967,unet_denoise_26191a47,unet_denoise,1597098,15102918.07,15348918.53,15348919.98,15361459.63,1,8,4,1252.90,12528,12.528,1.253,3996759530,399675953,7623.21,0.85,0.00,-1,-1,0.00
dag_48ce7371571e408e,unet_denoise_60e18a94,unet_denoise,2443694,15103097.14,15361459.63,15361461.08,15364408.73,1,10,8,293.66,2936,2.936,0.294,4173770229,417377022,7960.83,0.68,0.00,-1,-1,0.00
dag_158e662ab43f41be,sampler_90a46e64,sampler,1879793,15126968.21,15364408.73,15364410.17,15365848.80,1,11,10,142.77,1427,1.427,0.143,410290777,41029077,782.57,0.76,0.00,-1,-1,0.00
dag_df9fc3aa30db4ac6,sampler_e1fd400c,sampler,955731,15128189.35,15365848.80,15365850.23,15366482.85,1,6,0,62.18,621,0.621,0.062,757302649,75730264,1444.44,0.52,0.00,-1,-1,0.00
dag_58f9446bbd3d4230,unet_denoise_c0fe4675,unet_denoise,2508851,15128839.42,15366482.85,15366484.28,15375168.92,1,11,10,867.38,8673,8.673,0.867,3452881374,345288137,6585.85,0.82,0.00,-1,-1,0.00
dag_72c99ec3b9a54445,sampler_6b1ca729,sampler,788640,15140768.50,15375168.92,15375289.84,15375481.80,2,1000,16,68.14,681,0.681,0.068,500057941,50005794,953.78,0.73,0.00,-1,-1,0.00
dag_c662227e80b24669,sampler_f8c98939,sampler,1635280,15146067.59,15375481.80,15375602.25,15375772.70,2,1000,16,47.25,472,0.472,0.047,592387409,59238740,1129.89,0.91,0.00,-1,-1,0.00
dag_301b8aa355cf41a5,unet_denoise_4c415c85,unet_denoise,1924705,15146764.67,15375772.70,15375893.29,15377080.11,2,1000,16,1063.43,10634,10.634,1.063,4240878180,424087818,8088.83,0.46,0.00,-1,-1,0.00
dag_7da0a6ba311a4a8d,sampler_e8112956,sampler,2557185,15152143.76,15377080.11,15377200.57,15377361.42,2,1000,16,37.65,376,0.376,0.038,658015533,65801553,1255.07,0.80,0.00,-1,-1,0.00
dag_087a3e55add54b84,sampler_aa9e468c,sampler,2579922,15156888.80,15377361.42,15377362.86,15377707.49,1,6,0,33.39,333,0.333,0.033,741506691,74150669,1414.31,0.46,0.00,-1,-1,0.00
dag_0a118d4db805487c,unet_denoise_f77a0e62,unet_denoise,2597180,15157255.47,15377707.49,15377708.92,15391779.54,1,6,0,1405.99,14059,14.059,1.406,3253167701,325316770,6204.92,0.78,0.00,-1,-1,0.00
dag_bb8425b128964146,sampler_b658a8c0,sampler,2714901,15164820.54,15391779.54,15391900.57,15392074.15,2,1000,16,49.61,496,0.496,0.050,338557904,33855790,645.75,0.56,0.00,-1,-1,0.00
dag_99104302e6ae4866,sampler_9b1af0d0,sampler,2736704,15165672.01,15392074.15,15392075.61,15392513.26,1,9,6,42.61,426,0.426,0.043,780267287,78026728,1488.24,0.57,0.00,-1,-1,0.00
dag_3616f9eb4acd4cce,sampler_30af3153,sampler,2740620,15173751.09,15392513.26,15392634.22,15392811.22,2,1000,16,53.15,531,0.531,0.053,562488073,56248807,1072.86,0.69,0.00,-1,-1,0.00
dag_4612b1ef61374610,sampler_963d3348,sampler,2746361,15183390.16,15392811.22,15392812.65,15393542.28,1,11,10,71.88,718,0.718,0.072,363796138,36379613,693.89,0.74,0.00,-1,-1,0.00
dag_6751fb9a83ed408d,unet_denoise_3ff016c6,unet_denoise,1980673,15183898.28,15393542.28,15393543.73,15401701.39,1,7,2,815.61,8156,8.156,0.816,2774154354,277415435,5291.28,0.86,0.00,-1,-1,0.00
dag_e7ccfd39016d4183,unet_denoise_41ae5a4c,unet_denoise,2044685,15184160.32,15401701.39,15401702.82,15405585.46,1,10,8,387.15,3871,3.871,0.387,3319676863,331967686,6331.78,0.80,0.00,-1,-1,0.00
dag_2672a5cdae594062,sampler_6beed4a7,sampler,2065622,15189404.44,15405585.46,15405586.90,15405949.53,1,10,8,36.20,361,0.361,0.036,581674633,58167463,1109.46,0.62,0.00,-1,-1,0.00
dag_daff787d847b4d66,sampler_9b488bf1,sampler,2871924,15192674.55,15405949.53,15405950.97,15406181.61,1,8,4,22.92,229,0.229,0.023,298881518,29888151,570.07,0.56,0.00,-1,-1,0.00
dag_45623821bc4b48ca,sampler_a0a09c05,sampler,2913489,15199156.66,15406181.61,15406302.37,15406474.10,2,1000,16,48.14,481,0.481,0.048,468562173,46856217,893.71,0.52,0.00,-1,-1,0.00
dag_02c30d07c2df4f53,unet_denoise_daa0472c,unet_denoise,2094720,15199735.74,15406474.10,15406475.54,15414992.18,1,8,4,851.59,8515,8.515,0.852,2359034008,235903400,4499.50,0.66,0.00,-1,-1,0.00
dag_8240779e963a41fd,unet_denoise_627d97ca,unet_denoise,2195145,15200174.82,15414992.18,15414993.63,15420840.28,1,7,2,584.59,5845,5.845,0.585,4190239647,419023964,7992.25,0.95,0.00,-1,-1,0.00
dag_0e0ca4159e544e86,unet_denoise_de830fab,unet_denoise,2944176,15201314.01,15427833.73,15427835.18,15436630.83,1,11,10,878.48,8784,8.784,0.878,3702664351,370266435,7062.27,0.42,0.00,-1,-1,0.00
dag_9c3a4b173dc84179,sampler_a4cc47f3,sampler,1024634,15208782.09,15436630.83,15436632.25,15437137.87,1,11,10,49.46,494,0.494,0.049,502799179,50279917,959.01,0.41,0.00,-1,-1,0.00
dag_c4fc9dded3924f0a,sampler_d9987cbe,sampler,832179,15213430.17,15437137.87,15437139.29,15437463.91,1,13,14,31.31,313,0.313,0.031,640317194,64031719,1221.31,0.75,0.00,-1,-1,0.00
dag_44a26dab89444865,unet_denoise_daaeb742,unet_denoise,1234450,15213713.56,15437463.91,15437465.34,15443778.96,1,10,8,630.21,6302,6.302,0.630,3176189153,317618915,6058.10,0.42,0.00,-1,-1,0.00
dag_58e29ceb412c47dc,sampler_5dab81f3,sampler,1045271,15218567.59,15443778.96,15443780.38,15444102.00,1,12,12,31.06,310,0.310,0.031,434565757,43456575,828.87,0.57,0.00,-1,-1,0.00
dag_3ae1fe8af2dd4c57,unet_denoise_34dc13d9,unet_denoise,1245010,15219187.70,15444102.00,15444103.42,15455048.03,1,12,12,1093.36,10933,10.933,1.093,4970731389,497073138,9480.92,0.41,0.00,-1,-1,0.00
dag_46cf51d5c3044117,sampler_44380c89,sampler,3003208,15220124.99,15455048.03,15455168.69,15455337.39,2,1000,16,45.27,452,0.452,0.045,421991425,42199142,804.88,0.60,0.00,-1,-1,0.00
dag_41ec2176cd454bc4,unet_denoise_db3a1eda,unet_denoise,1518045,15220550.09,15455337.39,15455338.84,15462005.49,1,7,2,666.59,6665,6.665,0.667,2234541602,223454160,4262.05,0.45,0.00,-1,-1,0.00
dag_73f06810d4f94121,sampler_f424c990,sampler,1048269,15228503.20,15462005.49,15462126.41,15462303.86,2,1000,16,53.62,536,0.536,0.054,654345263,65434526,1248.06,0.74,0.00,-1,-1,0.00
dag_66afb2b173ef46b3,sampler_e3413767,sampler,1689059,15229129.39,15462303.86,15462424.86,15462573.00,2,1000,16,24.23,242,0.242,0.024,417972305,41797230,797.22,0.66,0.00,-1,-1,0.00
dag_acef7e389a114bcc,sampler_3e6c75c7,sampler,833139,15234492.47,15462573.00,15462574.43,15462970.07,1,12,12,38.40,384,0.384,0.038,708617149,70861714,1351.58,0.93,0.00,-1,-1,0.00
dag_4223921a13d94f85,unet_denoise_40671f93,unet_denoise,1528507,15235273.55,15462970.07,15463090.79,15464213.48,2,1000,16,999.14,9991,9.991,0.999,3835459168,383545916,7315.56,0.73,0.00,-1,-1,0.00
dag_6c49e8f33c75421e,unet_denoise_7f0619e4,unet_denoise,2304077,15235713.60,15464213.48,15464214.91,15471635.54,1,11,10,740.94,7409,7.409,0.741,2597378742,259737874,4954.11,0.89,0.00,-1,-1,0.00
dag_e4d333c3eab5448d,unet_denoise_f1ac1a0d,unet_denoise,1697292,15235993.69,15471635.54,15471636.99,15476255.64,1,13,14,460.75,4607,4.607,0.461,3625638343,362563834,6915.36,0.44,0.00,-1,-1,0.00
dag_eb11baf7ee404c2f,unet_denoise_77656cf5,unet_denoise,1530044,15236326.77,15476255.64,15476257.09,15479950.74,1,12,12,368.23,3682,3.682,0.368,3718110139,371811013,7091.73,0.76,0.00,-1,-1,0.00
dag_7eeaa25eb2024286,unet_denoise_c9985a9b,unet_denoise,846479,15236650.88,15479950.74,15480071.10,15480674.43,2,1000,16,480.25,4802,4.802,0.480,3035209151,303520915,5789.20,0.71,0.00,-1,-1,0.00
dag_a7af186451ff4870,sampler_118b9706,sampler,1076091,15237755.64,15480674.43,15480675.88,15481453.53,1,7,2,77.64,776,0.776,0.078,415153412,41515341,791.84,0.84,0.00,-1,-1,0.00
dag_c939c36c249f4616,unet_denoise_49ee1c56,unet_denoise,852984,15238031.75,15481453.53,15481454.98,15485740.63,1,11,10,427.44,4274,4.274,0.427,4939306138,493930613,9420.98,0.81,0.00,-1,-1,0.00
dag_3d98a7542f9e4c06,unet_denoise_9a1bc554,unet_denoise,665144,15238319.78,15485740.63,15485742.08,15492690.73,1,13,14,693.77,6937,6.937,0.694,2198617071,219861707,4193.53,0.80,0.00,-1,-1,0.00
dag_460c3a8ec45a455a,sampler_235a7749,sampler,3071505,15250443.89,15492690.73,15492692.15,15493351.76,1,8,4,64.84,648,0.648,0.065,638139450,63813945,1217.15,0.70,0.00,-1,-1,0.00
dag_12e6b55766fb4483,sampler_74450ae4,sampler,1397302,15251622.92,15493351.76,15493353.21,15493922.86,1,11,10,55.89,558,0.558,0.056,466449592,46644959,889.68,0.81,0.00,-1,-1,0.00
dag_0605d9f01775453c,sampler_e0de1dde,sampler,638666,15262451.03,15493922.86,15493924.32,15494530.97,1,11,10,59.52,595,0.595,0.060,344329651,34432965,656.76,0.71,0.00,-1,-1,0.00
dag_52fb11ac19314df7,unet_denoise_003d3174,unet_denoise,3088750,15262868.14,15494530.97,15494532.40,15502224.03,1,9,6,768.04,7680,7.680,0.768,3493395648,349339564,6663.12,0.90,0.00,-1,-1,0.00
dag_1f52bd4c90834fa8,sampler_5a941318,sampler,360567,15266169.17,15502224.03,15502225.48,15502457.14,1,9,6,22.01,220,0.220,0.022,469863437,46986343,896.19,0.85,0.00,-1,-1,0.00
dag_53ac1a8f51e34e5c,sampler_8f58735e,sampler,1745860,15271067.21,15502457.14,15502458.57,15502820.19,1,8,4,36.03,360,0.360,0.036,514062823,51406282,980.50,0.80,0.00,-1,-1,0.00
dag_38ec206859024673,sampler_a6d176d3,sampler,364301,15281804.32,15502820.19,15502821.61,15503540.22,1,8,4,70.75,707,0.707,0.071,374028478,37402847,713.40,0.74,0.00,-1,-1,0.00
dag_5d27d0b9ef574f30,sampler_d5d56caa,sampler,445937,15290358.28,15503540.22,15503660.74,15503836.38,2,1000,16,52.38,523,0.523,0.052,196905538,19690553,375.57,0.71,0.00,-1,-1,0.00
dag_1225345267d447cc,sampler_f150acc1,sampler,3131479,15299504.34,15503836.38,15503837.83,15504319.48,1,13,14,47.04,470,0.470,0.047,502947359,50294735,959.30,0.54,0.00,-1,-1,0.00
dag_bea8b8165f864dbb,sampler_be43dd5b,sampler,1776489,15309678.43,15504319.48,15504320.94,15504956.60,1,6,0,63.45,634,0.634,0.063,372283434,37228343,710.07,0.82,0.00,-1,-1,0.00
dag_2ef9fa6af23a4570,sampler_316e2204,sampler,531091,15327346.54,15504956.60,15504958.02,15505513.64,1,12,12,54.43,544,0.544,0.054,382883525,38288352,730.29,0.72,0.00,-1,-1,0.00
dag_959798270e604592,sampler_82b6fb93,sampler,3166836,15338629.09,15505513.64,15505515.07,15505900.69,1,12,12,37.50,374,0.374,0.037,651595230,65159523,1242.82,0.50,0.00,-1,-1,0.00
dag_7fcfd30e057e4720,unet_denoise_9a471262,unet_denoise,2402161,15338901.46,15505900.69,15505902.12,15509999.75,1,8,4,409.69,4096,4.096,0.410,3702037324,370203732,7061.08,0.61,0.00,-1,-1,0.00
dag_dffce61524874add,sampler_a29e2a69,sampler,1837456,15348918.53,15509999.75,15510001.18,15510512.80,1,9,6,50.10,500,0.500,0.050,585639626,58563962,1117.02,0.75,0.00,-1,-1,0.00
dag_2604b14cf4864967,sampler_ef7cdad7,sampler,1597098,15361459.63,15510512.80,15510514.25,15511357.91,1,10,8,83.29,832,0.832,0.083,604428973,60442897,1152.86,0.58,0.00,-1,-1,0.00
dag_48ce7371571e408e,sampler_c9bf6623,sampler,2443694,15364408.73,15511357.91,15511359.35,15511567.98,1,11,10,19.76,197,0.197,0.020,487568882,48756888,929.96,0.87,0.00,-1,-1,0.00
dag_df9fc3aa30db4ac6,unet_denoise_a49c5a29,unet_denoise,955731,15366482.85,15535167.43,15535168.89,15543371.55,1,10,8,819.12,8191,8.191,0.819,3181058917,318105891,6067.39,0.86,0.00,-1,-1,0.00
dag_58f9446bbd3d4230,sampler_96fa1219,sampler,2508851,15375168.92,15543371.55,15543372.99,15544030.62,1,10,8,65.64,656,0.656,0.066,800660885,80066088,1527.14,0.45,0.00,-1,-1,0.00
dag_72c99ec3b9a54445,unet_denoise_09b75e2f,unet_denoise,788640,15375481.80,15544030.62,15544032.08,15554845.74,1,6,0,1081.27,10812,10.812,1.081,2108564505,210856450,4021.77,0.42,0.00,-1,-1,0.00
dag_c662227e80b24669,unet_denoise_d8f0071a,unet_denoise,1635280,15375772.70,15554845.74,15554847.17,15560416.79,1,6,0,555.85,5558,5.558,0.556,2622712228,262271222,5002.43,0.59,0.00,-1,-1,0.00
dag_301b8aa355cf41a5,sampler_93c7fc5f,sampler,1924705,15377080.11,15560416.79,15560418.25,15561101.91,1,6,0,68.25,682,0.682,0.068,543206305,54320630,1036.08,0.55,0.00,-1,-1,0.00
dag_7da0a6ba311a4a8d,unet_denoise_d2d7582d,unet_denoise,2557185,15377361.42,15561101.91,15561103.34,15566127.96,1,6,0,501.33,5013,5.013,0.501,2481730897,248173089,4733.53,0.71,0.00,-1,-1,0.00
dag_087a3e55add54b84,unet_denoise_21208abd,unet_denoise,2579922,15377707.49,15566127.96,15566129.41,15570697.05,1,12,12,455.69,4556,4.556,0.456,2643564743,264356474,5042.20,0.81,0.00,-1,-1,0.00
dag_0a118d4db805487c,sampler_19f13708,sampler,2597180,15391779.54,15570697.05,15570698.51,15572007.17,1,8,4,129.73,1297,1.297,0.130,389496727,38949672,742.91,0.90,0.00,-1,-1,0.00
dag_bb8425b128964146,unet_denoise_77ba492f,unet_denoise,2714901,15392074.15,15572007.17,15572008.63,15580521.29,1,8,4,850.15,8501,8.501,0.850,3566863865,356686386,6803.25,0.88,0.00,-1,-1,0.00
dag_99104302e6ae4866,unet_denoise_8c97aa4b,unet_denoise,2736704,15392513.26,15580521.29,15580522.74,15586736.40,1,7,2,620.26,6202,6.202,0.620,3083467754,308346775,5881.25,0.90,0.00,-1,-1,0.00
dag_3616f9eb4acd4cce,unet_denoise_d5a1bbeb,unet_denoise,2740620,15392811.22,15586736.40,15586737.83,15594636.45,1,9,6,788.71,7887,7.887,0.789,2659339770,265933977,5072.29,0.49,0.00,-1,-1,0.00
dag_4612b1ef61374610,unet_denoise_cae24085,unet_denoise,2746361,15393542.28,15594636.45,15594637.89,15603099.53,1,11,10,845.05,8450,8.450,0.845,2822616516,282261651,5383.71,0.68,0.00,-1,-1,0.00
dag_6751fb9a83ed408d,sampler_f44cc994,sampler,1980673,15401701.39,15603099.53,15603100.99,15603662.65,1,11,10,55.01,550,0.550,0.055,409486605,40948660,781.03,0.93,0.00,-1,-1,0.00
dag_e7ccfd39016d4183,sampler_73861ec0,sampler,2044685,15405585.46,15603662.65,15603664.07,15603901.69,1,8,4,22.63,226,0.226,0.023,617063943,61706394,1176.96,0.74,0.00,-1,-1,0.00
dag_2672a5cdae594062,unet_denoise_2fee2154,unet_denoise,2065622,15405949.53,15603901.69,15603903.14,15610115.80,1,6,0,621.20,6211,6.211,0.621,4273027643,427302764,8150.15,0.83,0.00,-1,-1,0.00
dag_daff787d847b4d66,unet_denoise_78299e6c,unet_denoise,2871924,15406181.61,15610115.80,15610117.23,15614288.85,1,10,8,416.04,4160,4.160,0.416,2333491766,233349176,4450.78,0.69,0.00,-1,-1,0.00
dag_45623821bc4b48ca,unet_denoise_28797df1,unet_denoise,2913489,15406474.10,15614288.85,15614290.29,15620648.92,1,11,10,634.79,6347,6.347,0.635,2775394365,277539436,5293.64,0.92,0.00,-1,-1,0.00
dag_02c30d07c2df4f53,sampler_c8e4ab64,sampler,2094720,15414992.18,15620648.92,15620650.38,15621205.04,1,7,2,54.37,543,0.543,0.054,325262797,32526279,620.39,0.45,0.00,-1,-1,0.00
dag_8240779e963a41fd,sampler_7a6155a6,sampler,2195145,15420840.28,15621205.04,15621206.50,15621593.16,1,8,4,37.60,375,0.375,0.038,457694835,45769483,872.98,0.40,0.00,-1,-1,0.00
dag_0e0ca4159e544e86,sampler_a4b99e10,sampler,2944176,15436630.83,15621593.16,15621594.58,15622169.20,1,7,2,56.34,563,0.563,0.056,463998186,46399818,885.01,0.66,0.00,-1,-1,0.00
dag_9c3a4b173dc84179,unet_denoise_c875d7aa,unet_denoise,1024634,15437137.87,15622169.20,15622170.64,15629575.28,1,11,10,739.36,7393,7.393,0.739,2876574700,287657470,5486.63,0.48,0.00,-1,-1,0.00
dag_c4fc9dded3924f0a,unet_denoise_106aae92,unet_denoise,832179,15437463.91,15629575.28,15629576.72,15634639.35,1,10,8,506.12,5061,5.061,0.506,2283014138,228301413,4354.50,0.61,0.00,-1,-1,0.00
dag_44a26dab89444865,sampler_201a3bc3,sampler,1234450,15443778.96,15634639.35,15634640.81,15635098.47,1,8,4,44.66,446,0.446,0.045,414412792,41441279,790.43,0.51,0.00,-1,-1,0.00
dag_58e29ceb412c47dc,unet_denoise_4e370018,unet_denoise,1045271,15444102.00,15635098.47,15635219.26,15635746.14,2,1000,16,403.28,4032,4.032,0.403,4067028433,406702843,7757.24,0.76,0.00,-1,-1,0.00
dag_3ae1fe8af2dd4c57,sampler_05b21388,sampler,1245010,15455048.03,15635746.14,15635747.58,15636414.22,1,6,0,65.60,655,0.655,0.066,385440926,38544092,735.17,0.48,0.00,-1,-1,0.00
dag_46cf51d5c3044117,unet_denoise_817076ad,unet_denoise,3003208,15455337.39,15636414.22,15636415.65,15642609.28,1,11,10,618.29,6182,6.182,0.618,3300653368,330065336,6295.50,0.67,0.00,-1,-1,0.00
dag_41ec2176cd454bc4,sampler_25c0b5ae,sampler,1518045,15462005.49,15642609.28,15642610.71,15643007.33,1,13,14,38.59,385,0.385,0.039,453325225,45332522,864.65,0.89,0.00,-1,-1,0.00
dag_73f06810d4f94121,unet_denoise_53c032cb,unet_denoise,1048269,15462303.86,15643007.33,15643008.77,15650338.40,1,6,0,731.84,7318,7.318,0.732,2488829488,248882948,4747.07,0.60,0.00,-1,-1,0.00
dag_66afb2b173ef46b3,unet_denoise_a8060635,unet_denoise,1689059,15462573.00,15650338.40,15650339.83,15654657.46,1,11,10,430.61,4306,4.306,0.431,2413335247,241333524,4603.07,0.95,0.00,-1,-1,0.00
dag_acef7e389a114bcc,unet_denoise_e6e53bd3,unet_denoise,833139,15462970.07,15654657.46,15654658.88,15660424.51,1,11,10,575.46,5754,5.754,0.575,3583703281,358370328,6835.37,0.50,0.00,-1,-1,0.00
dag_4223921a13d94f85,sampler_3ba69ae1,sampler,1528507,15464213.48,15660424.51,15660425.96,15661180.62,1,8,4,74.32,743,0.743,0.074,519197977,51919797,990.29,0.55,0.00,-1,-1,0.00
dag_6c49e8f33c75421e,sampler_e07aac16,sampler,2304077,15471635.54,15661180.62,15661182.04,15661586.66,1,6,0,39.36,393,0.393,0.039,553853837,55385383,1056.39,0.76,0.00,-1,-1,0.00
dag_e4d333c3eab5448d,sampler_06235915,sampler,1697292,15476255.64,15661586.66,15661588.09,15661829.71,1,13,14,23.08,230,0.230,0.023,366461816,36646181,698.97,0.76,0.00,-1,-1,0.00
dag_eb11baf7ee404c2f,sampler_fc48d478,sampler,1530044,15479950.74,15661829.71,15661831.14,15662142.76,1,11,10,30.07,300,0.300,0.030,763119434,76311943,1455.53,0.86,0.00,-1,-1,0.00
dag_7eeaa25eb2024286,sampler_bae8398d,sampler,846479,15480674.43,15662142.76,15662144.20,15662461.84,1,8,4,30.65,306,0.306,0.031,476993780,47699378,909.79,0.43,0.00,-1,-1,0.00
dag_a7af186451ff4870,unet_denoise_d393f3c9,unet_denoise,1076091,15481453.53,15662461.84,15662463.27,15671705.91,1,9,6,923.15,9231,9.231,0.923,2473262277,247326227,4717.37,0.60,0.00,-1,-1,0.00
dag_c939c36c249f4616,sampler_9b48a67d,sampler,852984,15485740.63,15671705.91,15671707.34,15672057.96,1,8,4,33.96,339,0.339,0.034,330759960,33075996,630.87,0.47,0.00,-1,-1,0.00
dag_3d98a7542f9e4c06,sampler_5069dea4,sampler,665144,15492690.73,15672057.96,15672179.02,15672343.55,2,1000,16,40.53,405,0.405,0.041,551328809,55132880,1051.58,0.88,0.00,-1,-1,0.00
dag_460c3a8ec45a455a,unet_denoise_c82a194a,unet_denoise,3071505,15493351.76,15672343.55,15672344.99,15683878.62,1,11,10,1152.28,11522,11.522,1.152,3154990273,315499027,6017.67,0.57,0.00,-1,-1,0.00
dag_12e6b55766fb4483,unet_denoise_af956e0a,unet_denoise,1397302,15493922.86,15683878.62,15683880.06,15692742.69,1,12,12,885.19,8851,8.851,0.885,2611507686,261150768,4981.06,0.86,0.00,-1,-1,0.00
dag_0605d9f01775453c,unet_denoise_e6246d13,unet_denoise,638666,15494530.97,15692742.69,15692744.11,15701117.72,1,6,0,836.28,8362,8.362,0.836,2296676877,229667687,4380.56,0.62,0.00,-1,-1,0.00
dag_52fb11ac19314df7,sampler_8df4b74d,sampler,3088750,15502224.03,15701117.72,15701238.12,15701406.98,2,1000,16,45.75,457,0.457,0.046,495244662,49524466,944.60,0.55,0.00,-1,-1,0.00
dag_1f52bd4c90834fa8,vae_decode_144eac4b,vae_decode,360567,15502457.14,15701406.98,15701408.41,15708744.04,1,7,2,732.50,7324,7.324,0.732,1563491059,156349105,2982.12,0.67,0.00,-1,-1,0.00
dag_53ac1a8f51e34e5c,unet_denoise_85422760,unet_denoise,1745860,15502820.19,15708744.04,15708865.03,15709630.47,2,1000,16,641.59,6415,6.415,0.642,2157199627,215719962,4114.53,0.59,0.00,-1,-1,0.00
dag_38ec206859024673,vae_decode_9add9fcf,vae_decode,364301,15503540.22,15709630.47,15709631.92,15722029.58,1,10,8,1238.66,12386,12.386,1.239,1655110771,165511077,3156.87,0.48,0.00,-1,-1,0.00
dag_5d27d0b9ef574f30,unet_denoise_50d1c364,unet_denoise,445937,15503836.38,15722029.58,15722030.99,15729659.60,1,11,10,761.79,7617,7.617,0.762,3317768958,331776895,6328.14,0.91,0.00,-1,-1,0.00
dag_1225345267d447cc,unet_denoise_bc17b214,unet_denoise,3131479,15504319.48,15729659.60,15729661.04,15736449.67,1,6,0,677.77,6777,6.777,0.678,2893327657,289332765,5518.58,0.85,0.00,-1,-1,0.00
dag_bea8b8165f864dbb,unet_denoise_129ee4f3,unet_denoise,1776489,15504956.60,15736449.67,15736451.13,15744841.79,1,12,12,837.92,8379,8.379,0.838,3723627336,372362733,7102.26,0.88,0.00,-1,-1,0.00
dag_2ef9fa6af23a4570,unet_denoise_dc7c4027,unet_denoise,531091,15505513.64,15744841.79,15744962.81,15745954.30,2,1000,16,867.57,8675,8.675,0.868,3759545865,375954586,7170.76,0.74,0.00,-1,-1,0.00
dag_959798270e604592,unet_denoise_cb9e3365,unet_denoise,3166836,15505900.69,15745954.30,15745955.74,15751209.37,1,9,6,524.30,5242,5.242,0.524,4101097395,410109739,7822.22,0.75,0.00,-1,-1,0.00
dag_7fcfd30e057e4720,sampler_e56bce51,sampler,2402161,15509999.75,15751209.37,15751210.83,15751475.48,1,6,0,26.36,263,0.263,0.026,251333857,25133385,479.38,0.53,0.00,-1,-1,0.00
dag_dffce61524874add,unet_denoise_a4543277,unet_denoise,1837456,15510512.80,15751475.48,15751476.90,15762477.52,1,8,4,1098.98,10989,10.989,1.099,2482589888,248258988,4735.16,0.48,0.00,-1,-1,0.00
dag_2604b14cf4864967,unet_denoise_3a0c9e2d,unet_denoise,1597098,15511357.91,15762477.52,15762478.96,15775121.59,1,8,4,1263.14,12631,12.631,1.263,2031808793,203180879,3875.37,0.45,0.00,-1,-1,0.00
dag_48ce7371571e408e,unet_denoise_2abf1be8,unet_denoise,2443694,15511567.98,15775121.59,15775123.02,15777898.64,1,9,6,276.46,2764,2.764,0.276,2475691355,247569135,4722.01,0.51,0.00,-1,-1,0.00
dag_df9fc3aa30db4ac6,sampler_44a8dc6f,sampler,955731,15543371.55,15777898.64,15777900.08,15778517.73,1,12,12,60.68,606,0.606,0.061,386099169,38609916,736.43,0.67,0.00,-1,-1,0.00
dag_58f9446bbd3d4230,unet_denoise_03db533e,unet_denoise,2508851,15544030.62,15778517.73,15778519.16,15787625.80,1,11,10,909.55,9095,9.095,0.910,2186031601,218603160,4169.52,0.40,0.00,-1,-1,0.00
dag_72c99ec3b9a54445,sampler_3df0ea6f,sampler,788640,15554845.74,15787625.80,15787627.25,15788348.90,1,8,4,71.09,710,0.710,0.071,656058160,65605816,1251.33,0.43,0.00,-1,-1,0.00
dag_c662227e80b24669,sampler_9689b88a,sampler,1635280,15560416.79,15788348.90,15788350.34,15788805.98,1,6,0,44.45,444,0.444,0.044,562884602,56288460,1073.62,0.93,0.00,-1,-1,0.00
dag_301b8aa355cf41a5,unet_denoise_6e1cca84,unet_denoise,1924705,15561101.91,15788805.98,15788807.41,15797623.05,1,9,6,880.48,8804,8.804,0.880,3660524536,366052453,6981.90,0.93,0.00,-1,-1,0.00
dag_7da0a6ba311a4a8d,sampler_690346f9,sampler,2557185,15566127.96,15797623.05,15797624.49,15797972.13,1,6,0,33.70,336,0.336,0.034,629962980,62996298,1201.56,0.74,0.00,-1,-1,0.00
dag_087a3e55add54b84,sampler_2f23545c,sampler,2579922,15570697.05,15797972.13,15797973.58,15798300.24,1,7,2,31.54,315,0.315,0.032,373234772,37323477,711.89,0.87,0.00,-1,-1,0.00
dag_0a118d4db805487c,unet_denoise_d46b8396,unet_denoise,2597180,15572007.17,15798300.24,15798301.68,15813447.31,1,13,14,1513.50,15134,15.134,1.513,3429383323,342938332,6541.03,0.75,0.00,-1,-1,0.00
dag_bb8425b128964146,sampler_ca21823b,sampler,2714901,15580521.29,15813447.31,15813568.10,15813750.38,2,1000,16,58.61,586,0.586,0.059,497504576,49750457,948.91,0.48,0.00,-1,-1,0.00
dag_99104302e6ae4866,sampler_884cc12e,sampler,2736704,15586736.40,15813750.38,15813871.17,15814032.15,2,1000,16,37.32,373,0.373,0.037,478362782,47836278,912.40,0.59,0.00,-1,-1,0.00
dag_3616f9eb4acd4cce,sampler_8af94b5f,sampler,2740620,15594636.45,15814032.15,15814152.94,15814320.61,2,1000,16,44.08,440,0.440,0.044,542816031,54281603,1035.34,0.48,0.00,-1,-1,0.00
dag_4612b1ef61374610,sampler_a14e0e5a,sampler,2746361,15603099.53,15814320.61,15814322.05,15814913.69,1,10,8,58.01,580,0.580,0.058,452694659,45269465,863.45,0.52,0.00,-1,-1,0.00
dag_6751fb9a83ed408d,unet_denoise_44af91d9,unet_denoise,1980673,15603662.65,15814913.69,15815034.48,15815733.46,2,1000,16,575.36,5753,5.753,0.575,2460585345,246058534,4693.19,0.70,0.00,-1,-1,0.00
dag_e7ccfd39016d4183,unet_denoise_59e4a34a,unet_denoise,2044685,15603901.69,15815733.46,15815734.92,15820084.58,1,10,8,433.82,4338,4.338,0.434,3358626839,335862683,6406.07,0.48,0.00,-1,-1,0.00
dag_2672a5cdae594062,sampler_5b0981db,sampler,2065622,15610115.80,15820084.58,15820086.02,15820516.66,1,9,6,41.93,419,0.419,0.042,507634320,50763432,968.24,0.68,0.00,-1,-1,0.00
dag_daff787d847b4d66,sampler_fccec63f,sampler,2871924,15614288.85,15820516.66,15820518.11,15820743.77,1,6,0,22.44,224,0.224,0.022,549504473,54950447,1048.10,0.79,0.00,-1,-1,0.00
dag_45623821bc4b48ca,sampler_3072d899,sampler,2913489,15620648.92,15820743.77,15820745.21,15821252.85,1,12,12,49.68,496,0.496,0.050,641174328,64117432,1222.94,0.63,0.00,-1,-1,0.00
dag_02c30d07c2df4f53,unet_denoise_31eddb67,unet_denoise,2094720,15621205.04,15821252.85,15821254.28,15830671.91,1,10,8,940.69,9406,9.406,0.941,3678888789,367888878,7016.92,0.52,0.00,-1,-1,0.00
dag_8240779e963a41fd,unet_denoise_e31ba0dc,unet_denoise,2195145,15621593.16,15830671.91,15830673.36,15835701.02,1,6,0,502.70,5026,5.026,0.503,3402208195,340220819,6489.20,0.72,0.00,-1,-1,0.00
dag_9c3a4b173dc84179,sampler_7534f518,sampler,1024634,15629575.28,15844155.45,15844156.91,15844682.57,1,13,14,51.43,514,0.514,0.051,455882340,45588234,869.53,0.53,0.00,-1,-1,0.00
dag_c4fc9dded3924f0a,sampler_d30bfee1,sampler,832179,15634639.35,15844682.57,15844803.36,15844960.23,2,1000,16,33.24,332,0.332,0.033,493172111,49317211,940.65,0.75,0.00,-1,-1,0.00
dag_44a26dab89444865,unet_denoise_9650c6a0,unet_denoise,1234450,15635098.47,15844960.23,15845081.29,15845765.62,2,1000,16,560.34,5603,5.603,0.560,3928397440,392839744,7492.82,0.75,0.00,-1,-1,0.00
dag_58e29ceb412c47dc,sampler_6a53b8cd,sampler,1045271,15635746.14,15845765.62,15845767.06,15846059.70,1,6,0,28.13,281,0.281,0.028,381083300,38108330,726.86,0.78,0.00,-1,-1,0.00
dag_3ae1fe8af2dd4c57,unet_denoise_3cad3ff6,unet_denoise,1245010,15636414.22,15846059.70,15846180.83,15847411.35,2,1000,16,1106.48,11064,11.064,1.106,3873167265,387316726,7387.48,0.41,0.00,-1,-1,0.00
dag_46cf51d5c3044117,sampler_d85fb059,sampler,3003208,15642609.28,15847411.35,15847412.79,15847863.42,1,12,12,43.95,439,0.439,0.044,546983666,54698366,1043.29,0.70,0.00,-1,-1,0.00
dag_41ec2176cd454bc4,unet_denoise_87d6e155,unet_denoise,1518045,15643007.33,15847863.42,15847864.86,15853625.49,1,11,10,574.91,5749,5.749,0.575,2103552690,210355269,4012.21,0.59,0.00,-1,-1,0.00
dag_73f06810d4f94121,sampler_70c739e1,sampler,1048269,15650338.40,15853625.49,15853626.95,15854160.62,1,6,0,53.25,532,0.532,0.053,676873160,67687316,1291.03,0.91,0.00,-1,-1,0.00
dag_66afb2b173ef46b3,sampler_e22c2b16,sampler,1689059,15654657.46,15854160.62,15854162.05,15854417.68,1,11,10,24.48,244,0.244,0.024,244876537,24487653,467.06,0.55,0.00,-1,-1,0.00
dag_acef7e389a114bcc,sampler_a592fd97,sampler,833139,15660424.51,15854417.68,15854419.11,15854774.74,1,8,4,34.44,344,0.344,0.034,464917806,46491780,886.76,0.52,0.00,-1,-1,0.00
dag_4223921a13d94f85,unet_denoise_0cafff88,unet_denoise,1528507,15661180.62,15854774.74,15854776.17,15865543.80,1,7,2,1075.62,10756,10.756,1.076,3135868314,313586831,5981.19,0.46,0.00,-1,-1,0.00
dag_6c49e8f33c75421e,unet_denoise_8d329712,unet_denoise,2304077,15661586.66,15865543.80,15865545.25,15873949.91,1,6,0,840.37,8403,8.403,0.840,5014743145,501474314,9564.86,0.71,0.00,-1,-1,0.00
dag_e4d333c3eab5448d,unet_denoise_daeb475e,unet_denoise,1697292,15661829.71,15873949.91,15873951.37,15877947.02,1,9,6,398.41,3984,3.984,0.398,2681586554,268158655,5114.72,0.72,0.00,-1,-1,0.00
dag_eb11baf7ee404c2f,unet_denoise_367b1bbe,unet_denoise,1530044,15662142.76,15877947.02,15877948.48,15882605.14,1,8,4,464.57,4645,4.645,0.465,3470600911,347060091,6619.65,0.82,0.00,-1,-1,0.00
dag_7eeaa25eb2024286,unet_denoise_4ef9f50a,unet_denoise,846479,15662461.84,15882605.14,15882606.57,15885980.20,1,8,4,336.22,3362,3.362,0.336,2918218287,291821828,5566.06,0.47,0.00,-1,-1,0.00
dag_a7af186451ff4870,sampler_449bc595,sampler,1076091,15671705.91,15885980.20,15885981.63,15886531.27,1,10,8,53.87,538,0.538,0.054,447639254,44763925,853.80,0.75,0.00,-1,-1,0.00
dag_c939c36c249f4616,unet_denoise_4b7b90f6,unet_denoise,852984,15672057.96,15886531.27,15886532.72,15890705.38,1,10,8,416.15,4161,4.161,0.416,2620814038,262081403,4998.81,0.75,0.00,-1,-1,0.00
dag_3d98a7542f9e4c06,unet_denoise_103b71dd,unet_denoise,665144,15672343.55,15890705.38,15890706.82,15897357.45,1,9,6,663.99,6639,6.639,0.664,2724860048,272486004,5197.26,0.69,0.00,-1,-1,0.00
dag_460c3a8ec45a455a,sampler_0d496876,sampler,3071505,15683878.62,15897357.45,15897358.89,15898190.52,1,12,12,82.05,820,0.820,0.082,833365184,83336518,1589.52,0.71,0.00,-1,-1,0.00
dag_12e6b55766fb4483,sampler_1361a033,sampler,1397302,15692742.69,15898190.52,15898311.11,15898495.83,2,1000,16,61.31,613,0.613,0.061,340222471,34022247,648.92,0.59,0.00,-1,-1,0.00
dag_0605d9f01775453c,sampler_76815aec,sampler,638666,15701117.72,15898495.83,15898616.20,15898789.52,2,1000,16,50.29,502,0.502,0.050,529358134,52935813,1009.67,0.85,0.00,-1,-1,0.00
dag_52fb11ac19314df7,unet_denoise_df5f67db,unet_denoise,3088750,15701406.98,15898789.52,15898790.96,15905790.60,1,13,14,698.88,6988,6.988,0.699,1960739923,196073992,3739.81,0.82,0.00,-1,-1,0.00
dag_53ac1a8f51e34e5c,sampler_82c9d0a5,sampler,1745860,15709630.47,15905790.60,15905792.04,15906206.69,1,13,14,40.32,403,0.403,0.040,650368241,65036824,1240.48,0.94,0.00,-1,-1,0.00
dag_5d27d0b9ef574f30,sampler_ae6a1b82,sampler,445937,15729659.60,15906206.69,15906327.51,15906499.93,2,1000,16,48.75,487,0.487,0.049,370059918,37005991,705.83,0.64,0.00,-1,-1,0.00
dag_1225345267d447cc,sampler_dfd18e72,sampler,3131479,15736449.67,15906499.93,15906501.37,15907033.00,1,10,8,52.05,520,0.520,0.052,656642602,65664260,1252.45,0.54,0.00,-1,-1,0.00
dag_bea8b8165f864dbb,sampler_ded4769a,sampler,1776489,15744841.79,15907033.00,15907034.46,15907548.11,1,7,2,50.25,502,0.502,0.050,632371269,63237126,1206.15,0.59,0.00,-1,-1,0.00
dag_2ef9fa6af23a4570,sampler_abda57fc,sampler,531091,15745954.30,15907548.11,15907549.54,15908143.16,1,13,14,58.22,582,0.582,0.058,646566252,64656625,1233.23,0.78,0.00,-1,-1,0.00
dag_959798270e604592,sampler_58ce0ecf,sampler,3166836,15751209.37,15908143.16,15908144.62,15908531.27,1,12,12,37.56,375,0.375,0.038,464842800,46484280,886.62,0.82,0.00,-1,-1,0.00
dag_7fcfd30e057e4720,unet_denoise_f489e68c,unet_denoise,2402161,15751475.48,15908531.27,15908532.71,15912099.35,1,7,2,355.53,3555,3.555,0.356,3631848004,363184800,6927.20,0.44,0.00,-1,-1,0.00
dag_dffce61524874add,sampler_5d8c0687,sampler,1837456,15762477.52,15912099.35,15912100.79,15912663.43,1,8,4,55.10,551,0.551,0.055,374607866,37460786,714.51,0.60,0.00,-1,-1,0.00
dag_2604b14cf4864967,sampler_6f8efb78,sampler,1597098,15775121.59,15912663.43,15912664.87,15913384.50,1,12,12,70.85,708,0.708,0.071,307337377,30733737,586.20,0.57,0.00,-1,-1,0.00
dag_48ce7371571e408e,sampler_f2a6fb51,sampler,2443694,15777898.64,15913384.50,15913385.93,15913548.54,1,10,8,15.16,151,0.151,0.015,554110498,55411049,1056.88,0.90,0.00,-1,-1,0.00
dag_df9fc3aa30db4ac6,unet_denoise_017c2f11,unet_denoise,955731,15778517.73,15913548.54,15913549.99,15921873.65,1,6,0,832.22,8322,8.322,0.832,2407596726,240759672,4592.13,0.74,0.00,-1,-1,0.00
dag_58f9446bbd3d4230,sampler_462c9a50,sampler,2508851,15787625.80,15921873.65,15921875.10,15922549.76,1,12,12,66.34,663,0.663,0.066,525562382,52556238,1002.43,0.44,0.00,-1,-1,0.00
dag_72c99ec3b9a54445,unet_denoise_ccc467f7,unet_denoise,788640,15788348.90,15922549.76,15922551.17,15933761.78,1,10,8,1119.99,11199,11.199,1.120,3949075856,394907585,7532.26,0.56,0.00,-1,-1,0.00
dag_c662227e80b24669,unet_denoise_ce1c8efb,unet_denoise,1635280,15788805.98,15933761.78,15933763.22,15940621.85,1,8,4,684.74,6847,6.847,0.685,2457463200,245746320,4687.24,0.45,0.00,-1,-1,0.00
dag_301b8aa355cf41a5,sampler_80be195d,sampler,1924705,15797623.05,15940621.85,15940623.29,15941183.92,1,6,0,54.99,549,0.549,0.055,397506747,39750674,758.18,0.62,0.00,-1,-1,0.00
dag_7da0a6ba311a4a8d,unet_denoise_946f1bfb,unet_denoise,2557185,15797972.13,15941183.92,15941304.54,15941982.50,2,1000,16,554.50,5545,5.545,0.555,4628464441,462846444,8828.10,0.91,0.00,-1,-1,0.00
dag_087a3e55add54b84,unet_denoise_1d1c0a01,unet_denoise,2579922,15798300.24,15941982.50,15941983.93,15946741.56,1,6,0,474.66,4746,4.746,0.475,1993011039,199301103,3801.37,0.53,0.00,-1,-1,0.00
dag_0a118d4db805487c,sampler_3f420218,sampler,2597180,15813447.31,15946741.56,15946742.99,15947889.63,1,9,6,113.55,1135,1.135,0.114,604970677,60497067,1153.89,0.72,0.00,-1,-1,0.00
dag_bb8425b128964146,unet_denoise_b588044b,unet_denoise,2714901,15813750.38,15947889.63,15947891.07,15955365.71,1,7,2,746.33,7463,7.463,0.746,3821836516,382183651,7289.57,0.42,0.00,-1,-1,0.00
dag_99104302e6ae4866,unet_denoise_ad1e40af,unet_denoise,2736704,15814032.15,15955365.71,15955367.14,15961899.77,1,13,14,652.12,6521,6.521,0.652,2787430766,278743076,5316.60,0.86,0.00,-1,-1,0.00
dag_3616f9eb4acd4cce,unet_denoise_082405f3,unet_denoise,2740620,15814320.61,15961899.77,15961901.20,15968700.84,1,10,8,678.85,6788,6.788,0.679,2821513304,282151330,5381.61,0.70,0.00,-1,-1,0.00
dag_4612b1ef61374610,unet_denoise_29891ce1,unet_denoise,2746361,15814913.69,15968700.84,15968702.30,15977888.96,1,11,10,917.51,9175,9.175,0.918,2500785381,250078538,4769.87,0.55,0.00,-1,-1,0.00
dag_6751fb9a83ed408d,sampler_87eff712,sampler,1980673,15815733.46,15977888.96,15977890.39,15978399.02,1,10,8,49.72,497,0.497,0.050,471163380,47116338,898.67,0.67,0.00,-1,-1,0.00
dag_e7ccfd39016d4183,sampler_c6ac2d9f,sampler,2044685,15820084.58,15978399.02,15978400.46,15978700.10,1,8,4,28.82,288,0.288,0.029,531063535,53106353,1012.92,0.82,0.00,-1,-1,0.00
dag_2672a5cdae594062,unet_denoise_cdf69eef,unet_denoise,2065622,15820516.66,15978700.10,15978701.55,15983940.21,1,12,12,522.78,5227,5.227,0.523,2575068097,257506809,4911.55,0.95,0.00,-1,-1,0.00
dag_daff787d847b4d66,unet_denoise_cbc8a4a3,unet_denoise,2871924,15820743.77,15983940.21,15983941.65,15988478.29,1,10,8,452.57,4525,4.525,0.453,2947560455,294756045,5622.03,0.90,0.00,-1,-1,0.00
dag_45623821bc4b48ca,unet_denoise_07248d88,unet_denoise,2913489,15821252.85,15988478.29,15988479.74,15995829.40,1,11,10,733.87,7338,7.338,0.734,3467883844,346788384,6614.46,0.81,0.00,-1,-1,0.00
dag_02c30d07c2df4f53,sampler_59f6d1ac,sampler,2094720,15830671.91,15995829.40,15995830.84,15996537.48,1,7,2,69.52,695,0.695,0.070,453366070,45336607,864.73,0.45,0.00,-1,-1,0.00
dag_8240779e963a41fd,sampler_15488354,sampler,2195145,15835701.02,15996537.48,15996538.91,15996949.54,1,13,14,39.99,399,0.399,0.040,352459069,35245906,672.26,0.63,0.00,-1,-1,0.00
dag_9c3a4b173dc84179,unet_denoise_749472a2,unet_denoise,1024634,15844682.57,15996949.54,15996951.00,16004524.65,1,8,4,756.23,7562,7.562,0.756,2781002296,278100229,5304.34,0.73,0.00,-1,-1,0.00
dag_c4fc9dded3924f0a,unet_denoise_9b5d8439,unet_denoise,832179,15844960.23,16004524.65,16004645.72,16005204.35,2,1000,16,434.63,4346,4.346,0.435,2394263849,239426384,4566.70,0.44,0.00,-1,-1,0.00
dag_44a26dab89444865,sampler_ee1910bc,sampler,1234450,15845765.62,16005204.35,16005205.80,16005630.46,1,7,2,41.39,413,0.413,0.041,796387059,79638705,1518.99,0.51,0.00,-1,-1,0.00
dag_58e29ceb412c47dc,unet_denoise_d9177727,unet_denoise,1045271,15846059.70,16005630.46,16005631.90,16009818.54,1,13,14,417.52,4175,4.175,0.418,2109971411,210997141,4024.45,0.79,0.00,-1,-1,0.00
dag_3ae1fe8af2dd4c57,sampler_eea2eaa9,sampler,1245010,15847411.35,16009818.54,16009819.99,16010538.65,1,7,2,70.78,707,0.707,0.071,676773277,67677327,1290.84,0.87,0.00,-1,-1,0.00
dag_46cf51d5c3044117,unet_denoise_52d5fca8,unet_denoise,3003208,15847863.42,16010538.65,16010659.34,16011556.38,2,1000,16,773.53,7735,7.735,0.774,2501168492,250116849,4770.60,0.91,0.00,-1,-1,0.00
dag_41ec2176cd454bc4,sampler_ccd7f4bd,sampler,1518045,15853625.49,16011556.38,16011557.81,16012017.44,1,11,10,44.89,448,0.448,0.045,635331548,63533154,1211.80,0.57,0.00,-1,-1,0.00
dag_73f06810d4f94121,unet_denoise_666c0ab9,unet_denoise,1048269,15854160.62,16012017.44,16012138.16,16013022.65,2,1000,16,760.97,7609,7.609,0.761,2071801165,207180116,3951.65,0.51,0.00,-1,-1,0.00
dag_66afb2b173ef46b3,unet_denoise_28d40dd1,unet_denoise,1689059,15854417.68,16013022.65,16013143.34,16013616.99,2,1000,16,350.19,3501,3.501,0.350,3249433954,324943395,6197.80,0.63,0.00,-1,-1,0.00
dag_acef7e389a114bcc,unet_denoise_a1e6f40a,unet_denoise,833139,15854774.74,16013616.99,16013618.43,16019641.07,1,11,10,602.17,6021,6.021,0.602,1829754259,182975425,3489.98,0.70,0.00,-1,-1,0.00
dag_4223921a13d94f85,sampler_70c00002,sampler,1528507,15865543.80,16019641.07,16019642.50,16020478.13,1,9,6,82.49,824,0.824,0.082,824188473,82418847,1572.01,0.90,0.00,-1,-1,0.00
dag_6c49e8f33c75421e,sampler_8341b84a,sampler,2304077,15873949.91,16020478.13,16020479.57,16020945.21,1,11,10,45.42,454,0.454,0.045,553341640,55334164,1055.42,0.90,0.00,-1,-1,0.00
dag_e4d333c3eab5448d,sampler_e09006bd,sampler,1697292,15877947.02,16020945.21,16020946.64,16021185.27,1,12,12,22.73,227,0.227,0.023,768094492,76809449,1465.02,0.77,0.00,-1,-1,0.00
dag_eb11baf7ee404c2f,sampler_7ce80758,sampler,1530044,15882605.14,16021185.27,16021186.72,16021483.37,1,12,12,28.55,285,0.285,0.029,386872458,38687245,737.90,0.60,0.00,-1,-1,0.00
dag_7eeaa25eb2024286,sampler_dbba12b8,sampler,846479,15885980.20,16021483.37,16021484.81,16021842.44,1,9,6,34.70,346,0.346,0.035,549393572,54939357,1047.89,0.70,0.00,-1,-1,0.00
dag_a7af186451ff4870,unet_denoise_b11e2600,unet_denoise,1076091,15886531.27,16021842.44,16021843.87,16029408.50,1,12,12,755.37,7553,7.553,0.755,1854324676,185432467,3536.84,0.86,0.00,-1,-1,0.00
dag_c939c36c249f4616,sampler_f8c03af4,sampler,852984,15890705.38,16029408.50,16029529.29,16029682.67,2,1000,16,29.76,297,0.297,0.030,388286746,38828674,740.60,0.41,0.00,-1,-1,0.00
dag_3d98a7542f9e4c06,sampler_efb10466,sampler,665144,15897357.45,16029682.67,16029803.66,16029966.30,2,1000,16,38.78,387,0.387,0.039,658580048,65858004,1256.14,0.94,0.00,-1,-1,0.00
dag_460c3a8ec45a455a,unet_denoise_59b0592b,unet_denoise,3071505,15898190.52,16029966.30,16029967.76,16041627.41,1,6,0,1165.88,11658,11.658,1.166,1867080730,186708073,3561.17,0.82,0.00,-1,-1,0.00
dag_12e6b55766fb4483,unet_denoise_7b3428a4,unet_denoise,1397302,15898495.83,16041627.41,16041628.85,16050850.49,1,9,6,921.03,9210,9.210,0.921,4108816976,410881697,7836.95,0.43,0.00,-1,-1,0.00
dag_0605d9f01775453c,unet_denoise_e5d058c2,unet_denoise,638666,15898789.52,16050850.49,16050851.94,16060263.60,1,7,2,940.06,9400,9.400,0.940,2431130524,243113052,4637.01,0.53,0.00,-1,-1,0.00
dag_52fb11ac19314df7,sampler_9863ca17,sampler,3088750,15905790.60,16060263.60,16060265.03,16060741.66,1,10,8,46.53,465,0.465,0.047,426065423,42606542,812.66,0.56,0.00,-1,-1,0.00
dag_53ac1a8f51e34e5c,unet_denoise_e1a59df4,unet_denoise,1745860,15906206.69,16060741.66,16060743.12,16066215.77,1,13,14,546.14,5461,5.461,0.546,3826477851,382647785,7298.43,0.43,0.00,-1,-1,0.00
dag_5d27d0b9ef574f30,vae_decode_6c76031b,vae_decode,445937,15906499.93,16066215.77,16066217.20,16077573.83,1,13,14,1134.58,11345,11.345,1.135,1501915115,150191511,2864.68,0.93,0.00,-1,-1,0.00
dag_1225345267d447cc,unet_denoise_f56a52f0,unet_denoise,3131479,15907033.00,16077573.83,16077575.26,16085524.90,1,10,8,793.83,7938,7.938,0.794,4048701298,404870129,7722.28,0.61,0.00,-1,-1,0.00
dag_bea8b8165f864dbb,unet_denoise_89c3274b,unet_denoise,1776489,15907548.11,16085524.90,16085526.34,16094129.97,1,11,10,860.21,8602,8.602,0.860,3019085784,301908578,5758.45,0.77,0.00,-1,-1,0.00
dag_2ef9fa6af23a4570,unet_denoise_265671fa,unet_denoise,531091,15908143.16,16094129.97,16094250.69,16095153.69,2,1000,16,779.43,7794,7.794,0.779,3011406210,301140621,5743.80,0.52,0.00,-1,-1,0.00
dag_959798270e604592,unet_denoise_66fcdd7c,unet_denoise,3166836,15908531.27,16095153.69,16095155.13,16100090.79,1,7,2,492.48,4924,4.924,0.492,2103892243,210389224,4012.86,0.45,0.00,-1,-1,0.00
dag_7fcfd30e057e4720,sampler_2fd03ac3,sampler,2402161,15912099.35,16100090.79,16100092.21,16100336.82,1,10,8,23.34,233,0.233,0.023,290302748,29030274,553.71,0.70,0.00,-1,-1,0.00
dag_dffce61524874add,unet_denoise_48851bd5,unet_denoise,1837456,15912663.43,16100336.82,16100338.26,16110515.90,1,9,6,1017.60,10176,10.176,1.018,2897607842,289760784,5526.75,0.89,0.00,-1,-1,0.00
dag_2604b14cf4864967,unet_denoise_cce3b1b8,unet_denoise,1597098,15913384.50,16110515.90,16110517.34,16121473.98,1,6,0,1094.50,10945,10.945,1.095,2798154821,279815482,5337.06,0.63,0.00,-1,-1,0.00
dag_48ce7371571e408e,unet_denoise_e4ce239f,unet_denoise,2443694,15913548.54,16121473.98,16121475.42,16124437.06,1,11,10,296.05,2960,2.960,0.296,5362756794,536275679,10228.65,0.45,0.00,-1,-1,0.00
dag_df9fc3aa30db4ac6,sampler_2b36c9ec,sampler,955731,15921873.65,16124437.06,16124438.51,16125173.16,1,8,4,72.33,723,0.723,0.072,349088604,34908860,665.83,0.68,0.00,-1,-1,0.00
dag_58f9446bbd3d4230,unet_denoise_8289ca55,unet_denoise,2508851,15922549.76,16125173.16,16125174.60,16134636.25,1,6,0,945.07,9450,9.450,0.945,3828663363,382866336,7302.60,0.86,0.00,-1,-1,0.00
dag_72c99ec3b9a54445,sampler_1578f569,sampler,788640,15933761.78,16134636.25,16134637.69,16135414.33,1,10,8,76.52,765,0.765,0.077,916239891,91623989,1747.59,0.81,0.00,-1,-1,0.00
dag_c662227e80b24669,sampler_56f3dbcb,sampler,1635280,15940621.85,16135414.33,16135415.78,16135889.44,1,6,0,47.22,472,0.472,0.047,510373144,51037314,973.46,0.66,0.00,-1,-1,0.00
dag_301b8aa355cf41a5,unet_denoise_7e069534,unet_denoise,1924705,15941183.92,16135889.44,16135890.88,16145354.52,1,9,6,945.25,9452,9.452,0.945,2323508447,232350844,4431.74,0.64,0.00,-1,-1,0.00
dag_7da0a6ba311a4a8d,sampler_f5a4dc1b,sampler,2557185,15941982.50,16145354.52,16145355.95,16145732.57,1,11,10,36.52,365,0.365,0.037,411761498,41176149,785.37,0.45,0.00,-1,-1,0.00
dag_087a3e55add54b84,sampler_1c3019aa,sampler,2579922,15946741.56,16145732.57,16145734.01,16146072.66,1,6,0,32.70,327,0.327,0.033,395480886,39548088,754.32,0.77,0.00,-1,-1,0.00
dag_0a118d4db805487c,unet_denoise_18e2f6da,unet_denoise,2597180,15947889.63,16146072.66,16146193.62,16148028.81,2,1000,16,1711.39,17113,17.113,1.711,2312141604,231214160,4410.06,0.53,0.00,-1,-1,0.00
dag_bb8425b128964146,sampler_20da935a,sampler,2714901,15955365.71,16148028.81,16148030.24,16148515.86,1,7,2,48.48,484,0.484,0.048,641619053,64161905,1223.79,0.82,0.00,-1,-1,0.00
dag_99104302e6ae4866,sampler_79887167,sampler,2736704,15961899.77,16148515.86,16148517.30,16148945.94,1,11,10,42.78,427,0.427,0.043,411614429,41161442,785.09,0.47,0.00,-1,-1,0.00
dag_3616f9eb4acd4cce,sampler_45780fe3,sampler,2740620,15968700.84,16148945.94,16148947.38,16149480.02,1,9,6,53.16,531,0.531,0.053,654097460,65409746,1247.59,0.75,0.00,-1,-1,0.00
dag_4612b1ef61374610,sampler_49a74914,sampler,2746361,15977888.96,16149480.02,16149481.46,16150073.11,1,12,12,58.07,580,0.580,0.058,618419364,61841936,1179.54,0.65,0.00,-1,-1,0.00
dag_6751fb9a83ed408d,unet_denoise_8421cc3d,unet_denoise,1980673,15978399.02,16150073.11,16150074.55,16156711.19,1,6,0,662.53,6625,6.625,0.663,3633737977,363373797,6930.81,0.60,0.00,-1,-1,0.00
dag_e7ccfd39016d4183,unet_denoise_5cdd18dd,unet_denoise,2044685,15978700.10,16156711.19,16156712.64,16160634.29,1,8,4,391.07,3910,3.910,0.391,2163746256,216374625,4127.02,0.92,0.00,-1,-1,0.00
dag_2672a5cdae594062,sampler_b0454251,sampler,2065622,15983940.21,16160634.29,16160635.71,16160975.32,1,7,2,32.86,328,0.328,0.033,455802143,45580214,869.37,0.81,0.00,-1,-1,0.00
dag_daff787d847b4d66,sampler_1b1fb4e9,sampler,2871924,15988478.29,16160975.32,16160976.77,16161214.42,1,7,2,22.65,226,0.226,0.023,340615847,34061584,649.67,0.75,0.00,-1,-1,0.00
dag_45623821bc4b48ca,sampler_16f3de1f,sampler,2913489,15995829.40,16161214.42,16161215.85,16161634.47,1,12,12,40.80,407,0.407,0.041,370323393,37032339,706.34,0.81,0.00,-1,-1,0.00
dag_02c30d07c2df4f53,unet_denoise_8d9d0883,unet_denoise,2094720,15996537.48,16161634.47,16161635.92,16170221.57,1,11,10,857.41,8574,8.574,0.857,5037438640,503743864,9608.15,0.68,0.00,-1,-1,0.00
dag_8240779e963a41fd,unet_denoise_e5d8b5c3,unet_denoise,2195145,15996949.54,16170221.57,16170223.02,16175137.68,1,6,0,491.38,4913,4.913,0.491,1474265518,147426551,2811.94,0.63,0.00,-1,-1,0.00
dag_9c3a4b173dc84179,sampler_5421290b,sampler,1024634,16004524.65,16175137.68,16175139.11,16175712.73,1,13,14,56.29,562,0.562,0.056,523811657,52381165,999.09,0.64,0.00,-1,-1,0.00
dag_c4fc9dded3924f0a,sampler_e1de55cc,sampler,832179,16005204.35,16175712.73,16175833.12,16175986.29,2,1000,16,30.00,300,0.300,0.030,387516086,38751608,739.13,0.46,0.00,-1,-1,0.00
dag_44a26dab89444865,unet_denoise_d057f4f3,unet_denoise,1234450,16005630.46,16175986.29,16175987.72,16181686.34,1,11,10,568.74,5687,5.687,0.569,2731689790,273168979,5210.28,0.50,0.00,-1,-1,0.00
dag_58e29ceb412c47dc,sampler_cd64ccc9,sampler,1045271,16009818.54,16181686.34,16181806.87,16181959.80,2,1000,16,29.64,296,0.296,0.030,608683874,60868387,1160.97,0.55,0.00,-1,-1,0.00
dag_3ae1fe8af2dd4c57,unet_denoise_78862437,unet_denoise,1245010,16010538.65,16181959.80,16181961.25,16190878.91,1,7,2,890.69,8906,8.906,0.891,4606669060,460666906,8786.52,0.49,0.00,-1,-1,0.00
dag_46cf51d5c3044117,sampler_58323d9a,sampler,3003208,16011556.38,16190878.91,16190999.93,16191168.92,2,1000,16,45.09,450,0.450,0.045,792015612,79201561,1510.65,0.87,0.00,-1,-1,0.00
dag_41ec2176cd454bc4,unet_denoise_0bd76cad,unet_denoise,1518045,16012017.44,16191168.92,16191170.36,16196384.00,1,8,4,521.20,5212,5.212,0.521,3439511883,343951188,6560.35,0.56,0.00,-1,-1,0.00
dag_73f06810d4f94121,sampler_d358f757,sampler,1048269,16013022.65,16196384.00,16196385.43,16196956.05,1,9,6,55.95,559,0.559,0.056,573492858,57349285,1093.85,0.56,0.00,-1,-1,0.00
dag_66afb2b173ef46b3,sampler_db5cab2b,sampler,1689059,16013616.99,16196956.05,16196957.49,16197223.11,1,7,2,25.42,254,0.254,0.025,450945273,45094527,860.11,0.64,0.00,-1,-1,0.00
dag_acef7e389a114bcc,sampler_04245bfa,sampler,833139,16019641.07,16197223.11,16197224.56,16197593.20,1,12,12,35.79,357,0.357,0.036,1014661417,101466141,1935.31,0.75,0.00,-1,-1,0.00
dag_4223921a13d94f85,unet_denoise_7cea1394,unet_denoise,1528507,16020478.13,16197593.20,16197594.64,16207359.28,1,6,0,975.33,9753,9.753,0.975,3092120931,309212093,5897.75,0.79,0.00,-1,-1,0.00
dag_6c49e8f33c75421e,unet_denoise_4c454bad,unet_denoise,2304077,16020945.21,16207359.28,16207360.73,16213976.37,1,6,0,660.44,6604,6.604,0.660,2367440012,236744001,4515.53,0.65,0.00,-1,-1,0.00
dag_e4d333c3eab5448d,unet_denoise_5944b234,unet_denoise,1697292,16021185.27,16213976.37,16213977.81,16217773.46,1,10,8,378.50,3784,3.784,0.378,3383000400,338300040,6452.56,0.49,0.00,-1,-1,0.00
dag_7eeaa25eb2024286,unet_denoise_ff25c5fb,unet_denoise,846479,16021842.44,16222560.90,16222681.72,16223359.34,2,1000,16,553.96,5539,5.539,0.554,4042160316,404216031,7709.81,0.65,0.00,-1,-1,0.00
dag_a7af186451ff4870,sampler_e118d9df,sampler,1076091,16029408.50,16223359.34,16223360.77,16223849.39,1,10,8,48.78,487,0.487,0.049,617690558,61769055,1178.15,0.65,0.00,-1,-1,0.00
dag_c939c36c249f4616,unet_denoise_a9faed8c,unet_denoise,852984,16029682.67,16223849.39,16223850.84,16229093.50,1,8,4,523.11,5231,5.231,0.523,2493049893,249304989,4755.12,0.87,0.00,-1,-1,0.00
dag_3d98a7542f9e4c06,unet_denoise_420ee81f,unet_denoise,665144,16029966.30,16229093.50,16229094.94,16237467.58,1,6,0,836.10,8361,8.361,0.836,1996787614,199678761,3808.57,0.70,0.00,-1,-1,0.00
dag_460c3a8ec45a455a,sampler_28c36642,sampler,3071505,16041627.41,16237467.58,16237469.03,16238084.67,1,12,12,60.46,604,0.604,0.060,397764093,39776409,758.67,0.52,0.00,-1,-1,0.00
dag_12e6b55766fb4483,sampler_4bd91e41,sampler,1397302,16050850.49,16238084.67,16238086.10,16238694.73,1,6,0,59.77,597,0.597,0.060,520937112,52093711,993.61,0.65,0.00,-1,-1,0.00
dag_0605d9f01775453c,sampler_0b3ff231,sampler,638666,16060263.60,16238694.73,16238696.17,16239278.81,1,12,12,57.16,571,0.571,0.057,312038624,31203862,595.17,0.92,0.00,-1,-1,0.00
dag_52fb11ac19314df7,unet_denoise_f2a81852,unet_denoise,3088750,16060741.66,16239278.81,16239280.25,16247003.89,1,6,0,771.22,7712,7.712,0.771,3443732561,344373256,6568.40,0.63,0.00,-1,-1,0.00
dag_53ac1a8f51e34e5c,sampler_c0439bde,sampler,1745860,16066215.77,16247003.89,16247005.32,16247382.94,1,13,14,36.68,366,0.366,0.037,336845187,33684518,642.48,0.42,0.00,-1,-1,0.00
dag_1225345267d447cc,sampler_bd6ecd19,sampler,3131479,16085524.90,16247382.94,16247384.39,16247894.03,1,10,8,49.86,498,0.498,0.050,420791068,42079106,802.60,0.64,0.00,-1,-1,0.00
dag_bea8b8165f864dbb,sampler_3ff4e50b,sampler,1776489,16094129.97,16247894.03,16247895.47,16248563.11,1,8,4,66.68,666,0.666,0.067,752431802,75243180,1435.15,0.66,0.00,-1,-1,0.00
dag_2ef9fa6af23a4570,sampler_ac858ff7,sampler,531091,16095153.69,16248563.11,16248564.55,16249159.20,1,9,6,59.36,593,0.593,0.059,366159052,36615905,698.39,0.50,0.00,-1,-1,0.00
dag_959798270e604592,sampler_8e7959a5,sampler,3166836,16100090.79,16249159.20,16249160.64,16249590.28,1,10,8,41.89,418,0.418,0.042,388103686,38810368,740.25,0.85,0.00,-1,-1,0.00
dag_7fcfd30e057e4720,unet_denoise_3e899be8,unet_denoise,2402161,16100336.82,16249590.28,16249591.72,16253064.36,1,11,10,346.19,3461,3.461,0.346,3900677564,390067756,7439.95,0.65,0.00,-1,-1,0.00
dag_dffce61524874add,sampler_b35080cb,sampler,1837456,16110515.90,16253064.36,16253065.80,16253681.45,1,8,4,60.42,604,0.604,0.060,446059414,44605941,850.79,0.74,0.00,-1,-1,0.00
dag_2604b14cf4864967,sampler_ccc41296,sampler,1597098,16121473.98,16253681.45,16253682.90,16254480.55,1,9,6,78.60,786,0.786,0.079,382181460,38218146,728.95,0.47,0.00,-1,-1,0.00
dag_48ce7371571e408e,sampler_e8419bc6,sampler,2443694,16124437.06,16254480.55,16254481.99,16254711.63,1,11,10,21.82,218,0.218,0.022,497005101,49700510,947.96,0.92,0.00,-1,-1,0.00
dag_df9fc3aa30db4ac6,unet_denoise_3443414a,unet_denoise,955731,16125173.16,16254711.63,16254713.05,16264119.66,1,8,4,939.55,9395,9.395,0.940,2178888215,217888821,4155.90,0.71,0.00,-1,-1,0.00
dag_58f9446bbd3d4230,sampler_6bc6a333,sampler,2508851,16134636.25,16264119.66,16264121.08,16264800.70,1,8,4,66.81,668,0.668,0.067,436551938,43655193,832.66,0.84,0.00,-1,-1,0.00
dag_72c99ec3b9a54445,unet_denoise_f3ad7c49,unet_denoise,788640,16135414.33,16264800.70,16264802.14,16276856.79,1,12,12,1204.34,12043,12.043,1.204,2651891772,265189177,5058.08,0.70,0.00,-1,-1,0.00
dag_c662227e80b24669,unet_denoise_baf56e92,unet_denoise,1635280,16135889.44,16276856.79,16276977.58,16277795.96,2,1000,16,694.76,6947,6.947,0.695,3210990476,321099047,6124.48,0.89,0.00,-1,-1,0.00
dag_301b8aa355cf41a5,sampler_6d087573,sampler,1924705,16145354.52,16277795.96,16277797.41,16278445.06,1,9,6,63.69,636,0.636,0.064,476573935,47657393,908.99,0.40,0.00,-1,-1,0.00
dag_7da0a6ba311a4a8d,unet_denoise_c5a3641d,unet_denoise,2557185,16145732.57,16278445.06,16278565.85,16279220.93,2,1000,16,531.47,5314,5.314,0.531,3755423232,375542323,7162.90,0.50,0.00,-1,-1,0.00
dag_087a3e55add54b84,unet_denoise_5c09ce9f,unet_denoise,2579922,16146072.66,16279220.93,16279222.35,16283903.96,1,13,14,467.02,4670,4.670,0.467,2913278041,291327804,5556.64,0.53,0.00,-1,-1,0.00
dag_0a118d4db805487c,sampler_3752f279,sampler,2597180,16148028.81,16283903.96,16283905.40,16285057.03,1,8,4,115.06,1150,1.150,0.115,621710916,62171091,1185.82,0.40,0.00,-1,-1,0.00
dag_bb8425b128964146,unet_denoise_068eaf77,unet_denoise,2714901,16148515.86,16285057.03,16285058.45,16291561.06,1,8,4,649.17,6491,6.491,0.649,2299878675,229987867,4386.67,0.89,0.00,-1,-1,0.00
dag_99104302e6ae4866,unet_denoise_0d467041,unet_denoise,2736704,16148945.94,16291561.06,16291562.51,16298897.16,1,9,6,732.37,7323,7.323,0.732,2803567147,280356714,5347.38,0.57,0.00,-1,-1,0.00
dag_3616f9eb4acd4cce,unet_denoise_d24752c0,unet_denoise,2740620,16149480.02,16298897.16,16298898.59,16307890.22,1,11,10,899.05,8990,8.990,0.899,3195470631,319547063,6094.88,0.61,0.00,-1,-1,0.00
dag_4612b1ef61374610,unet_denoise_e33d0807,unet_denoise,2746361,16150073.11,16307890.22,16308010.64,16309095.55,2,1000,16,961.70,9617,9.617,0.962,1461104499,146110449,2786.84,0.42,0.00,-1,-1,0.00
dag_6751fb9a83ed408d,sampler_dc6980d4,sampler,1980673,16156711.19,16309095.55,16309096.97,16309584.59,1,13,14,48.61,486,0.486,0.049,544468952,54446895,1038.49,0.65,0.00,-1,-1,0.00
dag_e7ccfd39016d4183,sampler_5223b356,sampler,2044685,16160634.29,16309584.59,16309586.04,16309918.69,1,7,2,32.18,321,0.321,0.032,727976348,72797634,1388.50,0.91,0.00,-1,-1,0.00
dag_2672a5cdae594062,unet_denoise_8c616535,unet_denoise,2065622,16160975.32,16309918.69,16309920.13,16315085.76,1,6,0,515.44,5154,5.154,0.515,2618865952,261886595,4995.09,0.73,0.00,-1,-1,0.00
dag_daff787d847b4d66,unet_denoise_eb0876c3,unet_denoise,2871924,16161214.42,16315085.76,16315206.28,16315721.42,2,1000,16,391.86,3918,3.918,0.392,2823014945,282301494,5384.47,0.92,0.00,-1,-1,0.00
dag_45623821bc4b48ca,unet_denoise_6da9e3dc,unet_denoise,2913489,16161634.47,16315721.42,16315722.84,16324114.47,1,6,0,838.08,8380,8.380,0.838,3256595080,325659508,6211.46,0.54,0.00,-1,-1,0.00
dag_02c30d07c2df4f53,sampler_425250a7,sampler,2094720,16170221.57,16324114.47,16324115.91,16324684.55,1,8,4,55.75,557,0.557,0.056,522822240,52282224,997.20,0.73,0.00,-1,-1,0.00
dag_8240779e963a41fd,sampler_98316774,sampler,2195145,16175137.68,16324684.55,16324685.99,16325077.63,1,8,4,38.09,380,0.380,0.038,364744543,36474454,695.70,0.76,0.00,-1,-1,0.00
dag_9c3a4b173dc84179,unet_denoise_e0e3ab64,unet_denoise,1024634,16175712.73,16325077.63,16325079.07,16334357.72,1,6,0,927.76,9277,9.277,0.928,2751148192,275114819,5247.40,0.93,0.00,-1,-1,0.00
dag_c4fc9dded3924f0a,unet_denoise_bf8433a1,unet_denoise,832179,16175986.29,16334357.72,16334359.16,16339410.79,1,11,10,504.03,5040,5.040,0.504,4015610501,401561050,7659.17,0.73,0.00,-1,-1,0.00
dag_44a26dab89444865,sampler_756fa3e3,sampler,1234450,16181686.34,16339410.79,16339412.23,16339760.87,1,12,12,33.75,337,0.337,0.034,431599344,43159934,823.21,0.88,0.00,-1,-1,0.00
dag_58e29ceb412c47dc,unet_denoise_ef999649,unet_denoise,1045271,16181959.80,16339760.87,16339762.29,16344487.90,1,8,4,471.42,4714,4.714,0.471,3009168658,300916865,5739.53,0.75,0.00,-1,-1,0.00
dag_3ae1fe8af2dd4c57,sampler_9c11b580,sampler,1245010,16190878.91,16344487.90,16344608.29,16344798.76,2,1000,16,67.39,673,0.673,0.067,718285641,71828564,1370.02,0.74,0.00,-1,-1,0.00
dag_46cf51d5c3044117,unet_denoise_0944ce6d,unet_denoise,3003208,16191168.92,16344798.76,16344800.19,16350996.83,1,7,2,618.51,6185,6.185,0.619,2971505905,297150590,5667.70,0.95,0.00,-1,-1,0.00
dag_41ec2176cd454bc4,sampler_3f9a4298,sampler,1518045,16196384.00,16350996.83,16350998.26,16351457.89,1,12,12,44.89,448,0.448,0.045,503699075,50369907,960.73,0.87,0.00,-1,-1,0.00
dag_73f06810d4f94121,unet_denoise_b8ddebb6,unet_denoise,1048269,16196956.05,16351457.89,16351459.33,16358666.97,1,7,2,720.70,7206,7.206,0.721,2752219444,275221944,5249.44,0.67,0.00,-1,-1,0.00
dag_66afb2b173ef46b3,unet_denoise_953b96b9,unet_denoise,1689059,16197223.11,16358666.97,16358668.41,16361541.05,1,12,12,286.15,2861,2.861,0.286,2741499542,274149954,5229.00,0.41,0.00,-1,-1,0.00
dag_acef7e389a114bcc,unet_denoise_0a2d7312,unet_denoise,833139,16197593.20,16361541.05,16361661.84,16362369.91,2,1000,16,584.49,5844,5.844,0.584,2917540544,291754054,5564.77,0.45,0.00,-1,-1,0.00
dag_4223921a13d94f85,sampler_38fbbab8,sampler,1528507,16207359.28,16362369.91,16362371.35,16363149.97,1,10,8,77.76,777,0.777,0.078,516902007,51690200,985.91,0.85,0.00,-1,-1,0.00
dag_6c49e8f33c75421e,sampler_185dbd71,sampler,2304077,16213976.37,16363149.97,16363270.66,16363438.11,2,1000,16,43.98,439,0.439,0.044,525044718,52504471,1001.44,0.61,0.00,-1,-1,0.00
dag_e4d333c3eab5448d,sampler_7f36fa6d,sampler,1697292,16217773.46,16363438.11,16363439.56,16363752.20,1,6,0,31.17,311,0.311,0.031,602568908,60256890,1149.31,0.74,0.00,-1,-1,0.00
dag_7eeaa25eb2024286,sampler_0623e188,sampler,846479,16223359.34,16363752.20,16363753.63,16364090.26,1,11,10,32.58,325,0.325,0.033,502943888,50294388,959.29,0.64,0.00,-1,-1,0.00
dag_a7af186451ff4870,unet_denoise_01e3c1fd,unet_denoise,1076091,16223849.39,16364090.26,16364091.70,16373361.33,1,9,6,925.81,9258,9.258,0.926,2506428822,250642882,4780.63,0.89,0.00,-1,-1,0.00
dag_c939c36c249f4616,sampler_e38822ca,sampler,852984,16229093.50,16373361.33,16373482.36,16373640.44,2,1000,16,34.11,341,0.341,0.034,516288488,51628848,984.74,0.53,0.00,-1,-1,0.00
dag_3d98a7542f9e4c06,sampler_e81e1177,sampler,665144,16237467.58,16373640.44,16373641.89,16374112.55,1,8,4,45.99,459,0.459,0.046,536708610,53670861,1023.69,0.45,0.00,-1,-1,0.00
dag_460c3a8ec45a455a,unet_denoise_888c6986,unet_denoise,3071505,16238084.67,16374112.55,16374113.97,16384347.58,1,12,12,1023.27,10232,10.232,1.023,2838144333,283814433,5413.33,0.63,0.00,-1,-1,0.00
dag_12e6b55766fb4483,unet_denoise_f2fc0a4c,unet_denoise,1397302,16238694.73,16384347.58,16384349.03,16393205.68,1,9,6,884.60,8845,8.845,0.885,4009689356,400968935,7647.88,0.44,0.00,-1,-1,0.00
dag_0605d9f01775453c,unet_denoise_3005b1bf,unet_denoise,638666,16239278.81,16393205.68,16393207.12,16402419.75,1,8,4,920.12,9201,9.201,0.920,2376031638,237603163,4531.92,0.53,0.00,-1,-1,0.00
dag_52fb11ac19314df7,sampler_ab5d469d,sampler,3088750,16247003.89,16402419.75,16402540.44,16402717.69,2,1000,16,53.79,537,0.537,0.054,398418732,39841873,759.92,0.66,0.00,-1,-1,0.00
dag_53ac1a8f51e34e5c,unet_denoise_36b35bfc,unet_denoise,1745860,16247382.94,16402717.69,16402719.12,16408675.74,1,10,8,594.51,5945,5.945,0.595,2682561633,268256163,5116.58,0.57,0.00,-1,-1,0.00
dag_1225345267d447cc,unet_denoise_b63c1240,unet_denoise,3131479,16247894.03,16408675.74,16408677.20,16417354.85,1,8,4,866.69,8666,8.666,0.867,3312210469,331221046,6317.54,0.45,0.00,-1,-1,0.00
dag_bea8b8165f864dbb,unet_denoise_61738e79,unet_denoise,1776489,16248563.11,16417354.85,16417356.29,16426339.92,1,11,10,897.29,8972,8.972,0.897,2512214905,251221490,4791.67,0.86,0.00,-1,-1,0.00
dag_2ef9fa6af23a4570,vae_decode_44ba3f67,vae_decode,531091,16249159.20,16426339.92,16426341.35,16436337.98,1,13,14,998.57,9985,9.985,0.999,1076804804,107680480,2053.84,0.79,0.00,-1,-1,0.00
dag_959798270e604592,unet_denoise_b5e6b797,unet_denoise,3166836,16249590.28,16436337.98,16436339.42,16442214.05,1,9,6,586.39,5863,5.863,0.586,2968199743,296819974,5661.39,0.59,0.00,-1,-1,0.00
dag_7fcfd30e057e4720,sampler_17941e9c,sampler,2402161,16253064.36,16442214.05,16442215.50,16442497.16,1,8,4,27.09,270,0.270,0.027,488752748,48875274,932.22,0.40,0.00,-1,-1,0.00
dag_dffce61524874add,unet_denoise_27742c7a,unet_denoise,1837456,16253681.45,16442497.16,16442498.61,16449964.27,1,12,12,745.41,7454,7.454,0.745,1940968699,194096869,3702.10,0.50,0.00,-1,-1,0.00
dag_2604b14cf4864967,unet_denoise_2537fbde,unet_denoise,1597098,16254480.55,16449964.27,16449965.70,16460779.33,1,12,12,1080.26,10802,10.802,1.080,4984333795,498433379,9506.86,0.78,0.00,-1,-1,0.00
dag_48ce7371571e408e,unet_denoise_e99a1208,unet_denoise,2443694,16254711.63,16460779.33,16460780.79,16464079.45,1,13,14,328.73,3287,3.287,0.329,2939387037,293938703,5606.44,0.86,0.00,-1,-1,0.00
dag_df9fc3aa30db4ac6,sampler_5bda993b,sampler,955731,16264119.66,16464079.45,16464080.88,16464773.51,1,10,8,68.11,681,0.681,0.068,559693628,55969362,1067.53,0.65,0.00,-1,-1,0.00
dag_58f9446bbd3d4230,vae_decode_11dd7879,vae_decode,2508851,16264800.70,16464773.51,16464774.94,16475396.57,1,13,14,1061.08,10610,10.610,1.061,1491871461,149187146,2845.52,0.56,0.00,-1,-1,0.00
dag_72c99ec3b9a54445,sampler_1b5d40fb,sampler,788640,16276856.79,16475396.57,16475398.01,16476206.64,1,10,8,79.72,797,0.797,0.080,393363414,39336341,750.28,0.55,0.00,-1,-1,0.00
dag_c662227e80b24669,sampler_f5daa48e,sampler,1635280,16277795.96,16476206.64,16476208.07,16476642.70,1,10,8,42.33,423,0.423,0.042,452089126,45208912,862.29,0.62,0.00,-1,-1,0.00
dag_301b8aa355cf41a5,unet_denoise_5ce07f25,unet_denoise,1924705,16278445.06,16476642.70,16476644.12,16486331.74,1,7,2,967.69,9676,9.676,0.968,2935809179,293580917,5599.61,0.49,0.00,-1,-1,0.00
dag_7da0a6ba311a4a8d,sampler_36da4627,sampler,2557185,16279220.93,16486331.74,16486333.16,16486685.78,1,11,10,34.13,341,0.341,0.034,382487163,38248716,729.54,0.88,0.00,-1,-1,0.00
dag_087a3e55add54b84,sampler_3bd4731f,sampler,2579922,16283903.96,16486685.78,16486687.22,16487020.84,1,12,12,32.26,322,0.322,0.032,801236922,80123692,1528.24,0.95,0.00,-1,-1,0.00
dag_0a118d4db805487c,unet_denoise_eb5bb071,unet_denoise,2597180,16285057.03,16487020.84,16487022.30,16500802.95,1,10,8,1376.97,13769,13.769,1.377,3154759566,315475956,6017.23,0.44,0.00,-1,-1,0.00
dag_bb8425b128964146,sampler_39c46695,sampler,2714901,16291561.06,16500802.95,16500804.41,16501374.06,1,8,4,55.80,558,0.558,0.056,486748942,48674894,928.40,0.82,0.00,-1,-1,0.00
dag_99104302e6ae4866,sampler_e985cd96,sampler,2736704,16298897.16,16501374.06,16501375.52,16501773.17,1,12,12,38.68,386,0.386,0.039,511675193,51167519,975.94,0.57,0.00,-1,-1,0.00
dag_3616f9eb4acd4cce,sampler_f5c34cbc,sampler,2740620,16307890.22,16501773.17,16501774.63,16502338.28,1,8,4,55.25,552,0.552,0.055,512391916,51239191,977.31,0.83,0.00,-1,-1,0.00
dag_4612b1ef61374610,sampler_51f4c1b3,sampler,2746361,16309095.55,16502338.28,16502339.72,16502839.35,1,10,8,48.81,488,0.488,0.049,738828699,73882869,1409.20,0.50,0.00,-1,-1,0.00
dag_6751fb9a83ed408d,unet_denoise_bedcafea,unet_denoise,1980673,16309584.59,16502839.35,16502840.78,16510115.39,1,13,14,726.38,7263,7.263,0.726,3195951842,319595184,6095.79,0.54,0.00,-1,-1,0.00
dag_e7ccfd39016d4183,unet_denoise_cd8724bb,unet_denoise,2044685,16309918.69,16510115.39,16510116.85,16513960.50,1,12,12,383.27,3832,3.832,0.383,3661938979,366193897,6984.59,0.44,0.00,-1,-1,0.00
dag_2672a5cdae594062,sampler_b0ca1551,sampler,2065622,16315085.76,16513960.50,16513961.94,16514386.57,1,11,10,42.37,423,0.423,0.042,533046872,53304687,1016.71,0.49,0.00,-1,-1,0.00
dag_daff787d847b4d66,sampler_721811ea,sampler,2871924,16315721.42,16514386.57,16514388.00,16514661.63,1,7,2,26.29,262,0.262,0.026,685098126,68509812,1306.72,0.45,0.00,-1,-1,0.00
dag_45623821bc4b48ca,sampler_600005f1,sampler,2913489,16324114.47,16514661.63,16514663.08,16515082.74,1,11,10,40.80,408,0.408,0.041,450719264,45071926,859.68,0.47,0.00,-1,-1,0.00
dag_02c30d07c2df4f53,unet_denoise_31338ba4,unet_denoise,2094720,16324684.55,16515082.74,16515084.17,16525368.80,1,11,10,1027.33,10273,10.273,1.027,3946067499,394606749,7526.53,0.88,0.00,-1,-1,0.00
dag_8240779e963a41fd,unet_denoise_3c3f2162,unet_denoise,2195145,16325077.63,16525368.80,16525370.22,16531650.83,1,12,12,626.97,6269,6.269,0.627,2497807814,249780781,4764.19,0.77,0.00,-1,-1,0.00
dag_9c3a4b173dc84179,sampler_b62cb220,sampler,1024634,16334357.72,16531650.83,16531652.29,16532194.94,1,13,14,53.10,531,0.531,0.053,538777162,53877716,1027.64,0.58,0.00,-1,-1,0.00
dag_c4fc9dded3924f0a,sampler_5eba74c6,sampler,832179,16339410.79,16532194.94,16532196.38,16532488.01,1,8,4,28.01,280,0.280,0.028,561032546,56103254,1070.08,0.42,0.00,-1,-1,0.00
dag_44a26dab89444865,unet_denoise_05e902df,unet_denoise,1234450,16339760.87,16532488.01,16532489.44,16540176.07,1,11,10,767.52,7675,7.675,0.768,2660611183,266061118,5074.71,0.83,0.00,-1,-1,0.00
dag_58e29ceb412c47dc,sampler_db4081c5,sampler,1045271,16344487.90,16540176.07,16540177.51,16540479.13,1,9,6,29.03,290,0.290,0.029,340014931,34001493,648.53,0.64,0.00,-1,-1,0.00
dag_3ae1fe8af2dd4c57,unet_denoise_92c3abb4,unet_denoise,1245010,16344798.76,16540479.13,16540480.57,16549818.20,1,10,8,932.67,9326,9.326,0.933,2610315817,261031581,4978.78,0.64,0.00,-1,-1,0.00
dag_46cf51d5c3044117,sampler_df602a33,sampler,3003208,16350996.83,16549818.20,16549819.64,16550306.27,1,12,12,47.54,475,0.475,0.048,539565026,53956502,1029.14,0.93,0.00,-1,-1,0.00
dag_41ec2176cd454bc4,unet_denoise_7366b775,unet_denoise,1518045,16351457.89,16550306.27,16550307.71,16557123.35,1,9,6,680.49,6804,6.804,0.680,3180735309,318073530,6066.77,0.91,0.00,-1,-1,0.00
dag_73f06810d4f94121,sampler_3f946d67,sampler,1048269,16358666.97,16557123.35,16557243.97,16557425.44,2,1000,16,58.05,580,0.580,0.058,908206037,90820603,1732.27,0.91,0.00,-1,-1,0.00
dag_66afb2b173ef46b3,sampler_f663f0c4,sampler,1689059,16361541.05,16557425.44,16557426.89,16557642.54,1,6,0,21.44,214,0.214,0.021,644914233,64491423,1230.08,0.68,0.00,-1,-1,0.00
dag_acef7e389a114bcc,sampler_15d620be,sampler,833139,16362369.91,16557642.54,16557644.00,16558080.65,1,9,6,42.59,425,0.425,0.043,368115688,36811568,702.12,0.46,0.00,-1,-1,0.00
dag_4223921a13d94f85,unet_denoise_612f5c50,unet_denoise,1528507,16363149.97,16558080.65,16558082.09,16567998.71,1,6,0,990.58,9905,9.905,0.991,2665074971,266507497,5083.23,0.68,0.00,-1,-1,0.00
dag_6c49e8f33c75421e,unet_denoise_bd43135a,unet_denoise,2304077,16363438.11,16567998.71,16568000.15,16576121.78,1,8,4,812.03,8120,8.120,0.812,3574208629,357420862,6817.26,0.52,0.00,-1,-1,0.00
dag_e4d333c3eab5448d,unet_denoise_9d17650e,unet_denoise,1697292,16363752.20,16576121.78,16576123.23,16580173.88,1,10,8,404.00,4039,4.039,0.404,2631983722,263198372,5020.11,0.49,0.00,-1,-1,0.00
dag_7eeaa25eb2024286,unet_denoise_dc4b08bd,unet_denoise,846479,16364090.26,16580173.88,16580175.31,16584445.93,1,9,6,425.94,4259,4.259,0.426,4292470485,429247048,8187.24,0.67,0.00,-1,-1,0.00
dag_a7af186451ff4870,sampler_fd77c8bd,sampler,1076091,16373361.33,16584445.93,16584447.35,16585161.96,1,8,4,70.32,703,0.703,0.070,575385068,57538506,1097.46,0.51,0.00,-1,-1,0.00
dag_c939c36c249f4616,unet_denoise_c27a1e04,unet_denoise,852984,16373640.44,16585161.96,16585163.41,16590897.06,1,6,0,573.23,5732,5.732,0.573,3242820548,324282054,6185.19,0.68,0.00,-1,-1,0.00
dag_3d98a7542f9e4c06,unet_denoise_df578c6b,unet_denoise,665144,16374112.55,16590897.06,16590898.50,16597366.14,1,8,4,645.69,6456,6.456,0.646,2521535507,252153550,4809.45,0.54,0.00,-1,-1,0.00
dag_460c3a8ec45a455a,sampler_e080d0b7,sampler,3071505,16384347.58,16597366.14,16597367.58,16597934.22,1,8,4,55.58,555,0.555,0.056,519460906,51946090,990.79,0.75,0.00,-1,-1,0.00
dag_12e6b55766fb4483,sampler_f6f064c7,sampler,1397302,16393205.68,16597934.22,16597935.66,16598475.29,1,8,4,53.82,538,0.538,0.054,401385291,40138529,765.58,0.69,0.00,-1,-1,0.00
dag_0605d9f01775453c,sampler_e38f3f92,sampler,638666,16402419.75,16598475.29,16598476.72,16599098.33,1,9,6,61.10,610,0.610,0.061,733548264,73354826,1399.13,0.88,0.00,-1,-1,0.00
dag_52fb11ac19314df7,unet_denoise_1e7ee63b,unet_denoise,3088750,16402717.69,16599098.33,16599099.78,16607217.43,1,6,0,811.61,8116,8.116,0.812,3703770128,370377012,7064.38,0.52,0.00,-1,-1,0.00
dag_53ac1a8f51e34e5c,sampler_c5f8c8f4,sampler,1745860,16408675.74,16607217.43,16607337.82,16607498.19,2,1000,16,37.21,372,0.372,0.037,598780317,59878031,1142.08,0.54,0.00,-1,-1,0.00
dag_1225345267d447cc,sampler_48cad4f4,sampler,3131479,16417354.85,16607498.19,16607499.63,16608045.27,1,8,4,53.44,534,0.534,0.053,379554989,37955498,723.94,0.87,0.00,-1,-1,0.00
dag_bea8b8165f864dbb,sampler_92fad9f6,sampler,1776489,16426339.92,16608045.27,16608046.71,16608663.35,1,9,6,60.53,605,0.605,0.061,747988023,74798802,1426.67,0.94,0.00,-1,-1,0.00
dag_959798270e604592,sampler_b08f52cc,sampler,3166836,16442214.05,16608663.35,16608664.79,16609013.42,1,6,0,33.76,337,0.337,0.034,578244518,57824451,1102.91,0.56,0.00,-1,-1,0.00
dag_7fcfd30e057e4720,unet_denoise_e89ee456,unet_denoise,2402161,16442497.16,16609013.42,16609134.21,16609639.99,2,1000,16,382.17,3821,3.821,0.382,2447484194,244748419,4668.21,0.79,0.00,-1,-1,0.00
dag_dffce61524874add,sampler_0cde908f,sampler,1837456,16449964.27,16609639.99,16609641.43,16610153.07,1,8,4,50.04,500,0.500,0.050,516734732,51673473,985.59,0.76,0.00,-1,-1,0.00
dag_2604b14cf4864967,sampler_f3068967,sampler,1597098,16460779.33,16610153.07,16610154.51,16610874.15,1,6,0,70.84,708,0.708,0.071,297197739,29719773,566.86,0.43,0.00,-1,-1,0.00
dag_48ce7371571e408e,sampler_681847d1,sampler,2443694,16464079.45,16610874.15,16610875.59,16611075.23,1,12,12,18.81,188,0.188,0.019,721956713,72195671,1377.02,0.50,0.00,-1,-1,0.00
dag_df9fc3aa30db4ac6,unet_denoise_8e4c65bf,unet_denoise,955731,16464773.51,16611075.23,16611076.67,16620944.31,1,12,12,985.69,9856,9.856,0.986,2585501214,258550121,4931.45,0.46,0.00,-1,-1,0.00
dag_72c99ec3b9a54445,unet_denoise_50f24647,unet_denoise,788640,16476206.64,16620944.31,16620945.75,16632434.38,1,6,0,1147.71,11477,11.477,1.148,2263068683,226306868,4316.46,0.80,0.00,-1,-1,0.00
dag_c662227e80b24669,unet_denoise_ab1d3721,unet_denoise,1635280,16476642.70,16632434.38,16632435.82,16638422.45,1,13,14,597.54,5975,5.975,0.598,2654529289,265452928,5063.11,0.45,0.00,-1,-1,0.00
dag_301b8aa355cf41a5,sampler_d547f293,sampler,1924705,16486331.74,16638422.45,16638423.89,16639021.53,1,11,10,58.62,586,0.586,0.059,532809070,53280907,1016.25,0.59,0.00,-1,-1,0.00
dag_7da0a6ba311a4a8d,unet_denoise_f6be4071,unet_denoise,2557185,16486685.78,16639021.53,16639022.97,16644161.62,1,7,2,512.79,5127,5.127,0.513,4450568801,445056880,8488.79,0.93,0.00,-1,-1,0.00
dag_087a3e55add54b84,unet_denoise_2e4db209,unet_denoise,2579922,16487020.84,16644161.62,16644282.24,16644943.31,2,1000,16,537.67,5376,5.376,0.538,3432646529,343264652,6547.25,0.61,0.00,-1,-1,0.00
dag_0a118d4db805487c,sampler_9257f12d,sampler,2597180,16500802.95,16644943.31,16644944.73,16646007.36,1,6,0,105.18,1051,1.051,0.105,822657377,82265737,1569.09,0.53,0.00,-1,-1,0.00
dag_bb8425b128964146,unet_denoise_4bef1436,unet_denoise,2714901,16501374.06,16646007.36,16646008.78,16652671.40,1,12,12,665.17,6651,6.651,0.665,2821443948,282144394,5381.48,0.67,0.00,-1,-1,0.00
dag_99104302e6ae4866,unet_denoise_d79c32fd,unet_denoise,2736704,16501773.17,16652671.40,16652672.83,16660180.46,1,8,4,749.70,7496,7.496,0.750,3376716728,337671672,6440.58,0.44,0.00,-1,-1,0.00
dag_3616f9eb4acd4cce,unet_denoise_2122db2b,unet_denoise,2740620,16502338.28,16660180.46,16660301.39,16661102.44,2,1000,16,677.24,6772,6.772,0.677,2918805996,291880599,5567.18,0.46,0.00,-1,-1,0.00
dag_4612b1ef61374610,unet_denoise_311cc00f,unet_denoise,2746361,16502839.35,16661102.44,16661223.16,16662251.05,2,1000,16,904.33,9043,9.043,0.904,2222730142,222273014,4239.52,0.64,0.00,-1,-1,0.00
dag_6751fb9a83ed408d,sampler_a501929d,sampler,1980673,16510115.39,16662251.05,16662252.48,16662750.10,1,12,12,49.65,496,0.496,0.050,444019603,44401960,846.90,0.64,0.00,-1,-1,0.00
dag_e7ccfd39016d4183,sampler_5733efdf,sampler,2044685,16513960.50,16662750.10,16662751.55,16663012.19,1,8,4,24.90,249,0.249,0.025,676641989,67664198,1290.59,0.62,0.00,-1,-1,0.00
dag_2672a5cdae594062,unet_denoise_5ca857ae,unet_denoise,2065622,16514386.57,16663012.19,16663013.63,16668247.27,1,10,8,522.23,5222,5.222,0.522,2505134358,250513435,4778.16,0.42,0.00,-1,-1,0.00
dag_daff787d847b4d66,unet_denoise_2289e761,unet_denoise,2871924,16514661.63,16668247.27,16668248.72,16672587.37,1,9,6,432.71,4327,4.327,0.433,4330981614,433098161,8260.69,0.61,0.00,-1,-1,0.00
dag_45623821bc4b48ca,unet_denoise_1d1c8f05,unet_denoise,2913489,16515082.74,16672587.37,16672588.79,16679493.41,1,13,14,689.35,6893,6.893,0.689,3928979191,392897919,7493.93,0.85,0.00,-1,-1,0.00
dag_02c30d07c2df4f53,sampler_c678269d,sampler,2094720,16525368.80,16679493.41,16679614.24,16679808.86,2,1000,16,70.94,709,0.709,0.071,480321775,48032177,916.14,0.87,0.00,-1,-1,0.00
dag_8240779e963a41fd,sampler_f8628871,sampler,2195145,16531650.83,16679808.86,16679929.78,16680090.34,2,1000,16,36.75,367,0.367,0.037,634396098,63439609,1210.01,0.75,0.00,-1,-1,0.00
dag_9c3a4b173dc84179,unet_denoise_eb3301a8,unet_denoise,1024634,16532194.94,16680090.34,16680091.78,16687284.42,1,13,14,718.14,7181,7.181,0.718,2587188821,258718882,4934.67,0.78,0.00,-1,-1,0.00
dag_c4fc9dded3924f0a,unet_denoise_136aa8b4,unet_denoise,832179,16532488.01,16687284.42,16687285.85,16691950.48,1,6,0,465.36,4653,4.653,0.465,2854558477,285455847,5444.64,0.48,0.00,-1,-1,0.00
dag_44a26dab89444865,sampler_22a0159d,sampler,1234450,16540176.07,16691950.48,16691951.89,16692406.50,1,6,0,44.36,443,0.443,0.044,814774138,81477413,1554.06,0.59,0.00,-1,-1,0.00
dag_58e29ceb412c47dc,unet_denoise_f3163434,unet_denoise,1045271,16540479.13,16692406.50,16692527.23,16693099.42,2,1000,16,448.62,4486,4.486,0.449,2324558297,232455829,4433.74,0.51,0.00,-1,-1,0.00
dag_3ae1fe8af2dd4c57,sampler_efbfd916,sampler,1245010,16549818.20,16693099.42,16693100.86,16693774.50,1,12,12,66.22,662,0.662,0.066,518199581,51819958,988.39,0.51,0.00,-1,-1,0.00
dag_46cf51d5c3044117,unet_denoise_38c1458a,unet_denoise,3003208,16550306.27,16693774.50,16693775.94,16699672.58,1,12,12,588.50,5885,5.885,0.589,4017733956,401773395,7663.22,0.71,0.00,-1,-1,0.00
dag_41ec2176cd454bc4,sampler_8680e965,sampler,1518045,16557123.35,16699672.58,16699674.02,16700209.66,1,8,4,52.44,524,0.524,0.052,635902173,63590217,1212.89,0.75,0.00,-1,-1,0.00
dag_73f06810d4f94121,unet_denoise_9f857954,unet_denoise,1048269,16557425.44,16700209.66,16700211.10,16707996.73,1,10,8,777.41,7774,7.774,0.777,3483652446,348365244,6644.54,0.72,0.00,-1,-1,0.00
dag_66afb2b173ef46b3,unet_denoise_bd393366,unet_denoise,1689059,16557642.54,16707996.73,16707998.16,16711226.78,1,6,0,321.78,3217,3.217,0.322,3765787038,376578703,7182.67,0.83,0.00,-1,-1,0.00
dag_acef7e389a114bcc,unet_denoise_6f32f1b4,unet_denoise,833139,16558080.65,16711226.78,16711228.21,16716950.83,1,6,0,571.20,5711,5.711,0.571,3112797057,311279705,5937.19,0.89,0.00,-1,-1,0.00
dag_4223921a13d94f85,sampler_dc6f3c82,sampler,1528507,16567998.71,16716950.83,16717071.62,16717270.30,2,1000,16,75.08,750,0.750,0.075,564983372,56498337,1077.62,0.53,0.00,-1,-1,0.00
dag_6c49e8f33c75421e,sampler_6c63cfce,sampler,2304077,16576121.78,16717270.30,16717271.73,16717756.37,1,7,2,47.38,473,0.473,0.047,756044808,75604480,1442.04,0.53,0.00,-1,-1,0.00
dag_e4d333c3eab5448d,sampler_f8887d74,sampler,1697292,16580173.88,16717756.37,16717877.16,16718026.13,2,1000,16,25.33,253,0.253,0.025,487537605,48753760,929.90,0.57,0.00,-1,-1,0.00
dag_7eeaa25eb2024286,sampler_b0256575,sampler,846479,16584445.93,16718026.13,16718027.55,16718344.16,1,9,6,30.53,305,0.305,0.031,240504630,24050463,458.73,0.43,0.00,-1,-1,0.00
dag_a7af186451ff4870,unet_denoise_50d747a4,unet_denoise,1076091,16585161.96,16718344.16,16718345.59,16728345.22,1,13,14,998.89,9988,9.988,0.999,4099969443,409996944,7820.07,0.41,0.00,-1,-1,0.00
dag_c939c36c249f4616,sampler_7803b770,sampler,852984,16590897.06,16728345.22,16728346.65,16728716.27,1,7,2,35.84,358,0.358,0.036,431447556,43144755,822.92,0.74,0.00,-1,-1,0.00
dag_3d98a7542f9e4c06,sampler_c21c062b,sampler,665144,16597366.14,16728716.27,16728717.70,16729170.33,1,11,10,44.14,441,0.441,0.044,526856267,52685626,1004.90,0.89,0.00,-1,-1,0.00
dag_460c3a8ec45a455a,unet_denoise_27bf3bf8,unet_denoise,3071505,16597934.22,16729170.33,16729171.76,16739431.38,1,13,14,1024.90,10248,10.248,1.025,4407925580,440792558,8407.45,0.81,0.00,-1,-1,0.00
dag_12e6b55766fb4483,unet_denoise_6837ad9c,unet_denoise,1397302,16598475.29,16739431.38,16739432.80,16749100.42,1,13,14,965.65,9656,9.656,0.966,2761463633,276146363,5267.07,0.48,0.00,-1,-1,0.00
dag_0605d9f01775453c,unet_denoise_1bbfd1e2,unet_denoise,638666,16599098.33,16749100.42,16749101.86,16758069.49,1,8,4,895.69,8956,8.956,0.896,2491470011,249147001,4752.10,0.47,0.00,-1,-1,0.00
dag_52fb11ac19314df7,sampler_39d662e9,sampler,3088750,16607217.43,16758069.49,16758070.92,16758573.55,1,7,2,50.19,501,0.501,0.050,421229076,42122907,803.43,0.59,0.00,-1,-1,0.00
dag_53ac1a8f51e34e5c,unet_denoise_987ab8c5,unet_denoise,1745860,16607498.19,16758573.55,16758575.00,16763847.65,1,12,12,526.11,5261,5.261,0.526,3211246580,321124658,6124.97,0.47,0.00,-1,-1,0.00
dag_1225345267d447cc,unet_denoise_6f157e5c,unet_denoise,3131479,16608045.27,16763847.65,16763849.10,16771240.75,1,6,0,739.03,7390,7.390,0.739,2841616968,284161696,5419.95,0.50,0.00,-1,-1,0.00
dag_bea8b8165f864dbb,unet_denoise_8f6b89cc,unet_denoise,1776489,16608663.35,16771240.75,16771242.18,16780489.82,1,13,14,923.60,9236,9.236,0.924,2824945475,282494547,5388.16,0.53,0.00,-1,-1,0.00
dag_959798270e604592,unet_denoise_87bf4d69,unet_denoise,3166836,16609013.42,16780489.82,16780491.24,16786449.85,1,10,8,594.70,5947,5.947,0.595,3165573387,316557338,6037.85,0.70,0.00,-1,-1,0.00
dag_7fcfd30e057e4720,sampler_25dbc82b,sampler,2402161,16609639.99,16786449.85,16786451.30,16786684.94,1,11,10,22.21,222,0.222,0.022,522090008,52209000,995.81,0.55,0.00,-1,-1,0.00
dag_dffce61524874add,unet_denoise_7425f656,unet_denoise,1837456,16610153.07,16786684.94,16786686.38,16794034.03,1,9,6,733.68,7336,7.336,0.734,3321383621,332138362,6335.04,0.48,0.00,-1,-1,0.00
dag_2604b14cf4864967,unet_denoise_1a7e725a,unet_denoise,1597098,16610874.15,16794034.03,16794035.47,16806701.10,1,10,8,1265.49,12654,12.654,1.265,3390678109,339067810,6467.21,0.58,0.00,-1,-1,0.00
dag_48ce7371571e408e,unet_denoise_087afae3,unet_denoise,2443694,16611075.23,16806701.10,16806702.54,16810192.18,1,9,6,347.90,3478,3.478,0.348,2193647831,219364783,4184.05,0.58,0.00,-1,-1,0.00
dag_df9fc3aa30db4ac6,sampler_3a9dd40c,sampler,955731,16620944.31,16810192.18,16810193.62,16810839.27,1,8,4,63.47,634,0.634,0.063,542959804,54295980,1035.61,0.56,0.00,-1,-1,0.00
dag_72c99ec3b9a54445,sampler_f8dede87,sampler,788640,16632434.38,16810839.27,16810840.69,16811641.31,1,9,6,78.96,789,0.789,0.079,470065048,47006504,896.58,0.94,0.00,-1,-1,0.00
dag_c662227e80b24669,sampler_54d59912,sampler,1635280,16638422.45,16811641.31,16811642.74,16812049.37,1,13,14,39.54,395,0.395,0.040,604513055,60451305,1153.02,0.67,0.00,-1,-1,0.00
dag_301b8aa355cf41a5,unet_denoise_c5edcbc2,unet_denoise,1924705,16639021.53,16812049.37,16812050.82,16821694.46,1,13,14,963.22,9632,9.632,0.963,3374070438,337407043,6435.53,0.50,0.00,-1,-1,0.00
dag_7da0a6ba311a4a8d,sampler_18f43534,sampler,2557185,16644161.62,16821694.46,16821695.90,16822040.53,1,10,8,33.40,333,0.333,0.033,701814203,70181420,1338.60,0.53,0.00,-1,-1,0.00
dag_087a3e55add54b84,sampler_51e40af1,sampler,2579922,16644943.31,16822040.53,16822041.95,16822358.57,1,7,2,30.52,305,0.305,0.031,394650083,39465008,752.74,0.89,0.00,-1,-1,0.00
dag_0a118d4db805487c,unet_denoise_7ff1d47c,unet_denoise,2597180,16646007.36,16822358.57,16822359.99,16837051.61,1,13,14,1468.00,14680,14.680,1.468,2375167429,237516742,4530.27,0.61,0.00,-1,-1,0.00
dag_bb8425b128964146,sampler_c9cc3f5b,sampler,2714901,16652671.40,16837051.61,16837053.06,16837585.70,1,8,4,52.16,521,0.521,0.052,385134617,38513461,734.59,0.81,0.00,-1,-1,0.00
dag_99104302e6ae4866,sampler_b45d04e4,sampler,2736704,16660180.46,16837585.70,16837587.14,16838079.79,1,13,14,48.15,481,0.481,0.048,634769220,63476922,1210.73,0.57,0.00,-1,-1,0.00
dag_3616f9eb4acd4cce,sampler_02fc8d03,sampler,2740620,16661102.44,16838079.79,16838200.51,16838379.00,2,1000,16,54.97,549,0.549,0.055,356039992,35603999,679.09,0.52,0.00,-1,-1,0.00
dag_4612b1ef61374610,sampler_a4a4113a,sampler,2746361,16662251.05,16838379.00,16838380.44,16838939.07,1,12,12,54.76,547,0.547,0.055,373313897,37331389,712.04,0.71,0.00,-1,-1,0.00
dag_6751fb9a83ed408d,unet_denoise_c9a0c253,unet_denoise,1980673,16662750.10,16838939.07,16838940.51,16845178.16,1,13,14,622.65,6226,6.226,0.623,4213593455,421359345,8036.79,0.69,0.00,-1,-1,0.00
dag_e7ccfd39016d4183,unet_denoise_d1371536,unet_denoise,2044685,16663012.19,16845178.16,16845179.58,16848887.20,1,11,10,369.70,3696,3.696,0.370,2213003500,221300350,4220.97,0.52,0.00,-1,-1,0.00
dag_2672a5cdae594062,sampler_63f7a93f,sampler,2065622,16668247.27,16848887.20,16848888.63,16849242.27,1,7,2,34.25,342,0.342,0.034,480019718,48001971,915.56,0.85,0.00,-1,-1,0.00
dag_daff787d847b4d66,sampler_61c03bfb,sampler,2871924,16672587.37,16849242.27,16849362.99,16849513.68,2,1000,16,27.18,271,0.271,0.027,433379029,43337902,826.60,0.87,0.00,-1,-1,0.00
dag_45623821bc4b48ca,sampler_02e7900e,sampler,2913489,16679493.41,16849513.68,16849515.10,16849921.72,1,9,6,39.54,395,0.395,0.040,374168536,37416853,713.67,0.93,0.00,-1,-1,0.00
dag_02c30d07c2df4f53,unet_denoise_e7d4e683,unet_denoise,2094720,16679808.86,16849921.72,16849923.16,16859554.79,1,11,10,962.06,9620,9.620,0.962,3111512262,311151226,5934.74,0.88,0.00,-1,-1,0.00
dag_8240779e963a41fd,unet_denoise_ed65cb7c,unet_denoise,2195145,16680090.34,16859554.79,16859556.21,16865398.83,1,13,14,584.19,5841,5.841,0.584,2995907500,299590750,5714.24,0.47,0.00,-1,-1,0.00
dag_9c3a4b173dc84179,sampler_94ab22c8,sampler,1024634,16687284.42,16865398.83,16865400.25,16865792.87,1,7,2,38.19,381,0.381,0.038,514620976,51462097,981.56,0.90,0.00,-1,-1,0.00
dag_c4fc9dded3924f0a,sampler_5fb28b52,sampler,832179,16691950.48,16865792.87,16865794.31,16866131.95,1,7,2,32.65,326,0.326,0.033,478704152,47870415,913.06,0.57,0.00,-1,-1,0.00
dag_44a26dab89444865,unet_denoise_c37aeda4,unet_denoise,1234450,16692406.50,16866131.95,16866133.37,16873227.99,1,7,2,708.32,7083,7.083,0.708,3361887182,336188718,6412.29,0.82,0.00,-1,-1,0.00
dag_58e29ceb412c47dc,sampler_46c153fd,sampler,1045271,16693099.42,16873227.99,16873229.43,16873521.07,1,12,12,28.04,280,0.280,0.028,647338322,64733832,1234.70,0.87,0.00,-1,-1,0.00
dag_3ae1fe8af2dd4c57,unet_denoise_f5421637,unet_denoise,1245010,16693774.50,16873521.07,16873522.51,16886733.14,1,9,6,1319.93,13199,13.199,1.320,2431980778,243198077,4638.64,0.46,0.00,-1,-1,0.00
dag_46cf51d5c3044117,sampler_cec22cee,sampler,3003208,16699672.58,16886733.14,16886734.57,16887217.21,1,8,4,48.16,481,0.481,0.048,490462319,49046231,935.48,0.56,0.00,-1,-1,0.00
dag_41ec2176cd454bc4,unet_denoise_5b5ead61,unet_denoise,1518045,16700209.66,16887217.21,16887337.67,16888184.61,2,1000,16,723.79,7237,7.237,0.724,2627340426,262734042,5011.25,0.50,0.00,-1,-1,0.00
dag_73f06810d4f94121,sampler_850ecd5d,sampler,1048269,16707996.73,16888184.61,16888186.05,16888766.68,1,10,8,56.98,569,0.569,0.057,389758362,38975836,743.41,0.41,0.00,-1,-1,0.00
dag_66afb2b173ef46b3,sampler_8dde7689,sampler,1689059,16711226.78,16888766.68,16888768.12,16888989.75,1,8,4,21.04,210,0.210,0.021,861849780,86184978,1643.85,0.54,0.00,-1,-1,0.00
dag_acef7e389a114bcc,sampler_9ecf1b55,sampler,833139,16716950.83,16888989.75,16888991.20,16889378.85,1,6,0,38.69,386,0.386,0.039,641140984,64114098,1222.88,0.49,0.00,-1,-1,0.00
dag_4223921a13d94f85,unet_denoise_2706442c,unet_denoise,1528507,16717270.30,16889378.85,16889380.29,16899802.92,1,10,8,1041.19,10411,10.411,1.041,2390214237,239021423,4558.97,0.59,0.00,-1,-1,0.00
dag_6c49e8f33c75421e,unet_denoise_0bb9dba4,unet_denoise,2304077,16717756.37,16899802.92,16899804.36,16906451.99,1,11,10,663.64,6636,6.636,0.664,2729823506,272982350,5206.73,0.75,0.00,-1,-1,0.00
dag_e4d333c3eab5448d,unet_denoise_be6bb304,unet_denoise,1697292,16718026.13,16906451.99,16906453.42,16910418.06,1,12,12,395.37,3953,3.953,0.395,3962420004,396242000,7557.72,0.69,0.00,-1,-1,0.00
dag_7eeaa25eb2024286,unet_denoise_3fa42be8,unet_denoise,846479,16718344.16,16910418.06,16910419.49,16916143.13,1,12,12,571.27,5712,5.712,0.571,2944206965,294420696,5615.63,0.53,0.00,-1,-1,0.00
dag_a7af186451ff4870,sampler_1ae67dd7,sampler,1076091,16728345.22,16916143.13,16916144.55,16916677.17,1,10,8,52.12,521,0.521,0.052,357558522,35755852,681.99,0.47,0.00,-1,-1,0.00
dag_c939c36c249f4616,unet_denoise_96f5bde6,unet_denoise,852984,16728716.27,16916677.17,16916678.60,16921953.23,1,11,10,527.32,5273,5.273,0.527,2758347635,275834763,5261.13,0.51,0.00,-1,-1,0.00
dag_3d98a7542f9e4c06,unet_denoise_768cd439,unet_denoise,665144,16729170.33,16921953.23,16921954.67,16929432.31,1,13,14,746.68,7466,7.466,0.747,2411239526,241123952,4599.07,0.81,0.00,-1,-1,0.00
dag_460c3a8ec45a455a,sampler_94414557,sampler,3071505,16739431.38,16929432.31,16929433.76,16930205.41,1,12,12,76.03,760,0.760,0.076,448598798,44859879,855.63,0.95,0.00,-1,-1,0.00
dag_12e6b55766fb4483,sampler_036d5331,sampler,1397302,16749100.42,16930205.41,16930206.84,16930782.48,1,9,6,56.45,564,0.564,0.056,874693548,87469354,1668.35,0.89,0.00,-1,-1,0.00
dag_0605d9f01775453c,sampler_61bf40e2,sampler,638666,16758069.49,16930782.48,16930903.20,16931094.09,2,1000,16,67.32,673,0.673,0.067,763246156,76324615,1455.78,0.83,0.00,-1,-1,0.00
dag_52fb11ac19314df7,unet_denoise_f8b00410,unet_denoise,3088750,16758573.55,16931094.09,16931095.52,16938687.16,1,9,6,758.08,7580,7.580,0.758,3199160495,319916049,6101.91,0.77,0.00,-1,-1,0.00
dag_53ac1a8f51e34e5c,sampler_9fba9977,sampler,1745860,16763847.65,16938687.16,16938688.58,16939045.21,1,7,2,34.53,345,0.345,0.035,332338357,33233835,633.89,0.83,0.00,-1,-1,0.00
dag_1225345267d447cc,sampler_09b1cabb,sampler,3131479,16771240.75,16939045.21,16939046.63,16939621.25,1,8,4,56.39,563,0.563,0.056,527604880,52760488,1006.33,0.52,0.00,-1,-1,0.00
dag_bea8b8165f864dbb,sampler_8b08b676,sampler,1776489,16780489.82,16939621.25,16939622.69,16940240.33,1,12,12,60.68,606,0.606,0.061,839192729,83919272,1600.63,0.71,0.00,-1,-1,0.00
dag_959798270e604592,sampler_8a5c273f,sampler,3166836,16786449.85,16940240.33,16940241.77,16940646.42,1,8,4,39.37,393,0.393,0.039,426430070,42643007,813.35,0.52,0.00,-1,-1,0.00
dag_7fcfd30e057e4720,unet_denoise_c91dbe17,unet_denoise,2402161,16786684.94,16940646.42,16940647.86,16944188.49,1,8,4,352.99,3529,3.529,0.353,3186712886,318671288,6078.17,0.47,0.00,-1,-1,0.00
dag_dffce61524874add,sampler_b9e4a90b,sampler,1837456,16794034.03,16944188.49,16944189.94,16944869.59,1,8,4,66.84,668,0.668,0.067,425052034,42505203,810.72,0.61,0.00,-1,-1,0.00
dag_2604b14cf4864967,sampler_0c04f9d2,sampler,1597098,16806701.10,16944869.59,16944990.31,16945199.10,2,1000,16,85.20,852,0.852,0.085,421923450,42192345,804.76,0.43,0.00,-1,-1,0.00
dag_48ce7371571e408e,sampler_9809d58b,sampler,2443694,16810192.18,16945199.10,16945200.54,16945401.17,1,11,10,18.95,189,0.189,0.019,338836645,33883664,646.28,0.41,0.00,-1,-1,0.00
dag_df9fc3aa30db4ac6,unet_denoise_435133ad,unet_denoise,955731,16810839.27,16945401.17,16945402.60,16954113.22,1,7,2,869.93,8699,8.699,0.870,3445341749,344534174,6571.47,0.46,0.00,-1,-1,0.00
dag_72c99ec3b9a54445,unet_denoise_f9f6d1d6,unet_denoise,788640,16811641.31,16954113.22,16954233.98,16955369.41,2,1000,16,1011.87,10118,10.118,1.012,3209727831,320972783,6122.07,0.71,0.00,-1,-1,0.00
dag_c662227e80b24669,unet_denoise_75944792,unet_denoise,1635280,16812049.37,16955369.41,16955370.85,16962320.49,1,7,2,694.87,6948,6.948,0.695,5309871259,530987125,10127.78,0.51,0.00,-1,-1,0.00
dag_301b8aa355cf41a5,sampler_6336c5ab,sampler,1924705,16821694.46,16962320.49,16962321.93,16963018.58,1,10,8,68.56,685,0.685,0.069,334915822,33491582,638.80,0.64,0.00,-1,-1,0.00
dag_7da0a6ba311a4a8d,unet_denoise_c8e46390,unet_denoise,2557185,16822040.53,16963018.58,16963139.10,16963725.94,2,1000,16,463.58,4635,4.635,0.464,4593784164,459378416,8761.95,0.64,0.00,-1,-1,0.00
dag_087a3e55add54b84,unet_denoise_30548106,unet_denoise,2579922,16822358.57,16963725.94,16963727.38,16968848.03,1,12,12,510.91,5109,5.109,0.511,2912150501,291215050,5554.49,0.46,0.00,-1,-1,0.00
dag_0a118d4db805487c,sampler_de44a447,sampler,2597180,16837051.61,16968848.03,16968849.45,16969872.06,1,11,10,101.17,1011,1.011,0.101,581819787,58181978,1109.73,0.76,0.00,-1,-1,0.00
dag_bb8425b128964146,unet_denoise_e5b11a06,unet_denoise,2714901,16837585.70,16969872.06,16969992.65,16970853.37,2,1000,16,737.36,7373,7.373,0.737,2729750131,272975013,5206.59,0.65,0.00,-1,-1,0.00
dag_99104302e6ae4866,unet_denoise_332f186a,unet_denoise,2736704,16838079.79,16970853.37,16970854.81,16976220.45,1,12,12,535.45,5354,5.354,0.535,2190443374,219044337,4177.94,0.81,0.00,-1,-1,0.00
dag_3616f9eb4acd4cce,unet_denoise_4e13c18b,unet_denoise,2740620,16838379.00,16976220.45,16976221.89,16983669.53,1,9,6,743.69,7436,7.436,0.744,3157277788,315727778,6022.03,0.62,0.00,-1,-1,0.00
dag_4612b1ef61374610,unet_denoise_113fbacd,unet_denoise,2746361,16838939.07,16983669.53,16983670.95,16992355.57,1,8,4,867.32,8673,8.673,0.867,2537318245,253731824,4839.55,0.62,0.00,-1,-1,0.00
dag_6751fb9a83ed408d,sampler_18c8ccbe,sampler,1980673,16845178.16,16992355.57,16992357.02,16992915.68,1,10,8,54.71,547,0.547,0.055,379918801,37991880,724.64,0.77,0.00,-1,-1,0.00
dag_e7ccfd39016d4183,sampler_3459fbe6,sampler,2044685,16848887.20,16992915.68,16992917.11,16993174.74,1,8,4,24.63,246,0.246,0.025,581617861,58161786,1109.35,0.81,0.00,-1,-1,0.00
dag_2672a5cdae594062,unet_denoise_247af548,unet_denoise,2065622,16849242.27,16993174.74,16993176.19,16997031.84,1,12,12,384.44,3844,3.844,0.384,2292783969,229278396,4373.14,0.93,0.00,-1,-1,0.00
dag_daff787d847b4d66,unet_denoise_50a76f59,unet_denoise,2871924,16849513.68,16997031.84,16997033.26,17000752.88,1,13,14,370.86,3708,3.708,0.371,1979469154,197946915,3775.54,0.43,0.00,-1,-1,0.00
dag_45623821bc4b48ca,unet_denoise_f01dc163,unet_denoise,2913489,16849921.72,17000752.88,17000754.31,17007346.94,1,10,8,659.16,6591,6.591,0.659,2416731584,241673158,4609.55,0.88,0.00,-1,-1,0.00
dag_02c30d07c2df4f53,sampler_6840fbd2,sampler,2094720,16859554.79,17007346.94,17007348.37,17007897.00,1,10,8,53.77,537,0.537,0.054,472942596,47294259,902.07,0.53,0.00,-1,-1,0.00
dag_8240779e963a41fd,sampler_5840d77a,sampler,2195145,16865398.83,17007897.00,17007898.45,17008366.11,1,13,14,45.60,456,0.456,0.046,481860096,48186009,919.08,0.56,0.00,-1,-1,0.00
dag_9c3a4b173dc84179,unet_denoise_fea20c82,unet_denoise,1024634,16865792.87,17008366.11,17008367.54,17015047.17,1,6,0,666.89,6668,6.668,0.667,3693825129,369382512,7045.41,0.88,0.00,-1,-1,0.00
dag_c4fc9dded3924f0a,unet_denoise_4b86835f,unet_denoise,832179,16866131.95,17015047.17,17015048.60,17019387.23,1,12,12,432.76,4327,4.327,0.433,3142301070,314230107,5993.46,0.51,0.00,-1,-1,0.00
dag_44a26dab89444865,sampler_9a38f323,sampler,1234450,16873227.99,17019387.23,17019388.66,17019892.29,1,11,10,49.21,492,0.492,0.049,371039340,37103934,707.70,0.69,0.00,-1,-1,0.00
dag_58e29ceb412c47dc,unet_denoise_c2741cf2,unet_denoise,1045271,16873521.07,17019892.29,17019893.74,17024119.38,1,8,4,421.42,4214,4.214,0.421,2162087805,216208780,4123.86,0.81,0.00,-1,-1,0.00
dag_3ae1fe8af2dd4c57,sampler_677ac469,sampler,1245010,16886733.14,17024119.38,17024240.48,17024447.25,2,1000,16,82.72,827,0.827,0.083,541543845,54154384,1032.91,0.59,0.00,-1,-1,0.00
dag_41ec2176cd454bc4,sampler_ae77171e,sampler,1518045,16888184.61,17031241.69,17031243.12,17031651.75,1,6,0,39.79,397,0.397,0.040,817966926,81796692,1560.15,0.45,0.00,-1,-1,0.00
dag_66afb2b173ef46b3,unet_denoise_aff4b188,unet_denoise,1689059,16888989.75,17039386.17,17039387.61,17043199.25,1,7,2,380.04,3800,3.800,0.380,3170438138,317043813,6047.13,0.72,0.00,-1,-1,0.00
dag_acef7e389a114bcc,unet_denoise_6038dfce,unet_denoise,833139,16889378.85,17043199.25,17043200.71,17048653.38,1,10,8,544.18,5441,5.441,0.544,2972323546,297232354,5669.26,0.64,0.00,-1,-1,0.00
dag_4223921a13d94f85,sampler_124c29e8,sampler,1528507,16899802.92,17048653.38,17048654.84,17049412.50,1,6,0,75.67,756,0.756,0.076,384120529,38412052,732.65,0.70,0.00,-1,-1,0.00
dag_6c49e8f33c75421e,sampler_d6780076,sampler,2304077,16906451.99,17049412.50,17049413.94,17049860.58,1,7,2,43.54,435,0.435,0.044,445047238,44504723,848.86,0.46,0.00,-1,-1,0.00
dag_e4d333c3eab5448d,sampler_9e6960da,sampler,1697292,16910418.06,17049860.58,17049862.01,17050151.64,1,8,4,28.89,288,0.288,0.029,578504566,57850456,1103.41,0.92,0.00,-1,-1,0.00
dag_7eeaa25eb2024286,sampler_1983b29b,sampler,846479,16916143.13,17050151.64,17050153.07,17050489.70,1,7,2,33.51,335,0.335,0.034,367026942,36702694,700.05,0.77,0.00,-1,-1,0.00
dag_a7af186451ff4870,unet_denoise_7817696a,unet_denoise,1076091,16916677.17,17050489.70,17050491.13,17057954.75,1,10,8,745.27,7452,7.452,0.745,2192925914,219292591,4182.67,0.64,0.00,-1,-1,0.00
dag_c939c36c249f4616,sampler_e4615b49,sampler,852984,16921953.23,17057954.75,17057956.18,17058289.81,1,9,6,32.27,322,0.322,0.032,513973698,51397369,980.33,0.58,0.00,-1,-1,0.00
dag_3d98a7542f9e4c06,sampler_0c748ca4,sampler,665144,16929432.31,17058289.81,17058291.27,17058749.93,1,8,4,44.79,447,0.447,0.045,626250047,62625004,1194.48,0.78,0.00,-1,-1,0.00
dag_460c3a8ec45a455a,unet_denoise_a4f4981b,unet_denoise,3071505,16930205.41,17058749.93,17058751.36,17067604.99,1,9,6,884.30,8842,8.842,0.884,3957222443,395722244,7547.80,0.69,0.00,-1,-1,0.00
dag_12e6b55766fb4483,unet_denoise_1d3b05d4,unet_denoise,1397302,16930782.48,17067604.99,17067606.42,17076580.05,1,10,8,897.27,8972,8.972,0.897,2420389627,242038962,4616.53,0.57,0.00,-1,-1,0.00
dag_0605d9f01775453c,vae_decode_60114301,vae_decode,638666,16931094.09,17076580.05,17076581.51,17089259.17,1,13,14,1266.65,12666,12.666,1.267,1422049168,142204916,2712.34,0.50,0.00,-1,-1,0.00
dag_52fb11ac19314df7,sampler_08d4c61e,sampler,3088750,16938687.16,17089259.17,17089260.61,17089756.24,1,11,10,48.43,484,0.484,0.048,730773487,73077348,1393.84,0.51,0.00,-1,-1,0.00
dag_53ac1a8f51e34e5c,unet_denoise_06bdf9a4,unet_denoise,1745860,16939045.21,17089756.24,17089757.68,17095943.31,1,11,10,617.46,6174,6.174,0.617,2664423382,266442338,5081.98,0.83,0.00,-1,-1,0.00
dag_1225345267d447cc,unet_denoise_5066a749,unet_denoise,3131479,16939621.25,17095943.31,17095944.75,17103581.39,1,9,6,762.58,7625,7.625,0.763,3647443361,364744336,6956.95,0.73,0.00,-1,-1,0.00
dag_bea8b8165f864dbb,unet_denoise_1ee605cd,unet_denoise,1776489,16940240.33,17103581.39,17103702.11,17104614.70,2,1000,16,789.08,7890,7.890,0.789,1859037971,185903797,3545.83,0.88,0.00,-1,-1,0.00
dag_959798270e604592,unet_denoise_649018fe,unet_denoise,3166836,16940646.42,17104614.70,17104616.14,17109937.77,1,11,10,531.10,5310,5.310,0.531,3150628999,315062899,6009.35,0.80,0.00,-1,-1,0.00
dag_7fcfd30e057e4720,sampler_e6caa7b3,sampler,2402161,16944188.49,17109937.77,17109939.21,17110200.84,1,11,10,25.05,250,0.250,0.025,510024057,51002405,972.79,0.86,0.00,-1,-1,0.00
dag_dffce61524874add,unet_denoise_dc4cc77d,unet_denoise,1837456,16944869.59,17110200.84,17110202.28,17118884.91,1,11,10,867.14,8671,8.671,0.867,3369889104,336988910,6427.55,0.57,0.00,-1,-1,0.00
dag_2604b14cf4864967,unet_denoise_f3242e6c,unet_denoise,1597098,16945199.10,17118884.91,17118886.35,17132217.99,1,12,12,1332.03,13320,13.320,1.332,1732176486,173217648,3303.86,0.70,0.00,-1,-1,0.00
dag_48ce7371571e408e,unet_denoise_46d1e05a,unet_denoise,2443694,16945401.17,17132217.99,17132219.43,17135442.07,1,9,6,321.15,3211,3.211,0.321,2057531866,205753186,3924.43,0.80,0.00,-1,-1,0.00
dag_df9fc3aa30db4ac6,sampler_9a7f720f,sampler,955731,16954113.22,17135442.07,17135443.53,17136054.20,1,7,2,59.98,599,0.599,0.060,608812715,60881271,1161.22,0.91,0.00,-1,-1,0.00
dag_72c99ec3b9a54445,sampler_b6944e1f,sampler,788640,16955369.41,17136054.20,17136174.82,17136367.09,2,1000,16,68.89,688,0.688,0.069,450533345,45053334,859.32,0.85,0.00,-1,-1,0.00
dag_c662227e80b24669,sampler_a696d869,sampler,1635280,16962320.49,17136367.09,17136368.51,17136809.12,1,8,4,42.93,429,0.429,0.043,564355655,56435565,1076.42,0.81,0.00,-1,-1,0.00
dag_301b8aa355cf41a5,unet_denoise_cf29857f,unet_denoise,1924705,16963018.58,17136809.12,17136810.56,17147968.20,1,7,2,1115.61,11156,11.156,1.116,2199468698,219946869,4195.15,0.65,0.00,-1,-1,0.00
dag_7da0a6ba311a4a8d,sampler_1145727b,sampler,2557185,16963725.94,17147968.20,17147969.67,17148369.34,1,11,10,38.85,388,0.388,0.039,244323982,24432398,466.01,0.77,0.00,-1,-1,0.00
dag_087a3e55add54b84,sampler_c5bec2df,sampler,2579922,16968848.03,17148369.34,17148370.78,17148731.41,1,13,14,34.90,349,0.349,0.035,251283412,25128341,479.29,0.77,0.00,-1,-1,0.00
dag_0a118d4db805487c,unet_denoise_cd75bf09,unet_denoise,2597180,16969872.06,17148731.41,17148732.85,17165150.49,1,6,0,1640.67,16406,16.406,1.641,2419705892,241970589,4615.22,0.76,0.00,-1,-1,0.00
dag_bb8425b128964146,sampler_b4ebd80f,sampler,2714901,16970853.37,17165150.49,17165151.91,17165692.52,1,7,2,52.99,529,0.529,0.053,403442736,40344273,769.51,0.84,0.00,-1,-1,0.00
dag_99104302e6ae4866,sampler_f59cbcb3,sampler,2736704,16976220.45,17165692.52,17165693.96,17166128.59,1,12,12,42.35,423,0.423,0.042,529694247,52969424,1010.31,0.47,0.00,-1,-1,0.00
dag_3616f9eb4acd4cce,sampler_81e099f1,sampler,2740620,16983669.53,17166128.59,17166130.03,17166728.67,1,8,4,58.80,587,0.587,0.059,505738106,50573810,964.62,0.71,0.00,-1,-1,0.00
dag_4612b1ef61374610,sampler_55adbea3,sampler,2746361,16992355.57,17166728.67,17166730.09,17167318.71,1,6,0,57.79,577,0.577,0.058,595241219,59524121,1135.33,0.95,0.00,-1,-1,0.00
dag_6751fb9a83ed408d,unet_denoise_2217131d,unet_denoise,1980673,16992915.68,17167318.71,17167320.14,17174120.77,1,12,12,679.00,6789,6.789,0.679,3133718543,313371854,5977.09,0.62,0.00,-1,-1,0.00
dag_e7ccfd39016d4183,unet_denoise_eb317f7b,unet_denoise,2044685,16993174.74,17174120.77,17174122.21,17177948.84,1,9,6,381.50,3815,3.815,0.382,2696184218,269618421,5142.56,0.46,0.00,-1,-1,0.00
dag_2672a5cdae594062,sampler_8c3019af,sampler,2065622,16997031.84,17177948.84,17177950.28,17178353.92,1,12,12,39.29,392,0.392,0.039,835243980,83524398,1593.10,0.52,0.00,-1,-1,0.00
dag_daff787d847b4d66,sampler_a809b329,sampler,2871924,17000752.88,17178353.92,17178355.39,17178623.06,1,6,0,26.62,266,0.266,0.027,461522414,46152241,880.28,0.79,0.00,-1,-1,0.00
dag_45623821bc4b48ca,sampler_a9e168dd,sampler,2913489,17007346.94,17178623.06,17178624.53,17179071.21,1,9,6,43.59,435,0.435,0.044,507063342,50706334,967.15,0.59,0.00,-1,-1,0.00
dag_8240779e963a41fd,unet_denoise_5d08418c,unet_denoise,2195145,17008366.11,17188710.64,17188712.08,17194369.73,1,12,12,564.62,5646,5.646,0.565,4396697396,439669739,8386.03,0.44,0.00,-1,-1,0.00
dag_9c3a4b173dc84179,sampler_3cac6a4d,sampler,1024634,17015047.17,17194369.73,17194371.19,17194861.86,1,6,0,48.97,489,0.489,0.049,518138705,51813870,988.27,0.69,0.00,-1,-1,0.00
dag_c4fc9dded3924f0a,sampler_fbbe6916,sampler,832179,17019387.23,17194861.86,17194863.29,17195206.90,1,9,6,33.22,332,0.332,0.033,599313359,59931335,1143.10,0.93,0.00,-1,-1,0.00
dag_44a26dab89444865,unet_denoise_2b974534,unet_denoise,1234450,17019892.29,17195206.90,17195208.37,17201109.04,1,7,2,588.95,5889,5.889,0.589,4105298254,410529825,7830.24,0.61,0.00,-1,-1,0.00
dag_58e29ceb412c47dc,sampler_e5f389eb,sampler,1045271,17024119.38,17201109.04,17201110.47,17201396.10,1,11,10,27.44,274,0.274,0.027,387499634,38749963,739.10,0.53,0.00,-1,-1,0.00
dag_3ae1fe8af2dd4c57,unet_denoise_70314bf4,unet_denoise,1245010,17024447.25,17201396.10,17201397.53,17212591.15,1,11,10,1118.21,11182,11.182,1.118,2584981354,258498135,4930.46,0.81,0.00,-1,-1,0.00
dag_41ec2176cd454bc4,unet_denoise_fda22d96,unet_denoise,1518045,17031651.75,17212591.15,17212592.62,17218792.29,1,7,2,618.90,6188,6.188,0.619,3801536837,380153683,7250.86,0.82,0.00,-1,-1,0.00
dag_66afb2b173ef46b3,sampler_219f69ee,sampler,1689059,17043199.25,17218792.29,17218793.73,17219011.37,1,7,2,20.65,206,0.206,0.021,400605922,40060592,764.10,0.84,0.00,-1,-1,0.00
dag_acef7e389a114bcc,sampler_bd3ad66e,sampler,833139,17048653.38,17219011.37,17219012.83,17219497.50,1,10,8,47.35,473,0.473,0.047,450711602,45071160,859.66,0.57,0.00,-1,-1,0.00
dag_4223921a13d94f85,unet_denoise_b24f7eae,unet_denoise,1528507,17049412.50,17219497.50,17219498.94,17231185.56,1,7,2,1167.52,11675,11.675,1.168,2951115517,295111551,5628.81,0.73,0.00,-1,-1,0.00
dag_6c49e8f33c75421e,unet_denoise_59f839e9,unet_denoise,2304077,17049860.58,17231185.56,17231306.19,17232250.65,2,1000,16,821.06,8210,8.210,0.821,1928498613,192849861,3678.32,0.49,0.00,-1,-1,0.00
dag_e4d333c3eab5448d,unet_denoise_ffe280dd,unet_denoise,1697292,17050151.64,17232250.65,17232371.04,17232877.31,2,1000,16,383.11,3831,3.831,0.383,2678384966,267838496,5108.61,0.69,0.00,-1,-1,0.00
dag_7eeaa25eb2024286,vae_decode_30e1a04c,vae_decode,846479,17050489.70,17232877.31,17232878.75,17244436.39,1,13,14,1154.60,11546,11.546,1.155,913048804,91304880,1741.50,0.94,0.00,-1,-1,0.00
dag_a7af186451ff4870,sampler_b2e6ef9d,sampler,1076091,17057954.75,17244436.39,17244437.80,17245065.41,1,6,0,61.64,616,0.616,0.062,676627407,67662740,1290.56,0.43,0.00,-1,-1,0.00
dag_c939c36c249f4616,vae_decode_dc80e383,vae_decode,852984,17058289.81,17245065.41,17245066.88,17252302.54,1,10,8,722.49,7224,7.224,0.722,1136065226,113606522,2166.87,0.93,0.00,-1,-1,0.00
dag_3d98a7542f9e4c06,vae_decode_1ab3057a,vae_decode,665144,17058749.93,17252302.54,17252304.01,17259137.68,1,6,0,683.27,6832,6.832,0.683,1549689208,154968920,2955.80,0.51,0.00,-1,-1,0.00
dag_460c3a8ec45a455a,sampler_b1be0b3a,sampler,3071505,17067604.99,17259137.68,17259139.11,17259745.74,1,12,12,59.59,595,0.595,0.060,390381537,39038153,744.59,0.60,0.00,-1,-1,0.00
dag_12e6b55766fb4483,sampler_f370692c,sampler,1397302,17076580.05,17259745.74,17259747.21,17260237.87,1,13,14,47.94,479,0.479,0.048,430159666,43015966,820.46,0.80,0.00,-1,-1,0.00
dag_52fb11ac19314df7,unet_denoise_71edd80b,unet_denoise,3088750,17089756.24,17260237.87,17260239.32,17267020.96,1,13,14,677.07,6770,6.770,0.677,3481910532,348191053,6641.22,0.76,0.00,-1,-1,0.00
dag_53ac1a8f51e34e5c,sampler_331ef3b7,sampler,1745860,17095943.31,17267020.96,17267141.65,17267301.00,2,1000,16,35.90,358,0.358,0.036,609188844,60918884,1161.94,0.57,0.00,-1,-1,0.00
dag_1225345267d447cc,sampler_699bebe3,sampler,3131479,17103581.39,17267301.00,17267302.45,17267772.12,1,13,14,45.86,458,0.458,0.046,730326726,73032672,1392.99,0.87,0.00,-1,-1,0.00
dag_bea8b8165f864dbb,sampler_9c7ad266,sampler,1776489,17104614.70,17267772.12,17267773.58,17268296.24,1,11,10,51.13,511,0.511,0.051,515805502,51580550,983.82,0.74,0.00,-1,-1,0.00
dag_959798270e604592,sampler_70171137,sampler,3166836,17109937.77,17268296.24,17268297.67,17268681.29,1,11,10,38.24,382,0.382,0.038,515216808,51521680,982.70,0.78,0.00,-1,-1,0.00
dag_7fcfd30e057e4720,unet_denoise_cc9ffe4b,unet_denoise,2402161,17110200.84,17268681.29,17268682.75,17272469.42,1,13,14,377.56,3775,3.775,0.378,2199450667,219945066,4195.12,0.44,0.00,-1,-1,0.00
dag_dffce61524874add,sampler_97ba779e,sampler,1837456,17118884.91,17272469.42,17272470.87,17273127.54,1,12,12,64.59,645,0.645,0.065,580012377,58001237,1106.29,0.85,0.00,-1,-1,0.00
dag_2604b14cf4864967,sampler_5798a663,sampler,1597098,17132217.99,17273127.54,17273248.67,17273468.29,2,1000,16,95.50,955,0.955,0.096,434401780,43440178,828.56,0.72,0.00,-1,-1,0.00
dag_48ce7371571e408e,sampler_72584510,sampler,2443694,17135442.07,17273468.29,17273589.01,17273731.90,2,1000,16,19.32,193,0.193,0.019,525611554,52561155,1002.52,0.79,0.00,-1,-1,0.00
dag_df9fc3aa30db4ac6,vae_decode_895a983b,vae_decode,955731,17136054.20,17273731.90,17273733.34,17282565.97,1,9,6,882.11,8821,8.821,0.882,811462874,81146287,1547.74,0.92,0.00,-1,-1,0.00
dag_72c99ec3b9a54445,vae_decode_537e0e93,vae_decode,788640,17136367.09,17282565.97,17282567.39,17294694.01,1,8,4,1212.54,12125,12.125,1.213,1416839626,141683962,2702.41,0.52,0.00,-1,-1,0.00
dag_c662227e80b24669,unet_denoise_49f7af1b,unet_denoise,1635280,17136809.12,17294694.01,17294695.44,17301275.07,1,13,14,656.89,6568,6.568,0.657,2500397630,250039763,4769.13,0.55,0.00,-1,-1,0.00
dag_301b8aa355cf41a5,sampler_0143476f,sampler,1924705,17147968.20,17301275.07,17301276.49,17301937.11,1,10,8,64.92,649,0.649,0.065,496844571,49684457,947.66,0.66,0.00,-1,-1,0.00
dag_7da0a6ba311a4a8d,unet_denoise_4ff05462,unet_denoise,2557185,17148369.34,17301937.11,17301938.54,17307033.17,1,8,4,509.39,5093,5.093,0.509,3765202450,376520245,7181.55,0.60,0.00,-1,-1,0.00
dag_087a3e55add54b84,unet_denoise_3694546b,unet_denoise,2579922,17148731.41,17307033.17,17307034.60,17311638.22,1,12,12,459.21,4592,4.592,0.459,3576931918,357693191,6822.46,0.67,0.00,-1,-1,0.00
dag_0a118d4db805487c,sampler_eea2d08d,sampler,2597180,17165150.49,17311638.22,17311639.67,17312575.33,1,10,8,92.46,924,0.924,0.092,517051047,51705104,986.20,0.88,0.00,-1,-1,0.00
dag_bb8425b128964146,unet_denoise_45c75bac,unet_denoise,2714901,17165692.52,17312575.33,17312576.75,17318914.36,1,9,6,632.64,6326,6.326,0.633,2071685492,207168549,3951.43,0.48,0.00,-1,-1,0.00
dag_99104302e6ae4866,unet_denoise_272fee68,unet_denoise,2736704,17166128.59,17318914.36,17318915.79,17324785.42,1,12,12,585.89,5858,5.858,0.586,4206986423,420698642,8024.19,0.91,0.00,-1,-1,0.00
dag_3616f9eb4acd4cce,unet_denoise_00f3ea09,unet_denoise,2740620,17166728.67,17324785.42,17324906.28,17325866.04,2,1000,16,836.02,8360,8.360,0.836,3643506730,364350673,6949.44,0.80,0.00,-1,-1,0.00
dag_4612b1ef61374610,unet_denoise_83170580,unet_denoise,2746361,17167318.71,17325866.04,17325867.47,17334980.10,1,13,14,910.16,9101,9.101,0.910,3267644535,326764453,6232.54,0.55,0.00,-1,-1,0.00
dag_6751fb9a83ed408d,sampler_b726ddbc,sampler,1980673,17174120.77,17334980.10,17335100.82,17335283.71,2,1000,16,59.36,593,0.593,0.059,518535307,51853530,989.03,0.67,0.00,-1,-1,0.00
dag_e7ccfd39016d4183,sampler_021ae572,sampler,2044685,17177948.84,17335283.71,17335285.16,17335558.82,1,13,14,26.30,262,0.262,0.026,654955590,65495559,1249.23,0.94,0.00,-1,-1,0.00
dag_2672a5cdae594062,unet_denoise_91358365,unet_denoise,2065622,17178353.92,17335558.82,17335560.26,17341045.91,1,11,10,547.49,5474,5.474,0.547,2902559040,290255904,5536.19,0.69,0.00,-1,-1,0.00
dag_daff787d847b4d66,unet_denoise_e3270b7e,unet_denoise,2871924,17178623.06,17341045.91,17341047.34,17344348.96,1,13,14,329.05,3290,3.290,0.329,2839509817,283950981,5415.94,0.88,0.00,-1,-1,0.00
dag_45623821bc4b48ca,unet_denoise_f6641efe,unet_denoise,2913489,17179071.21,17344348.96,17344350.41,17350759.07,1,9,6,639.75,6397,6.397,0.640,3939813018,393981301,7514.60,0.78,0.00,-1,-1,0.00
dag_8240779e963a41fd,sampler_5d136189,sampler,2195145,17194369.73,17350759.07,17350760.49,17351188.11,1,13,14,42.70,426,0.426,0.043,512365420,51236542,977.26,0.84,0.00,-1,-1,0.00
dag_9c3a4b173dc84179,vae_decode_2c01a83c,vae_decode,1024634,17194861.86,17351188.11,17351189.54,17361464.16,1,7,2,1026.39,10263,10.263,1.026,1111115613,111111561,2119.28,0.81,0.00,-1,-1,0.00
dag_c4fc9dded3924f0a,vae_decode_2957b42b,vae_decode,832179,17195206.90,17361464.16,17361465.61,17376864.26,1,9,6,1538.77,15387,15.387,1.539,1404414451,140441445,2678.71,0.44,0.00,-1,-1,0.00
dag_44a26dab89444865,sampler_e533acad,sampler,1234450,17201109.04,17376864.26,17376865.70,17377225.34,1,12,12,34.86,348,0.348,0.035,533955262,53395526,1018.44,0.92,0.00,-1,-1,0.00
dag_58e29ceb412c47dc,vae_decode_30b4a400,vae_decode,1045271,17201396.10,17377225.34,17377226.76,17386382.37,1,12,12,915.49,9154,9.154,0.915,1230125486,123012548,2346.28,0.68,0.00,-1,-1,0.00
dag_3ae1fe8af2dd4c57,sampler_b1306307,sampler,1245010,17212591.15,17386382.37,17386383.80,17387076.42,1,6,0,68.19,681,0.681,0.068,298820702,29882070,569.96,0.47,0.00,-1,-1,0.00
dag_41ec2176cd454bc4,sampler_d9217e3f,sampler,1518045,17218792.29,17387076.42,17387077.86,17387522.50,1,12,12,43.34,433,0.433,0.043,284632033,28463203,542.89,0.63,0.00,-1,-1,0.00
dag_66afb2b173ef46b3,unet_denoise_595adc14,unet_denoise,1689059,17219011.37,17387522.50,17387523.95,17391000.59,1,12,12,346.58,3465,3.465,0.347,3663376342,366337634,6987.34,0.71,0.00,-1,-1,0.00
dag_acef7e389a114bcc,vae_decode_575c98f6,vae_decode,833139,17219497.50,17391000.59,17391002.02,17397918.65,1,6,0,690.58,6905,6.905,0.691,1724279560,172427956,3288.80,0.74,0.00,-1,-1,0.00
dag_4223921a13d94f85,sampler_5a16cec8,sampler,1528507,17231185.56,17397918.65,17397920.08,17398593.70,1,11,10,66.21,662,0.662,0.066,583230720,58323072,1112.42,0.41,0.00,-1,-1,0.00
dag_6c49e8f33c75421e,sampler_d3785138,sampler,2304077,17232250.65,17398593.70,17398714.26,17398883.34,2,1000,16,45.71,457,0.457,0.046,560371119,56037111,1068.82,0.53,0.00,-1,-1,0.00
dag_e4d333c3eab5448d,sampler_c8ba84cd,sampler,1697292,17232877.31,17398883.34,17398884.78,17399168.44,1,8,4,27.21,272,0.272,0.027,558219568,55821956,1064.72,0.58,0.00,-1,-1,0.00
dag_a7af186451ff4870,vae_decode_0693f896,vae_decode,1076091,17245065.41,17399168.44,17399169.87,17405769.50,1,11,10,658.80,6588,6.588,0.659,716898310,71689831,1367.38,0.64,0.00,-1,-1,0.00
dag_460c3a8ec45a455a,unet_denoise_784d0cd1,unet_denoise,3071505,17259745.74,17405769.50,17405890.32,17406988.94,2,1000,16,974.96,9749,9.749,0.975,2167138988,216713898,4133.49,0.74,0.00,-1,-1,0.00
dag_12e6b55766fb4483,unet_denoise_c2a0b47c,unet_denoise,1397302,17260237.87,17406988.94,17406990.38,17415707.03,1,7,2,871.50,8715,8.715,0.872,3224267729,322426772,6149.80,0.43,0.00,-1,-1,0.00
dag_52fb11ac19314df7,sampler_71609051,sampler,3088750,17267020.96,17415707.03,17415708.46,17416198.09,1,13,14,47.89,478,0.478,0.048,556923820,55692382,1062.25,0.66,0.00,-1,-1,0.00
dag_53ac1a8f51e34e5c,unet_denoise_d0d4b579,unet_denoise,1745860,17267301.00,17416198.09,17416199.52,17422319.14,1,12,12,610.81,6108,6.108,0.611,3254498771,325449877,6207.46,0.92,0.00,-1,-1,0.00
dag_1225345267d447cc,unet_denoise_09e90fb7,unet_denoise,3131479,17267772.12,17422319.14,17422320.57,17429611.20,1,6,0,727.95,7279,7.279,0.728,3910355987,391035598,7458.41,0.88,0.00,-1,-1,0.00
dag_bea8b8165f864dbb,unet_denoise_30bf534e,unet_denoise,1776489,17268296.24,17429611.20,17429612.63,17439394.26,1,7,2,977.01,9770,9.770,0.977,3280498985,328049898,6257.06,0.90,0.00,-1,-1,0.00
dag_959798270e604592,unet_denoise_5e7d7369,unet_denoise,3166836,17268681.29,17439394.26,17439395.70,17444499.34,1,7,2,510.20,5102,5.102,0.510,3113414302,311341430,5938.37,0.89,0.00,-1,-1,0.00
dag_7fcfd30e057e4720,sampler_b00e52d7,sampler,2402161,17272469.42,17444499.34,17444619.96,17444765.03,2,1000,16,21.62,216,0.216,0.022,679222394,67922239,1295.51,0.75,0.00,-1,-1,0.00
dag_dffce61524874add,unet_denoise_de7ef059,unet_denoise,1837456,17273127.54,17444765.03,17444766.47,17453293.13,1,12,12,851.51,8515,8.515,0.852,4487385701,448738570,8559.01,0.90,0.00,-1,-1,0.00
dag_2604b14cf4864967,unet_denoise_27fa0679,unet_denoise,1597098,17273468.29,17453293.13,17453294.58,17468087.24,1,10,8,1478.16,14781,14.781,1.478,2426216589,242621658,4627.64,0.80,0.00,-1,-1,0.00
dag_48ce7371571e408e,unet_denoise_5c9861de,unet_denoise,2443694,17273731.90,17468087.24,17468088.68,17471188.32,1,12,12,308.80,3088,3.088,0.309,2597829269,259782926,4954.97,0.69,0.00,-1,-1,0.00
dag_c662227e80b24669,sampler_99b3ab66,sampler,1635280,17301275.07,17471188.32,17471189.74,17471624.35,1,8,4,42.39,423,0.423,0.042,725079587,72507958,1382.98,0.72,0.00,-1,-1,0.00
dag_301b8aa355cf41a5,unet_denoise_0f5056a2,unet_denoise,1924705,17301937.11,17471624.35,17471625.78,17482104.41,1,11,10,1046.71,10467,10.467,1.047,2358595283,235859528,4498.66,0.91,0.00,-1,-1,0.00
dag_7da0a6ba311a4a8d,sampler_62ead727,sampler,2557185,17307033.17,17482104.41,17482105.83,17482398.46,1,13,14,28.10,281,0.281,0.028,607738553,60773855,1159.17,0.72,0.00,-1,-1,0.00
dag_087a3e55add54b84,sampler_faba525c,sampler,2579922,17311638.22,17482398.46,17482399.90,17482702.54,1,12,12,29.14,291,0.291,0.029,316431736,31643173,603.55,0.92,0.00,-1,-1,0.00
dag_0a118d4db805487c,unet_denoise_9f1c6aa7,unet_denoise,2597180,17312575.33,17482702.54,17482703.99,17499010.65,1,12,12,1629.55,16295,16.295,1.630,3303055347,330305534,6300.08,0.48,0.00,-1,-1,0.00
dag_bb8425b128964146,sampler_778ef3b8,sampler,2714901,17318914.36,17499010.65,17499012.11,17499516.77,1,11,10,49.35,493,0.493,0.049,689962951,68996295,1316.00,0.70,0.00,-1,-1,0.00
dag_99104302e6ae4866,sampler_05353520,sampler,2736704,17324785.42,17499516.77,17499518.20,17499883.83,1,13,14,35.42,354,0.354,0.035,427441653,42744165,815.28,0.48,0.00,-1,-1,0.00
dag_3616f9eb4acd4cce,sampler_6c9f768e,sampler,2740620,17325866.04,17499883.83,17499885.26,17500489.89,1,8,4,59.38,593,0.593,0.059,591715028,59171502,1128.61,0.88,0.00,-1,-1,0.00
dag_4612b1ef61374610,sampler_c010ca16,sampler,2746361,17334980.10,17500489.89,17500491.32,17501053.95,1,10,8,56.10,561,0.561,0.056,533481689,53348168,1017.54,0.85,0.00,-1,-1,0.00
dag_6751fb9a83ed408d,unet_denoise_4c5572e6,unet_denoise,1980673,17335283.71,17501053.95,17501055.38,17509275.01,1,11,10,820.86,8208,8.208,0.821,4243219476,424321947,8093.30,0.72,0.00,-1,-1,0.00
dag_e7ccfd39016d4183,unet_denoise_7887fbde,unet_denoise,2044685,17335558.82,17509275.01,17509395.56,17509911.14,2,1000,16,392.30,3922,3.922,0.392,4252916579,425291657,8111.79,0.81,0.00,-1,-1,0.00
dag_2672a5cdae594062,sampler_113a251f,sampler,2065622,17341045.91,17509911.14,17509912.57,17510357.20,1,12,12,43.34,433,0.433,0.043,531104723,53110472,1013.00,0.55,0.00,-1,-1,0.00
dag_daff787d847b4d66,sampler_491c46f9,sampler,2871924,17344348.96,17510357.20,17510358.63,17510670.26,1,9,6,31.10,310,0.310,0.031,511266036,51126603,975.16,0.45,0.00,-1,-1,0.00
dag_45623821bc4b48ca,sampler_2ceb51b7,sampler,2913489,17350759.07,17510670.26,17510790.82,17510962.69,2,1000,16,48.54,485,0.485,0.049,375496587,37549658,716.20,0.82,0.00,-1,-1,0.00
dag_8240779e963a41fd,unet_denoise_0761226d,unet_denoise,2195145,17351188.11,17510962.69,17510964.13,17517320.76,1,8,4,634.59,6345,6.345,0.635,3642029299,364202929,6946.62,0.65,0.00,-1,-1,0.00
dag_44a26dab89444865,vae_decode_78e62087,vae_decode,1234450,17377225.34,17517320.76,17517322.19,17527723.82,1,12,12,1039.01,10390,10.390,1.039,1224402262,122440226,2335.36,0.89,0.00,-1,-1,0.00
dag_3ae1fe8af2dd4c57,vae_decode_107770db,vae_decode,1245010,17387076.42,17527723.82,17527725.27,17533678.93,1,11,10,594.24,5942,5.942,0.594,1371581409,137158140,2616.08,0.52,0.00,-1,-1,0.00
dag_41ec2176cd454bc4,unet_denoise_9397c5c7,unet_denoise,1518045,17387522.50,17533678.93,17533680.37,17539683.00,1,7,2,599.17,5991,5.991,0.599,4102002250,410200225,7823.95,0.79,0.00,-1,-1,0.00
dag_66afb2b173ef46b3,sampler_6fba6788,sampler,1689059,17391000.59,17539683.00,17539684.44,17539961.08,1,12,12,26.59,265,0.265,0.027,443684022,44368402,846.26,0.45,0.00,-1,-1,0.00
dag_4223921a13d94f85,unet_denoise_9fa5ccdb,unet_denoise,1528507,17398593.70,17539961.08,17539962.51,17550134.13,1,10,8,1016.06,10160,10.160,1.016,3376952667,337695266,6441.03,0.59,0.00,-1,-1,0.00
dag_6c49e8f33c75421e,unet_denoise_7a1b8073,unet_denoise,2304077,17398883.34,17550134.13,17550135.56,17558505.19,1,10,8,836.86,8368,8.368,0.837,3420949047,342094904,6524.94,0.59,0.00,-1,-1,0.00
dag_e4d333c3eab5448d,unet_denoise_c235139d,unet_denoise,1697292,17399168.44,17558505.19,17558506.62,17562559.25,1,9,6,404.13,4041,4.041,0.404,3512087857,351208785,6698.78,0.40,0.00,-1,-1,0.00
dag_460c3a8ec45a455a,sampler_9c6eddb3,sampler,3071505,17406988.94,17562559.25,17562560.68,17563350.32,1,10,8,77.86,778,0.778,0.078,344747503,34474750,657.55,0.94,0.00,-1,-1,0.00
dag_12e6b55766fb4483,sampler_977bf741,sampler,1397302,17415707.03,17563350.32,17563471.34,17563652.03,2,1000,16,56.74,567,0.567,0.057,496317377,49631737,946.65,0.89,0.00,-1,-1,0.00
dag_52fb11ac19314df7,unet_denoise_71eb3bf2,unet_denoise,3088750,17416198.09,17563652.03,17563653.47,17570153.11,1,7,2,649.87,6498,6.498,0.650,2176370302,217637030,4151.10,0.42,0.00,-1,-1,0.00
dag_53ac1a8f51e34e5c,sampler_f02a0e94,sampler,1745860,17422319.14,17570153.11,17570154.56,17570538.20,1,9,6,37.23,372,0.372,0.037,535359932,53535993,1021.12,0.77,0.00,-1,-1,0.00
dag_1225345267d447cc,sampler_2c9ecc18,sampler,3131479,17429611.20,17570538.20,17570539.64,17571022.28,1,8,4,47.18,471,0.471,0.047,494784221,49478422,943.73,0.84,0.00,-1,-1,0.00
dag_bea8b8165f864dbb,sampler_4cd2d136,sampler,1776489,17439394.26,17571022.28,17571023.72,17571715.37,1,9,6,68.08,680,0.680,0.068,851195663,85119566,1623.53,0.45,0.00,-1,-1,0.00
dag_959798270e604592,sampler_1cbbafaf,sampler,3166836,17444499.34,17571715.37,17571716.82,17572063.48,1,13,14,33.59,335,0.335,0.034,802264796,80226479,1530.20,0.76,0.00,-1,-1,0.00
dag_7fcfd30e057e4720,unet_denoise_3fb0c326,unet_denoise,2402161,17444765.03,17572063.48,17572064.89,17575654.50,1,9,6,357.87,3578,3.578,0.358,2544108223,254410822,4852.50,0.72,0.00,-1,-1,0.00
dag_dffce61524874add,sampler_520539cb,sampler,1837456,17453293.13,17575654.50,17575655.95,17576286.61,1,10,8,61.95,619,0.619,0.062,612990374,61299037,1169.19,0.74,0.00,-1,-1,0.00
dag_2604b14cf4864967,sampler_e8bebaa7,sampler,1597098,17468087.24,17576286.61,17576288.04,17577139.67,1,6,0,84.01,840,0.840,0.084,500826293,50082629,955.25,0.77,0.00,-1,-1,0.00
dag_48ce7371571e408e,sampler_93c3aa17,sampler,2443694,17471188.32,17577139.67,17577141.10,17577344.73,1,8,4,19.25,192,0.192,0.019,589490396,58949039,1124.36,0.64,0.00,-1,-1,0.00
dag_c662227e80b24669,unet_denoise_9baddd3a,unet_denoise,1635280,17471624.35,17577344.73,17577346.17,17584322.80,1,10,8,696.59,6965,6.965,0.697,2971993429,297199342,5668.63,0.76,0.00,-1,-1,0.00
dag_301b8aa355cf41a5,sampler_2d51988e,sampler,1924705,17482104.41,17584322.80,17584324.23,17585024.86,1,11,10,68.94,689,0.689,0.069,663141534,66314153,1264.84,0.69,0.00,-1,-1,0.00
dag_7da0a6ba311a4a8d,unet_denoise_aa4afc88,unet_denoise,2557185,17482398.46,17585024.86,17585026.30,17590124.93,1,7,2,508.76,5087,5.087,0.509,1986768678,198676867,3789.46,0.77,0.00,-1,-1,0.00
dag_087a3e55add54b84,unet_denoise_6323b3d0,unet_denoise,2579922,17482702.54,17590124.93,17590126.35,17594954.96,1,12,12,482.78,4827,4.827,0.483,2427986946,242798694,4631.02,0.88,0.00,-1,-1,0.00
dag_0a118d4db805487c,sampler_aced22fd,sampler,2597180,17499010.65,17594954.96,17594956.41,17596006.07,1,7,2,103.81,1038,1.038,0.104,648152086,64815208,1236.25,0.80,0.00,-1,-1,0.00
dag_bb8425b128964146,unet_denoise_1e61c006,unet_denoise,2714901,17499516.77,17596006.07,17596007.52,17603872.17,1,6,0,786.33,7863,7.863,0.786,2711202256,271120225,5171.21,0.66,0.00,-1,-1,0.00
dag_99104302e6ae4866,unet_denoise_18ca8a72,unet_denoise,2736704,17499883.83,17603872.17,17603873.60,17610938.24,1,9,6,705.37,7053,7.053,0.705,3595764830,359576483,6858.38,0.85,0.00,-1,-1,0.00
dag_3616f9eb4acd4cce,unet_denoise_6322b2b1,unet_denoise,2740620,17500489.89,17610938.24,17610939.67,17618915.31,1,13,14,796.45,7964,7.964,0.796,3241564861,324156486,6182.79,0.69,0.00,-1,-1,0.00
dag_4612b1ef61374610,unet_denoise_f7a8e381,unet_denoise,2746361,17501053.95,17618915.31,17618916.74,17628518.38,1,12,12,959.01,9590,9.590,0.959,2950613869,295061386,5627.85,0.73,0.00,-1,-1,0.00
dag_6751fb9a83ed408d,sampler_0864bc1e,sampler,1980673,17509275.01,17628518.38,17628519.83,17629030.48,1,7,2,49.97,499,0.499,0.050,267013893,26701389,509.29,0.67,0.00,-1,-1,0.00
dag_e7ccfd39016d4183,sampler_eb6a06ce,sampler,2044685,17509911.14,17629030.48,17629031.91,17629294.54,1,7,2,25.18,251,0.251,0.025,624790017,62479001,1191.69,0.42,0.00,-1,-1,0.00
dag_2672a5cdae594062,unet_denoise_05916793,unet_denoise,2065622,17510357.20,17629294.54,17629295.98,17634401.62,1,10,8,509.41,5094,5.094,0.509,3076328438,307632843,5867.63,0.75,0.00,-1,-1,0.00
dag_daff787d847b4d66,unet_denoise_e9eb7a9c,unet_denoise,2871924,17510670.26,17634401.62,17634403.07,17639247.72,1,13,14,483.31,4833,4.833,0.483,3330082686,333008268,6351.63,0.90,0.00,-1,-1,0.00
dag_45623821bc4b48ca,unet_denoise_9b2f8f06,unet_denoise,2913489,17510962.69,17639247.72,17639249.15,17645856.76,1,6,0,659.70,6596,6.596,0.660,2097687095,209768709,4001.02,0.66,0.00,-1,-1,0.00
dag_8240779e963a41fd,sampler_1892e2d0,sampler,2195145,17517320.76,17645856.76,17645858.19,17646266.82,1,13,14,39.72,397,0.397,0.040,408707755,40870775,779.55,0.90,0.00,-1,-1,0.00
dag_41ec2176cd454bc4,sampler_4ec3fa6e,sampler,1518045,17539683.00,17646266.82,17646268.27,17646708.93,1,9,6,42.91,429,0.429,0.043,457111915,45711191,871.87,0.87,0.00,-1,-1,0.00
dag_66afb2b173ef46b3,unet_denoise_df849ae2,unet_denoise,1689059,17539961.08,17646708.93,17646710.35,17650227.96,1,8,4,350.66,3506,3.506,0.351,3369660222,336966022,6427.12,0.90,0.00,-1,-1,0.00
dag_4223921a13d94f85,sampler_006c42fd,sampler,1528507,17550134.13,17650227.96,17650229.40,17650964.03,1,13,14,72.39,723,0.723,0.072,461439388,46143938,880.13,0.75,0.00,-1,-1,0.00
dag_6c49e8f33c75421e,sampler_51ff2b66,sampler,2304077,17558505.19,17650964.03,17650965.45,17651495.07,1,8,4,52.82,528,0.528,0.053,456797919,45679791,871.27,0.75,0.00,-1,-1,0.00
dag_e4d333c3eab5448d,sampler_3ff3db56,sampler,1697292,17562559.25,17651495.07,17651616.00,17651768.45,2,1000,16,28.61,286,0.286,0.029,714023596,71402359,1361.89,0.91,0.00,-1,-1,0.00
dag_460c3a8ec45a455a,unet_denoise_716b72a1,unet_denoise,3071505,17563350.32,17651768.45,17651769.88,17661764.50,1,12,12,998.32,9983,9.983,0.998,2817652314,281765231,5374.25,0.41,0.00,-1,-1,0.00
dag_12e6b55766fb4483,vae_decode_7b772b0b,vae_decode,1397302,17563652.03,17661764.50,17661765.95,17670840.59,1,13,14,906.32,9063,9.063,0.906,1110672787,111067278,2118.44,0.56,0.00,-1,-1,0.00
dag_52fb11ac19314df7,sampler_1f8bfd8f,sampler,3088750,17570153.11,17670840.59,17670842.02,17671221.66,1,6,0,36.82,368,0.368,0.037,699788665,69978866,1334.74,0.77,0.00,-1,-1,0.00
dag_53ac1a8f51e34e5c,unet_denoise_f4918795,unet_denoise,1745860,17570538.20,17671221.66,17671223.09,17677259.72,1,6,0,602.51,6025,6.025,0.603,2776369138,277636913,5295.50,0.43,0.00,-1,-1,0.00
dag_1225345267d447cc,unet_denoise_56cc265b,unet_denoise,3131479,17571022.28,17677259.72,17677261.15,17684610.79,1,10,8,733.88,7338,7.338,0.734,2932291933,293229193,5592.90,0.66,0.00,-1,-1,0.00
dag_bea8b8165f864dbb,unet_denoise_9d5ff9e4,unet_denoise,1776489,17571715.37,17684610.79,17684612.23,17692204.88,1,7,2,758.14,7581,7.581,0.758,4317536272,431753627,8235.05,0.93,0.00,-1,-1,0.00
dag_959798270e604592,unet_denoise_69e4c0a8,unet_denoise,3166836,17572063.48,17692204.88,17692206.32,17697853.95,1,11,10,563.68,5636,5.636,0.564,4659594779,465959477,8887.47,0.86,0.00,-1,-1,0.00
dag_7fcfd30e057e4720,sampler_6230cf80,sampler,2402161,17575654.50,17697853.95,17697855.39,17698108.04,1,7,2,25.14,251,0.251,0.025,730616758,73061675,1393.54,0.79,0.00,-1,-1,0.00
dag_dffce61524874add,unet_denoise_1f5fb2bb,unet_denoise,1837456,17576286.61,17698108.04,17698109.49,17705611.13,1,13,14,749.09,7490,7.490,0.749,1918836931,191883693,3659.89,0.42,0.00,-1,-1,0.00
dag_2604b14cf4864967,unet_denoise_6dd29860,unet_denoise,1597098,17577139.67,17705611.13,17705732.02,17707029.23,2,1000,16,1173.44,11734,11.734,1.173,4063596387,406359638,7750.70,0.69,0.00,-1,-1,0.00
dag_48ce7371571e408e,unet_denoise_647815e1,unet_denoise,2443694,17577344.73,17707029.23,17707030.65,17709426.27,1,12,12,238.43,2384,2.384,0.238,2758831041,275883104,5262.05,0.68,0.00,-1,-1,0.00
dag_c662227e80b24669,sampler_0dba85f7,sampler,1635280,17584322.80,17709426.27,17709427.70,17709906.33,1,7,2,46.73,467,0.467,0.047,463952271,46395227,884.92,0.60,0.00,-1,-1,0.00
dag_301b8aa355cf41a5,unet_denoise_6bff4008,unet_denoise,1924705,17585024.86,17709906.33,17709907.77,17718554.43,1,11,10,863.54,8635,8.635,0.864,2994516219,299451621,5711.59,0.58,0.00,-1,-1,0.00
dag_7da0a6ba311a4a8d,sampler_5f20a126,sampler,2557185,17590124.93,17718554.43,17718555.88,17718868.53,1,8,4,30.18,301,0.301,0.030,750156164,75015616,1430.81,0.71,0.00,-1,-1,0.00
dag_087a3e55add54b84,sampler_23778ff8,sampler,2579922,17594954.96,17718868.53,17718989.16,17719140.32,2,1000,16,27.79,277,0.277,0.028,397742495,39774249,758.63,0.62,0.00,-1,-1,0.00
dag_0a118d4db805487c,unet_denoise_27633f9f,unet_denoise,2597180,17596006.07,17719140.32,17719260.94,17720656.34,2,1000,16,1271.96,12719,12.719,1.272,2381759789,238175978,4542.85,0.74,0.00,-1,-1,0.00
dag_bb8425b128964146,sampler_cd97bcc1,sampler,2714901,17603872.17,17720656.34,17720657.79,17721167.44,1,10,8,49.89,498,0.498,0.050,609684998,60968499,1162.88,0.73,0.00,-1,-1,0.00
dag_99104302e6ae4866,sampler_6429e43a,sampler,2736704,17610938.24,17721167.44,17721168.88,17721585.51,1,8,4,40.54,405,0.405,0.041,562420467,56242046,1072.73,0.58,0.00,-1,-1,0.00
dag_3616f9eb4acd4cce,sampler_6d4c3cd3,sampler,2740620,17618915.31,17721585.51,17721586.93,17722117.55,1,10,8,51.97,519,0.519,0.052,405539863,40553986,773.51,0.40,0.00,-1,-1,0.00
dag_4612b1ef61374610,sampler_dcb9c947,sampler,2746361,17628518.38,17722117.55,17722119.00,17722837.65,1,10,8,70.70,707,0.707,0.071,411541896,41154189,784.95,0.79,0.00,-1,-1,0.00
dag_6751fb9a83ed408d,unet_denoise_bdd0da60,unet_denoise,1980673,17629030.48,17722837.65,17722839.09,17729663.72,1,6,0,681.38,6813,6.813,0.681,2719954834,271995483,5187.90,0.62,0.00,-1,-1,0.00
dag_e7ccfd39016d4183,unet_denoise_78bd532c,unet_denoise,2044685,17629294.54,17729663.72,17729665.18,17734102.83,1,10,8,442.65,4426,4.426,0.443,3103759769,310375976,5919.95,0.89,0.00,-1,-1,0.00
dag_2672a5cdae594062,sampler_41d5c15c,sampler,2065622,17634401.62,17734102.83,17734223.69,17734390.55,2,1000,16,43.16,431,0.431,0.043,537414786,53741478,1025.04,0.87,0.00,-1,-1,0.00
dag_daff787d847b4d66,sampler_06c23e50,sampler,2871924,17639247.72,17734390.55,17734392.00,17734636.64,1,8,4,23.36,233,0.233,0.023,603546511,60354651,1151.17,0.45,0.00,-1,-1,0.00
dag_45623821bc4b48ca,sampler_a8d10b05,sampler,2913489,17645856.76,17734636.64,17734638.08,17735115.73,1,11,10,46.62,466,0.466,0.047,511346635,51134663,975.32,0.58,0.00,-1,-1,0.00
dag_8240779e963a41fd,unet_denoise_fa7e9547,unet_denoise,2195145,17646266.82,17735115.73,17735117.16,17739755.79,1,12,12,462.78,4627,4.627,0.463,3905553205,390555320,7449.25,0.48,0.00,-1,-1,0.00
dag_41ec2176cd454bc4,vae_decode_dae92783,vae_decode,1518045,17646708.93,17739755.79,17739757.23,17748669.86,1,8,4,890.19,8901,8.901,0.890,1342109321,134210932,2559.87,0.46,0.00,-1,-1,0.00
dag_66afb2b173ef46b3,sampler_ebd2432b,sampler,1689059,17650227.96,17748669.86,17748671.31,17748978.95,1,13,14,29.67,296,0.296,0.030,375601461,37560146,716.40,0.64,0.00,-1,-1,0.00
dag_4223921a13d94f85,unet_denoise_262fcaeb,unet_denoise,1528507,17650964.03,17748978.95,17748980.38,17758791.01,1,6,0,979.95,9799,9.799,0.980,2903165566,290316556,5537.35,0.66,0.00,-1,-1,0.00
dag_6c49e8f33c75421e,unet_denoise_26252143,unet_denoise,2304077,17651495.07,17758791.01,17758792.47,17766088.13,1,9,6,728.42,7284,7.284,0.728,2993200033,299320003,5709.08,0.76,0.00,-1,-1,0.00
dag_e4d333c3eab5448d,unet_denoise_51f94410,unet_denoise,1697292,17651768.45,17766088.13,17766089.55,17770218.16,1,6,0,411.78,4117,4.117,0.412,2162503125,216250312,4124.65,0.67,0.00,-1,-1,0.00
dag_460c3a8ec45a455a,sampler_a7c6ec39,sampler,3071505,17661764.50,17770218.16,17770219.61,17771021.27,1,11,10,79.07,790,0.790,0.079,533929838,53392983,1018.39,0.68,0.00,-1,-1,0.00
dag_52fb11ac19314df7,unet_denoise_d44987f9,unet_denoise,3088750,17671221.66,17771021.27,17771022.72,17778446.36,1,12,12,741.26,7412,7.412,0.741,3357941999,335794199,6404.77,0.64,0.00,-1,-1,0.00
dag_53ac1a8f51e34e5c,sampler_b857d9bd,sampler,1745860,17677259.72,17778446.36,17778447.82,17778882.48,1,6,0,42.38,423,0.423,0.042,631598408,63159840,1204.68,0.63,0.00,-1,-1,0.00
dag_1225345267d447cc,sampler_00363028,sampler,3131479,17684610.79,17778882.48,17778883.93,17779499.59,1,9,6,60.41,604,0.604,0.060,314621643,31462164,600.09,0.75,0.00,-1,-1,0.00
dag_bea8b8165f864dbb,sampler_25fcd08c,sampler,1776489,17692204.88,17779499.59,17779501.03,17780098.66,1,8,4,58.65,586,0.586,0.059,779378412,77937841,1486.55,0.73,0.00,-1,-1,0.00
dag_959798270e604592,sampler_9bba4c0d,sampler,3166836,17697853.95,17780098.66,17780218.99,17780383.67,2,1000,16,41.65,416,0.416,0.042,602588083,60258808,1149.35,0.83,0.00,-1,-1,0.00
dag_7fcfd30e057e4720,unet_denoise_f5994293,unet_denoise,2402161,17698108.04,17780383.67,17780385.12,17784315.77,1,8,4,391.98,3919,3.919,0.392,2322252043,232225204,4429.34,0.93,0.00,-1,-1,0.00
dag_dffce61524874add,sampler_cc07158f,sampler,1837456,17705611.13,17784315.77,17784317.22,17784939.88,1,6,0,61.15,611,0.611,0.061,402788152,40278815,768.26,0.71,0.00,-1,-1,0.00
dag_2604b14cf4864967,sampler_af422f42,sampler,1597098,17707029.23,17784939.88,17784941.33,17785714.98,1,6,0,76.29,762,0.762,0.076,629548135,62954813,1200.77,0.55,0.00,-1,-1,0.00
dag_48ce7371571e408e,sampler_0725ceea,sampler,2443694,17709426.27,17785714.98,17785716.43,17785936.08,1,12,12,20.88,208,0.208,0.021,459721530,45972153,876.85,0.69,0.00,-1,-1,0.00
dag_c662227e80b24669,vae_decode_4432a790,vae_decode,1635280,17709906.33,17785936.08,17785937.51,17793494.14,1,10,8,754.52,7545,7.545,0.755,1524046124,152404612,2906.89,0.71,0.00,-1,-1,0.00
dag_301b8aa355cf41a5,sampler_864a496e,sampler,1924705,17718554.43,17793494.14,17793495.59,17794132.24,1,7,2,63.56,635,0.635,0.064,691212141,69121214,1318.38,0.41,0.00,-1,-1,0.00
dag_7da0a6ba311a4a8d,unet_denoise_3eaae1d9,unet_denoise,2557185,17718868.53,17794132.24,17794133.69,17799243.34,1,12,12,509.81,5098,5.098,0.510,2522564380,252256438,4811.41,0.74,0.00,-1,-1,0.00
dag_087a3e55add54b84,unet_denoise_cdc5750c,unet_denoise,2579922,17719140.32,17799243.34,17799244.78,17803581.41,1,10,8,432.58,4325,4.325,0.433,5354079233,535407923,10212.10,0.83,0.00,-1,-1,0.00
dag_0a118d4db805487c,sampler_2f963f18,sampler,2597180,17720656.34,17803581.41,17803582.86,17804663.52,1,11,10,106.98,1069,1.069,0.107,409266305,40926630,780.61,0.71,0.00,-1,-1,0.00
dag_bb8425b128964146,unet_denoise_ca77b24a,unet_denoise,2714901,17721167.44,17804663.52,17804664.95,17813012.58,1,9,6,833.63,8336,8.336,0.834,2259888412,225988841,4310.40,0.71,0.00,-1,-1,0.00
dag_99104302e6ae4866,unet_denoise_a838eab9,unet_denoise,2736704,17721585.51,17813012.58,17813014.02,17819729.65,1,7,2,670.42,6704,6.704,0.670,3690701927,369070192,7039.46,0.40,0.00,-1,-1,0.00
dag_3616f9eb4acd4cce,unet_denoise_772dc3b1,unet_denoise,2740620,17722117.55,17819729.65,17819731.09,17826250.72,1,12,12,650.84,6508,6.508,0.651,3396137238,339613723,6477.62,0.95,0.00,-1,-1,0.00
dag_4612b1ef61374610,unet_denoise_23538a79,unet_denoise,2746361,17722837.65,17826250.72,17826252.15,17836039.77,1,8,4,978.63,9786,9.786,0.979,4071626801,407162680,7766.01,0.55,0.00,-1,-1,0.00
dag_6751fb9a83ed408d,sampler_2c0434a1,sampler,1980673,17729663.72,17836039.77,17836041.21,17836482.85,1,8,4,43.04,430,0.430,0.043,392716359,39271635,749.05,0.58,0.00,-1,-1,0.00
dag_e7ccfd39016d4183,sampler_44e1085b,sampler,2044685,17734102.83,17836482.85,17836484.30,17836712.95,1,10,8,21.71,217,0.217,0.022,435980806,43598080,831.57,0.69,0.00,-1,-1,0.00
dag_2672a5cdae594062,unet_denoise_4abba04a,unet_denoise,2065622,17734390.55,17836712.95,17836714.39,17842429.03,1,13,14,570.37,5703,5.703,0.570,3338305681,333830568,6367.31,0.81,0.00,-1,-1,0.00
dag_daff787d847b4d66,unet_denoise_819d3b9c,unet_denoise,2871924,17734636.64,17842429.03,17842549.75,17843079.54,2,1000,16,406.28,4062,4.062,0.406,2970018371,297001837,5664.86,0.94,0.00,-1,-1,0.00
dag_45623821bc4b48ca,unet_denoise_88803798,unet_denoise,2913489,17735115.73,17843079.54,17843080.99,17849980.65,1,13,14,688.82,6888,6.888,0.689,2345635968,234563596,4473.95,0.75,0.00,-1,-1,0.00
dag_8240779e963a41fd,sampler_42d3a61c,sampler,2195145,17739755.79,17849980.65,17849982.10,17850388.75,1,13,14,39.59,395,0.395,0.040,410834542,41083454,783.60,0.94,0.00,-1,-1,0.00
dag_66afb2b173ef46b3,vae_decode_170df182,vae_decode,1689059,17748978.95,17850388.75,17850390.18,17861450.80,1,12,12,1104.98,11049,11.049,1.105,1053223071,105322307,2008.86,0.78,0.00,-1,-1,0.00
dag_4223921a13d94f85,sampler_f192df42,sampler,1528507,17758791.01,17861450.80,17861452.23,17862187.85,1,10,8,72.47,724,0.724,0.072,552869939,55286993,1054.52,0.82,0.00,-1,-1,0.00
dag_6c49e8f33c75421e,sampler_c63395f8,sampler,2304077,17766088.13,17862187.85,17862189.29,17862644.92,1,8,4,44.49,444,0.444,0.044,406504002,40650400,775.34,0.49,0.00,-1,-1,0.00
dag_e4d333c3eab5448d,sampler_5931d340,sampler,1697292,17770218.16,17862644.92,17862646.37,17862924.03,1,11,10,26.63,266,0.266,0.027,643096629,64309662,1226.61,0.89,0.00,-1,-1,0.00
dag_52fb11ac19314df7,sampler_9ecff450,sampler,3088750,17778446.36,17874253.48,17874254.90,17874701.51,1,11,10,43.58,435,0.435,0.044,498384930,49838493,950.59,0.54,0.00,-1,-1,0.00
dag_53ac1a8f51e34e5c,vae_decode_c7852f67,vae_decode,1745860,17778882.48,17874701.51,17874822.30,17876021.57,2,1000,16,1075.70,10756,10.756,1.076,2085996748,208599674,3978.72,0.71,0.00,-1,-1,0.00
dag_1225345267d447cc,unet_denoise_742b1459,unet_denoise,3131479,17779499.59,17876021.57,17876023.01,17883013.65,1,6,0,697.91,6979,6.979,0.698,4007867133,400786713,7644.40,0.71,0.00,-1,-1,0.00
dag_bea8b8165f864dbb,vae_decode_48e4a38c,vae_decode,1776489,17780098.66,17883013.65,17883015.09,17894186.73,1,8,4,1116.08,11160,11.160,1.116,1354773581,135477358,2584.03,0.48,0.00,-1,-1,0.00
dag_959798270e604592,unet_denoise_a493d643,unet_denoise,3166836,17780383.67,17894186.73,17894188.18,17898487.82,1,12,12,428.84,4288,4.288,0.429,3044155435,304415543,5806.27,0.47,0.00,-1,-1,0.00
dag_7fcfd30e057e4720,sampler_77aca06d,sampler,2402161,17784315.77,17898487.82,17898489.25,17898715.88,1,7,2,21.59,215,0.215,0.022,465246902,46524690,887.39,0.75,0.00,-1,-1,0.00
dag_dffce61524874add,vae_decode_914a8935,vae_decode,1837456,17784939.88,17898715.88,17898717.33,17906900.98,1,10,8,817.28,8172,8.172,0.817,1037723122,103772312,1979.30,0.46,0.00,-1,-1,0.00
dag_2604b14cf4864967,vae_decode_c1770e9e,vae_decode,1597098,17785714.98,17906900.98,17906902.41,17917501.04,1,10,8,1058.74,10587,10.587,1.059,1617397909,161739790,3084.94,0.54,0.00,-1,-1,0.00
dag_48ce7371571e408e,unet_denoise_18a90d7b,unet_denoise,2443694,17785936.08,17917501.04,17917502.49,17920033.15,1,12,12,251.94,2519,2.519,0.252,3263281803,326328180,6224.22,0.52,0.00,-1,-1,0.00
dag_301b8aa355cf41a5,vae_decode_244ca76a,vae_decode,1924705,17794132.24,17920033.15,17920153.64,17921406.93,2,1000,16,1130.04,11300,11.300,1.130,1995010185,199501018,3805.18,0.65,0.00,-1,-1,0.00
dag_7da0a6ba311a4a8d,sampler_bd540a30,sampler,2557185,17799243.34,17921406.93,17921408.37,17921779.01,1,6,0,36.00,359,0.359,0.036,428816247,42881624,817.90,0.85,0.00,-1,-1,0.00
dag_087a3e55add54b84,sampler_9a1cfa37,sampler,2579922,17803581.41,17921779.01,17921780.45,17922113.09,1,12,12,32.12,321,0.321,0.032,759447532,75944753,1448.53,0.60,0.00,-1,-1,0.00
dag_0a118d4db805487c,unet_denoise_c93933bd,unet_denoise,2597180,17804663.52,17922113.09,17922114.54,17938963.20,1,6,0,1683.74,16837,16.837,1.684,1911627305,191162730,3646.14,0.63,0.00,-1,-1,0.00
dag_bb8425b128964146,sampler_f96e1c0f,sampler,2714901,17813012.58,17938963.20,17938964.62,17939476.24,1,10,8,50.02,500,0.500,0.050,442050290,44205029,843.14,0.76,0.00,-1,-1,0.00
dag_99104302e6ae4866,sampler_088b51f6,sampler,2736704,17819729.65,17939476.24,17939477.68,17939928.32,1,6,0,43.90,439,0.439,0.044,624910592,62491059,1191.92,0.74,0.00,-1,-1,0.00
dag_3616f9eb4acd4cce,sampler_927e67bd,sampler,2740620,17826250.72,17939928.32,17939929.76,17940484.39,1,12,12,54.31,543,0.543,0.054,841479925,84147992,1605.00,0.68,0.00,-1,-1,0.00
dag_4612b1ef61374610,sampler_8f4e8081,sampler,2746361,17836039.77,17940484.39,17940485.82,17941108.45,1,6,0,61.11,611,0.611,0.061,410661284,41066128,783.27,0.57,0.00,-1,-1,0.00
dag_6751fb9a83ed408d,vae_decode_dcce6b02,vae_decode,1980673,17836482.85,17941108.45,17941229.28,17942060.90,2,1000,16,707.90,7079,7.079,0.708,958319770,95831977,1827.85,0.75,0.00,-1,-1,0.00
dag_e7ccfd39016d4183,vae_decode_63010a47,vae_decode,2044685,17836712.95,17942060.90,17942062.35,17952835.00,1,10,8,1076.13,10761,10.761,1.076,1445206777,144520677,2756.51,0.46,0.00,-1,-1,0.00
dag_2672a5cdae594062,sampler_6695b49b,sampler,2065622,17842429.03,17952835.00,17952836.43,17953225.07,1,8,4,38.71,387,0.387,0.039,671392006,67139200,1280.58,0.84,0.00,-1,-1,0.00
dag_daff787d847b4d66,sampler_a1af373e,sampler,2871924,17843079.54,17953225.07,17953226.51,17953540.15,1,13,14,30.30,302,0.302,0.030,561411685,56141168,1070.81,0.66,0.00,-1,-1,0.00
dag_45623821bc4b48ca,sampler_b6a36a2e,sampler,2913489,17849980.65,17953540.15,17953541.59,17954027.23,1,13,14,47.42,474,0.474,0.047,326905722,32690572,623.52,0.55,0.00,-1,-1,0.00
dag_8240779e963a41fd,vae_decode_a1c5290d,vae_decode,2195145,17850388.75,17954027.23,17954028.65,17965239.26,1,7,2,1119.98,11199,11.199,1.120,1218237088,121823708,2323.60,0.84,0.00,-1,-1,0.00
dag_4223921a13d94f85,unet_denoise_8192cdba,unet_denoise,1528507,17862187.85,17965239.26,17965240.70,17977393.34,1,9,6,1214.17,12141,12.141,1.214,3716295572,371629557,7088.27,0.84,0.00,-1,-1,0.00
dag_6c49e8f33c75421e,vae_decode_ef4b37ed,vae_decode,2304077,17862644.92,17977393.34,17977394.78,17992138.42,1,6,0,1473.28,14732,14.732,1.473,1722304618,172230461,3285.04,0.52,0.00,-1,-1,0.00
dag_e4d333c3eab5448d,vae_decode_4db15d20,vae_decode,1697292,17862924.03,17992138.42,17992139.85,18002466.46,1,9,6,1031.58,10315,10.315,1.032,882384253,88238425,1683.01,0.74,0.00,-1,-1,0.00
dag_52fb11ac19314df7,unet_denoise_ef3218ba,unet_denoise,3088750,17874701.51,18002466.46,18002467.92,18009464.57,1,10,8,698.60,6985,6.985,0.699,2673220051,267322005,5098.76,0.79,0.00,-1,-1,0.00
dag_1225345267d447cc,sampler_c8a39182,sampler,3131479,17883013.65,18009464.57,18009466.01,18010085.65,1,9,6,60.80,608,0.608,0.061,417888730,41788873,797.06,0.94,0.00,-1,-1,0.00
dag_959798270e604592,sampler_9da42741,sampler,3166836,17898487.82,18010085.65,18010087.06,18010457.67,1,11,10,35.91,359,0.359,0.036,470906471,47090647,898.18,0.90,0.00,-1,-1,0.00
dag_7fcfd30e057e4720,vae_decode_f62be264,vae_decode,2402161,17898715.88,18010457.67,18010459.10,18020511.73,1,9,6,1004.18,10041,10.041,1.004,1314381441,131438144,2506.98,0.74,0.00,-1,-1,0.00
dag_48ce7371571e408e,sampler_e5c18517,sampler,2443694,17920033.15,18020511.73,18020513.19,18020748.84,1,10,8,22.47,224,0.224,0.022,459257849,45925784,875.96,0.50,0.00,-1,-1,0.00
dag_7da0a6ba311a4a8d,vae_decode_aa509ce9,vae_decode,2557185,17921779.01,18020748.84,18020750.26,18032297.87,1,8,4,1153.66,11536,11.536,1.154,1014112712,101411271,1934.27,0.94,0.00,-1,-1,0.00
dag_087a3e55add54b84,vae_decode_36fcb39b,vae_decode,2579922,17922113.09,18032297.87,18032299.32,18042681.98,1,13,14,1037.18,10371,10.371,1.037,929327209,92932720,1772.55,0.75,0.00,-1,-1,0.00
dag_0a118d4db805487c,sampler_c3d7cde9,sampler,2597180,17938963.20,18042681.98,18042683.41,18043779.04,1,6,0,108.49,1084,1.084,0.108,479376329,47937632,914.34,0.42,0.00,-1,-1,0.00
dag_bb8425b128964146,vae_decode_ff442594,vae_decode,2714901,17939476.24,18043779.04,18043780.48,18054407.11,1,10,8,1062.51,10625,10.625,1.063,1063563070,106356307,2028.59,0.78,0.00,-1,-1,0.00
dag_99104302e6ae4866,vae_decode_a0b7dfc9,vae_decode,2736704,17939928.32,18054407.11,18054408.54,18067502.17,1,10,8,1308.28,13082,13.082,1.308,973377861,97337786,1856.57,0.45,0.00,-1,-1,0.00
dag_3616f9eb4acd4cce,vae_decode_92cbba64,vae_decode,2740620,17940484.39,18067502.17,18067503.62,18078944.26,1,10,8,1142.97,11429,11.429,1.143,1688372053,168837205,3220.31,0.72,0.00,-1,-1,0.00
dag_4612b1ef61374610,vae_decode_5ad3fa8d,vae_decode,2746361,17941108.45,18078944.26,18078945.70,18085099.33,1,12,12,614.28,6142,6.142,0.614,1719427839,171942783,3279.55,0.41,0.00,-1,-1,0.00
dag_2672a5cdae594062,vae_decode_df05a627,vae_decode,2065622,17953225.07,18085099.33,18085100.75,18093905.36,1,10,8,879.38,8793,8.793,0.879,1155061201,115506120,2203.10,0.76,0.00,-1,-1,0.00
dag_daff787d847b4d66,vae_decode_3dccb024,vae_decode,2871924,17953540.15,18093905.36,18093906.80,18103213.44,1,9,6,929.55,9295,9.295,0.930,1429998002,142999800,2727.50,0.75,0.00,-1,-1,0.00
dag_45623821bc4b48ca,vae_decode_e8a0d75b,vae_decode,2913489,17954027.23,18103213.44,18103214.87,18112678.50,1,10,8,945.22,9452,9.452,0.945,1687012037,168701203,3217.72,0.89,0.00,-1,-1,0.00
dag_4223921a13d94f85,sampler_7c1de0f4,sampler,1528507,17977393.34,18112678.50,18112679.92,18113618.53,1,10,8,92.77,927,0.927,0.093,463286994,46328699,883.65,0.50,0.00,-1,-1,0.00
dag_52fb11ac19314df7,sampler_c2446b66,sampler,3088750,18009464.57,18113618.53,18113619.97,18114142.60,1,6,0,51.15,511,0.511,0.051,482306419,48230641,919.93,0.74,0.00,-1,-1,0.00
dag_1225345267d447cc,vae_decode_c8cdfb46,vae_decode,3131479,18010085.65,18114142.60,18114144.03,18122286.66,1,10,8,813.14,8131,8.131,0.813,906521537,90652153,1729.05,0.51,0.00,-1,-1,0.00
dag_959798270e604592,vae_decode_5659ce41,vae_decode,3166836,18010457.67,18122286.66,18122288.08,18133938.69,1,6,0,1163.98,11639,11.639,1.164,1726061164,172606116,3292.20,0.48,0.00,-1,-1,0.00
dag_48ce7371571e408e,unet_denoise_29fd527e,unet_denoise,2443694,18020748.84,18133938.69,18133940.12,18137148.76,1,11,10,319.77,3197,3.197,0.320,2598043400,259804340,4955.37,0.57,0.00,-1,-1,0.00
dag_0a118d4db805487c,vae_decode_f910180b,vae_decode,2597180,18043779.04,18137148.76,18137150.19,18147094.83,1,9,6,993.34,9933,9.933,0.993,1739858667,173985866,3318.52,0.43,0.00,-1,-1,0.00
dag_4223921a13d94f85,unet_denoise_64b5b4ad,unet_denoise,1528507,18113618.53,18147094.83,18147096.26,18159611.90,1,6,0,1251.46,12514,12.514,1.251,3862910745,386291074,7367.92,0.52,0.00,-1,-1,0.00
dag_52fb11ac19314df7,unet_denoise_959b4999,unet_denoise,3088750,18114142.60,18159611.90,18159613.33,18167936.97,1,7,2,831.27,8312,8.312,0.831,2525458754,252545875,4816.93,0.43,0.00,-1,-1,0.00
dag_48ce7371571e408e,sampler_52555fea,sampler,2443694,18137148.76,18167936.97,18167938.40,18168140.02,1,10,8,20.03,200,0.200,0.020,316665598,31666559,603.99,0.41,0.00,-1,-1,0.00
dag_4223921a13d94f85,sampler_7d63eadd,sampler,1528507,18159611.90,18168140.02,18168141.47,18168796.12,1,7,2,65.35,653,0.653,0.065,587646639,58764663,1120.85,0.68,0.00,-1,-1,0.00
dag_52fb11ac19314df7,sampler_9041664b,sampler,3088750,18167936.97,18168796.12,18168797.56,18169296.20,1,7,2,48.73,487,0.487,0.049,625064545,62506454,1192.22,0.63,0.00,-1,-1,0.00
dag_48ce7371571e408e,unet_denoise_30bd95b4,unet_denoise,2443694,18168140.02,18169296.20,18169297.65,18172013.30,1,13,14,270.42,2704,2.704,0.270,4577158934,457715893,8730.24,0.88,0.00,-1,-1,0.00
dag_4223921a13d94f85,unet_denoise_b44adf60,unet_denoise,1528507,18168796.12,18172013.30,18172014.74,18182209.37,1,13,14,1018.33,10183,10.183,1.018,2716271764,271627176,5180.88,0.60,0.00,-1,-1,0.00
dag_52fb11ac19314df7,unet_denoise_fb168098,unet_denoise,3088750,18169296.20,18182209.37,18182210.81,18188456.44,1,12,12,623.44,6234,6.234,0.623,2296983811,229698381,4381.15,0.76,0.00,-1,-1,0.00
dag_48ce7371571e408e,sampler_08a9d51e,sampler,2443694,18172013.30,18188456.44,18188457.87,18188649.48,1,9,6,18.03,180,0.180,0.018,539168627,53916862,1028.38,0.58,0.00,-1,-1,0.00
dag_4223921a13d94f85,sampler_d487fd84,sampler,1528507,18182209.37,18188649.48,18188650.93,18189438.58,1,6,0,77.64,776,0.776,0.078,401723336,40172333,766.23,0.66,0.00,-1,-1,0.00
dag_52fb11ac19314df7,sampler_9716ee8e,sampler,3088750,18188456.44,18189438.58,18189440.02,18189860.65,1,9,6,40.96,409,0.409,0.041,447200523,44720052,852.97,0.49,0.00,-1,-1,0.00
dag_48ce7371571e408e,unet_denoise_03221f34,unet_denoise,2443694,18188649.48,18189860.65,18189862.10,18192009.75,1,10,8,213.61,2136,2.136,0.214,2158563920,215856392,4117.13,0.46,0.00,-1,-1,0.00
dag_52fb11ac19314df7,unet_denoise_be230aca,unet_denoise,3088750,18189860.65,18202731.19,18202732.63,18208833.27,1,10,8,608.99,6089,6.089,0.609,3836657123,383665712,7317.84,0.81,0.00,-1,-1,0.00
dag_48ce7371571e408e,sampler_e089ae63,sampler,2443694,18192009.75,18208833.27,18208834.69,18209036.31,1,12,12,20.09,200,0.200,0.020,447005394,44700539,852.60,0.44,0.00,-1,-1,0.00
dag_52fb11ac19314df7,sampler_716f9a98,sampler,3088750,18208833.27,18209036.31,18209037.73,18209508.35,1,10,8,45.98,459,0.459,0.046,470231960,47023196,896.90,0.59,0.00,-1,-1,0.00
dag_48ce7371571e408e,unet_denoise_bd6e277f,unet_denoise,2443694,18209036.31,18209508.35,18209509.78,18212823.40,1,9,6,330.23,3302,3.302,0.330,2359075084,235907508,4499.58,0.72,0.00,-1,-1,0.00
dag_52fb11ac19314df7,unet_denoise_6e35df29,unet_denoise,3088750,18209508.35,18212823.40,18212944.12,18213760.31,2,1000,16,692.61,6926,6.926,0.693,4108453851,410845385,7836.25,0.91,0.00,-1,-1,0.00
dag_48ce7371571e408e,sampler_84a9e03e,sampler,2443694,18212823.40,18213760.31,18213761.75,18213993.39,1,9,6,23.02,230,0.230,0.023,740489480,74048948,1412.37,0.87,0.00,-1,-1,0.00
dag_52fb11ac19314df7,sampler_205d1fc8,sampler,3088750,18213760.31,18213993.39,18213994.83,18214567.47,1,9,6,56.11,561,0.561,0.056,499599570,49959957,952.91,0.71,0.00,-1,-1,0.00
dag_48ce7371571e408e,unet_denoise_efc5e7f3,unet_denoise,2443694,18213993.39,18214567.47,18214568.91,18217941.56,1,6,0,336.10,3361,3.361,0.336,3827736755,382773675,7300.83,0.90,0.00,-1,-1,0.00
dag_52fb11ac19314df7,unet_denoise_5cf1bbe9,unet_denoise,3088750,18214567.47,18217941.56,18217942.99,18225333.61,1,8,4,737.91,7379,7.379,0.738,2870862388,287086238,5475.74,0.74,0.00,-1,-1,0.00
dag_48ce7371571e408e,sampler_544aa658,sampler,2443694,18217941.56,18225333.61,18225454.54,18225596.49,2,1000,16,18.15,181,0.181,0.018,375244452,37524445,715.72,0.93,0.00,-1,-1,0.00
dag_52fb11ac19314df7,sampler_24edd2bb,sampler,3088750,18225333.61,18225596.49,18225597.94,18226098.58,1,8,4,48.91,489,0.489,0.049,266260551,26626055,507.85,0.43,0.00,-1,-1,0.00
dag_48ce7371571e408e,unet_denoise_0a05a8a2,unet_denoise,2443694,18225596.49,18226098.58,18226100.02,18229229.66,1,10,8,311.89,3118,3.118,0.312,2622240867,262224086,5001.53,0.46,0.00,-1,-1,0.00
dag_52fb11ac19314df7,unet_denoise_454619f8,unet_denoise,3088750,18226098.58,18229229.66,18229350.18,18230173.92,2,1000,16,700.44,7004,7.004,0.700,2221414558,222141455,4237.01,0.51,0.00,-1,-1,0.00
dag_48ce7371571e408e,sampler_395ad1d5,sampler,2443694,18229229.66,18230173.92,18230175.36,18230392.99,1,13,14,20.65,206,0.206,0.021,397861476,39786147,758.86,0.50,0.00,-1,-1,0.00
dag_52fb11ac19314df7,sampler_604e4ae0,sampler,3088750,18230173.92,18230392.99,18230394.44,18230798.09,1,7,2,40.27,402,0.402,0.040,421829500,42182950,804.58,0.95,0.00,-1,-1,0.00
dag_48ce7371571e408e,unet_denoise_3af087b3,unet_denoise,2443694,18230392.99,18230798.09,18230799.54,18233859.19,1,6,0,304.81,3048,3.048,0.305,2812972379,281297237,5365.32,0.65,0.00,-1,-1,0.00
dag_52fb11ac19314df7,unet_denoise_983e5040,unet_denoise,3088750,18230798.09,18233859.19,18233860.62,18240831.26,1,7,2,695.90,6959,6.959,0.696,2553628040,255362804,4870.66,0.40,0.00,-1,-1,0.00
dag_48ce7371571e408e,sampler_d577483b,sampler,2443694,18233859.19,18240831.26,18240832.70,18241039.33,1,10,8,20.59,205,0.205,0.021,528476312,52847631,1007.99,0.77,0.00,-1,-1,0.00
dag_52fb11ac19314df7,sampler_e27d33b4,sampler,3088750,18240831.26,18241039.33,18241040.77,18241542.40,1,11,10,49.08,490,0.490,0.049,737176093,73717609,1406.05,0.80,0.00,-1,-1,0.00
dag_48ce7371571e408e,unet_denoise_63d5f2c8,unet_denoise,2443694,18241039.33,18241542.40,18241543.84,18244292.48,1,9,6,273.72,2737,2.737,0.274,1835448369,183544836,3500.84,0.90,0.00,-1,-1,0.00
dag_52fb11ac19314df7,unet_denoise_11242129,unet_denoise,3088750,18241542.40,18244292.48,18244293.92,18251552.55,1,10,8,724.78,7247,7.247,0.725,3155191707,315519170,6018.05,0.80,0.00,-1,-1,0.00
dag_48ce7371571e408e,sampler_7e1240dc,sampler,2443694,18244292.48,18251552.55,18251553.98,18251751.60,1,7,2,18.62,186,0.186,0.019,488954515,48895451,932.61,0.60,0.00,-1,-1,0.00
dag_52fb11ac19314df7,sampler_e4cccfb3,sampler,3088750,18251552.55,18251751.60,18251753.05,18252150.70,1,8,4,38.63,386,0.386,0.039,458639786,45863978,874.79,0.87,0.00,-1,-1,0.00
dag_48ce7371571e408e,unet_denoise_75ff77ea,unet_denoise,2443694,18251751.60,18252150.70,18252152.13,18255364.77,1,11,10,320.16,3201,3.201,0.320,2711202004,271120200,5171.21,0.50,0.00,-1,-1,0.00
dag_52fb11ac19314df7,unet_denoise_2557dce8,unet_denoise,3088750,18252150.70,18255364.77,18255366.21,18262916.84,1,8,4,753.97,7539,7.539,0.754,3783271144,378327114,7216.02,0.43,0.00,-1,-1,0.00
dag_48ce7371571e408e,sampler_55ffc859,sampler,2443694,18255364.77,18262916.84,18262918.27,18263121.88,1,12,12,20.26,202,0.202,0.020,602093511,60209351,1148.40,0.77,0.00,-1,-1,0.00
dag_52fb11ac19314df7,sampler_e590cdd0,sampler,3088750,18262916.84,18263121.88,18263123.32,18263575.96,1,12,12,44.17,441,0.441,0.044,869926622,86992662,1659.25,0.74,0.00,-1,-1,0.00
dag_48ce7371571e408e,unet_denoise_d6dc3fe3,unet_denoise,2443694,18263121.88,18263575.96,18263577.41,18266627.05,1,7,2,304.88,3048,3.048,0.305,3694363666,369436366,7046.44,0.87,0.00,-1,-1,0.00
dag_52fb11ac19314df7,unet_denoise_7103d978,unet_denoise,3088750,18263575.96,18266627.05,18266628.48,18273021.11,1,13,14,638.19,6381,6.381,0.638,3453599402,345359940,6587.22,0.60,0.00,-1,-1,0.00
dag_48ce7371571e408e,sampler_78bb8e92,sampler,2443694,18266627.05,18273021.11,18273141.89,18273284.07,2,1000,16,18.58,185,0.185,0.019,463767042,46376704,884.57,0.84,0.00,-1,-1,0.00
dag_52fb11ac19314df7,sampler_13ebb239,sampler,3088750,18273021.11,18273284.07,18273285.51,18273712.14,1,11,10,41.52,415,0.415,0.042,475980286,47598028,907.86,0.57,0.00,-1,-1,0.00
dag_48ce7371571e408e,unet_denoise_2c373623,unet_denoise,2443694,18273284.07,18273712.14,18273713.58,18276429.22,1,10,8,271.46,2714,2.714,0.271,2831604037,283160403,5400.86,0.75,0.00,-1,-1,0.00
dag_52fb11ac19314df7,unet_denoise_a47d5916,unet_denoise,3088750,18273712.14,18276429.22,18276430.67,18284065.31,1,12,12,762.37,7623,7.623,0.762,3067720313,306772031,5851.21,0.80,0.00,-1,-1,0.00
dag_48ce7371571e408e,sampler_16ea5353,sampler,2443694,18276429.22,18284065.31,18284066.73,18284302.35,1,13,14,23.41,234,0.234,0.023,640889189,64088918,1222.40,0.53,0.00,-1,-1,0.00
dag_52fb11ac19314df7,sampler_fa18e4cf,sampler,3088750,18284065.31,18284302.35,18284303.78,18284826.40,1,11,10,51.16,511,0.511,0.051,353343013,35334301,673.95,0.61,0.00,-1,-1,0.00
dag_48ce7371571e408e,unet_denoise_beb8c139,unet_denoise,2443694,18284302.35,18284826.40,18284827.83,18288295.45,1,6,0,345.63,3456,3.456,0.346,2349230118,234923011,4480.80,0.47,0.00,-1,-1,0.00
dag_52fb11ac19314df7,unet_denoise_b037a39e,unet_denoise,3088750,18284826.40,18288295.45,18288296.89,18295080.53,1,8,4,677.21,6772,6.772,0.677,2074118290,207411829,3956.07,0.76,0.00,-1,-1,0.00
dag_48ce7371571e408e,sampler_efe2eb75,sampler,2443694,18288295.45,18295080.53,18295081.97,18295338.60,1,11,10,24.53,245,0.245,0.025,595220988,59522098,1135.29,0.72,0.00,-1,-1,0.00
dag_52fb11ac19314df7,sampler_505ab5e5,sampler,3088750,18295080.53,18295338.60,18295340.02,18295724.64,1,8,4,37.35,373,0.373,0.037,542242178,54224217,1034.24,0.43,0.00,-1,-1,0.00
dag_48ce7371571e408e,unet_denoise_b258fcf0,unet_denoise,2443694,18295338.60,18295724.64,18295845.46,18296253.58,2,1000,16,284.46,2844,2.844,0.284,2625882273,262588227,5008.47,0.53,0.00,-1,-1,0.00
dag_52fb11ac19314df7,unet_denoise_b27aabe1,unet_denoise,3088750,18295724.64,18296253.58,18296255.03,18303178.67,1,13,14,691.21,6912,6.912,0.691,2073939831,207393983,3955.73,0.46,0.00,-1,-1,0.00
dag_48ce7371571e408e,sampler_71f88b6d,sampler,2443694,18296253.58,18303178.67,18303180.11,18303370.76,1,13,14,17.94,179,0.179,0.018,462808042,46280804,882.74,0.78,0.00,-1,-1,0.00
dag_52fb11ac19314df7,sampler_d6030ff1,sampler,3088750,18303178.67,18303370.76,18303372.20,18303810.85,1,13,14,42.79,427,0.427,0.043,555167487,55516748,1058.90,0.85,0.00,-1,-1,0.00
dag_48ce7371571e408e,unet_denoise_82467de6,unet_denoise,2443694,18303370.76,18303810.85,18303812.27,18307005.88,1,9,6,318.28,3182,3.182,0.318,3171597961,317159796,6049.34,0.70,0.00,-1,-1,0.00
dag_52fb11ac19314df7,unet_denoise_d59aefb1,unet_denoise,3088750,18303810.85,18307005.88,18307007.31,18314733.94,1,7,2,771.59,7715,7.715,0.772,3041426284,304142628,5801.06,0.73,0.00,-1,-1,0.00
dag_48ce7371571e408e,sampler_d484a87f,sampler,2443694,18307005.88,18314733.94,18314854.49,18314998.67,2,1000,16,20.86,208,0.208,0.021,694579581,69457958,1324.81,0.86,0.00,-1,-1,0.00
dag_52fb11ac19314df7,sampler_0f8725a2,sampler,3088750,18314733.94,18314998.67,18315000.10,18315515.73,1,7,2,50.44,504,0.504,0.050,503009871,50300987,959.42,0.46,0.00,-1,-1,0.00
dag_48ce7371571e408e,unet_denoise_299d39b9,unet_denoise,2443694,18314998.67,18315515.73,18315636.59,18316061.55,2,1000,16,301.24,3012,3.012,0.301,2867083320,286708332,5468.53,0.75,0.00,-1,-1,0.00
dag_52fb11ac19314df7,unet_denoise_6a7b99c8,unet_denoise,3088750,18315515.73,18316061.55,18316062.99,18324457.62,1,7,2,838.32,8383,8.383,0.838,3326391787,332639178,6344.59,0.69,0.00,-1,-1,0.00
dag_48ce7371571e408e,sampler_e09c0863,sampler,2443694,18316061.55,18324457.62,18324459.05,18324665.68,1,12,12,19.51,195,0.195,0.020,347032630,34703263,661.91,0.57,0.00,-1,-1,0.00
dag_52fb11ac19314df7,sampler_360118fb,sampler,3088750,18324457.62,18324665.68,18324667.12,18325148.75,1,7,2,47.06,470,0.470,0.047,754236484,75423648,1438.59,0.72,0.00,-1,-1,0.00
dag_48ce7371571e408e,unet_denoise_1b75d424,unet_denoise,2443694,18324665.68,18325148.75,18325150.19,18327721.84,1,11,10,256.08,2560,2.560,0.256,4116136100,411613610,7850.91,0.73,0.00,-1,-1,0.00
dag_52fb11ac19314df7,unet_denoise_bc4e9b18,unet_denoise,3088750,18325148.75,18327721.84,18327842.69,18328701.76,2,1000,16,735.37,7353,7.353,0.735,3008244071,300824407,5737.77,0.83,0.00,-1,-1,0.00
dag_48ce7371571e408e,sampler_deb6a409,sampler,2443694,18327721.84,18328701.76,18328703.19,18328892.82,1,9,6,17.86,178,0.178,0.018,860334857,86033485,1640.96,0.88,0.00,-1,-1,0.00
dag_52fb11ac19314df7,sampler_e4e6ddd5,sampler,3088750,18328701.76,18328892.82,18328894.26,18329426.89,1,12,12,52.11,521,0.521,0.052,436172249,43617224,831.93,0.52,0.00,-1,-1,0.00
dag_48ce7371571e408e,unet_denoise_1dabe38f,unet_denoise,2443694,18328892.82,18329426.89,18329428.33,18332359.96,1,10,8,292.02,2920,2.920,0.292,4856831605,485683160,9263.67,0.84,0.00,-1,-1,0.00
dag_48ce7371571e408e,sampler_f6399728,sampler,2443694,18332359.96,18338691.40,18338692.85,18338926.49,1,11,10,22.24,222,0.222,0.022,518426476,51842647,988.82,0.70,0.00,-1,-1,0.00
dag_48ce7371571e408e,unet_denoise_36fa71e3,unet_denoise,2443694,18338926.49,18338926.49,18338927.94,18341764.58,1,11,10,282.54,2825,2.825,0.283,3298882659,329888265,6292.12,0.50,0.00,-1,-1,0.00
dag_48ce7371571e408e,sampler_806e1da0,sampler,2443694,18341764.58,18341764.58,18341766.02,18341965.65,1,13,14,18.81,188,0.188,0.019,318119791,31811979,606.77,0.67,0.00,-1,-1,0.00
dag_48ce7371571e408e,unet_denoise_d579cff2,unet_denoise,2443694,18341965.65,18341965.65,18342086.20,18342527.58,2,1000,16,318.04,3180,3.180,0.318,3073050142,307305014,5861.38,0.83,0.00,-1,-1,0.00
dag_48ce7371571e408e,sampler_ab726a87,sampler,2443694,18342527.58,18342527.58,18342529.03,18342736.67,1,13,14,19.68,196,0.196,0.020,494383126,49438312,942.96,0.73,0.00,-1,-1,0.00
dag_48ce7371571e408e,unet_denoise_be287ba6,unet_denoise,2443694,18342736.67,18342736.67,18342738.11,18345783.74,1,7,2,303.45,3034,3.034,0.303,2684917269,268491726,5121.07,0.55,0.00,-1,-1,0.00
dag_48ce7371571e408e,sampler_fcc39d68,sampler,2443694,18345783.74,18345783.74,18345785.17,18345990.79,1,12,12,19.45,194,0.194,0.019,325097899,32509789,620.08,0.45,0.00,-1,-1,0.00
dag_48ce7371571e408e,unet_denoise_a4529a62,unet_denoise,2443694,18345990.79,18345990.79,18345992.22,18348898.84,1,11,10,290.59,2905,2.905,0.291,3914750070,391475007,7466.79,0.59,0.00,-1,-1,0.00
dag_48ce7371571e408e,sampler_bf3ba6dd,sampler,2443694,18348898.84,18348898.84,18348900.26,18349111.88,1,11,10,20.02,200,0.200,0.020,537928547,53792854,1026.02,0.70,0.00,-1,-1,0.00
dag_48ce7371571e408e,unet_denoise_05a6c83e,unet_denoise,2443694,18349111.88,18349111.88,18349113.32,18352244.97,1,13,14,312.04,3120,3.120,0.312,2307930190,230793019,4402.03,0.53,0.00,-1,-1,0.00
dag_48ce7371571e408e,sampler_3ec2184e,sampler,2443694,18352244.97,18352244.97,18352365.83,18352509.49,2,1000,16,19.97,199,0.199,0.020,307348535,30734853,586.22,0.53,0.00,-1,-1,0.00
dag_48ce7371571e408e,unet_denoise_6ace7508,unet_denoise,2443694,18352509.49,18352509.49,18352510.93,18356092.56,1,9,6,358.06,3580,3.580,0.358,3482218051,348221805,6641.80,0.73,0.00,-1,-1,0.00
dag_48ce7371571e408e,sampler_e5b4b81d,sampler,2443694,18356092.56,18356092.56,18356093.99,18356320.62,1,13,14,21.52,215,0.215,0.022,452812952,45281295,863.67,0.48,0.00,-1,-1,0.00
dag_48ce7371571e408e,unet_denoise_3b3964b9,unet_denoise,2443694,18356320.62,18356320.62,18356322.06,18359737.69,1,9,6,340.44,3404,3.404,0.340,4334001163,433400116,8266.45,0.55,0.00,-1,-1,0.00
dag_48ce7371571e408e,sampler_2eecd06e,sampler,2443694,18359737.69,18359737.69,18359739.14,18359924.78,1,7,2,18.44,184,0.184,0.018,352376391,35237639,672.10,0.75,0.00,-1,-1,0.00
dag_48ce7371571e408e,unet_denoise_ab643277,unet_denoise,2443694,18359924.78,18359924.78,18359926.22,18362763.87,1,9,6,282.68,2826,2.826,0.283,2572348195,257234819,4906.36,0.42,0.00,-1,-1,0.00
dag_48ce7371571e408e,sampler_4262d67f,sampler,2443694,18362763.87,18362763.87,18362765.31,18362968.96,1,9,6,19.24,192,0.192,0.019,559163955,55916395,1066.52,0.84,0.00,-1,-1,0.00
dag_48ce7371571e408e,unet_denoise_33efc946,unet_denoise,2443694,18362968.96,18362968.96,18362970.38,18365021.00,1,12,12,203.97,2039,2.039,0.204,3977779623,397777962,7587.01,0.70,0.00,-1,-1,0.00
dag_48ce7371571e408e,sampler_b05dfe1a,sampler,2443694,18365021.00,18365021.00,18365022.43,18365224.06,1,9,6,19.05,190,0.190,0.019,213174581,21317458,406.60,0.78,0.00,-1,-1,0.00
dag_48ce7371571e408e,unet_denoise_9d29186b,unet_denoise,2443694,18365224.06,18365224.06,18365225.50,18367945.13,1,13,14,270.89,2708,2.708,0.271,1787652295,178765229,3409.68,0.57,0.00,-1,-1,0.00
dag_48ce7371571e408e,sampler_d41a71e4,sampler,2443694,18367945.13,18367945.13,18367946.55,18368135.17,1,9,6,17.72,177,0.177,0.018,464379351,46437935,885.73,0.41,0.00,-1,-1,0.00
dag_48ce7371571e408e,unet_denoise_646ba5fa,unet_denoise,2443694,18368135.17,18368135.17,18368255.85,18368675.00,2,1000,16,295.64,2956,2.956,0.296,3370850183,337085018,6429.39,0.41,0.00,-1,-1,0.00
dag_48ce7371571e408e,sampler_4ba35fa9,sampler,2443694,18368675.00,18368675.00,18368676.44,18368893.07,1,6,0,20.59,205,0.205,0.021,559216004,55921600,1066.62,0.90,0.00,-1,-1,0.00
dag_48ce7371571e408e,unet_denoise_7939862f,unet_denoise,2443694,18368893.07,18368893.07,18368894.50,18371940.13,1,6,0,303.41,3034,3.034,0.303,1334405838,133440583,2545.18,0.76,0.00,-1,-1,0.00
dag_48ce7371571e408e,sampler_902d597e,sampler,2443694,18371940.13,18371940.13,18371941.57,18372085.20,1,11,10,13.30,132,0.132,0.013,454535167,45453516,866.96,0.42,0.00,-1,-1,0.00
dag_48ce7371571e408e,unet_denoise_fede5cb5,unet_denoise,2443694,18372085.20,18372085.20,18372206.06,18372638.72,2,1000,16,308.97,3089,3.089,0.309,4950189234,495018923,9441.74,0.89,0.00,-1,-1,0.00
dag_48ce7371571e408e,sampler_58404660,sampler,2443694,18372638.72,18372638.72,18372640.16,18372866.81,1,8,4,21.56,215,0.215,0.022,536490084,53649008,1023.27,0.72,0.00,-1,-1,0.00
dag_48ce7371571e408e,vae_decode_1c2c5cb0,vae_decode,2443694,18372866.81,18372866.81,18372868.24,18382752.87,1,10,8,987.34,9873,9.873,0.987,1488136482,148813648,2838.40,0.61,0.00,-1,-1,0.00
